State_Name,District_Name,Crop_Year,Season,Crop,Area,Production
Karnataka,Hassan,2008,Whole Year,Sugarcane,1596.8,80771.1
Uttar Pradesh,Meerut,2010,Rabi,Groundnut,3625.9,3098.5
Maharashtra,Nashik,2013,Whole Year,Sugarcane,2462.1,246048.5
Uttar Pradesh,Lucknow,2010,Kharif,Rice,4097.3,10085.8
West Bengal,Bardhaman,2013,Kharif,Bajra,2896.9,3443.0
Haryana,Rohtak,2010,Kharif,Tur,2547.8,2605.2
West Bengal,Bardhaman,2006,Rabi,Potato,2313.8,55177.6
Tamil Nadu,Salem,2001,Kharif,Tur,2179.6,979.6
Punjab,Patiala,2002,Kharif,Cotton,3356.6,1404.4
Madhya Pradesh,Bhopal,2006,Rabi,Groundnut,4251.4,6365.4
Bihar,Bhagalpur,2003,Kharif,Cotton,840.9,354.5
Karnataka,Mysore,2009,Rabi,Groundnut,2986.8,4107.5
Madhya Pradesh,Indore,2014,Whole Year,Sugarcane,3160.3,250508.1
Punjab,Ludhiana,2008,Whole Year,Banana,3653.9,160989.2
Punjab,Ludhiana,2007,Kharif,Tur,1732.0,1526.3
Maharashtra,Pune,2006,Rabi,Onion,1722.2,35461.8
Uttar Pradesh,Meerut,2001,Kharif,Groundnut,2362.8,2735.4
West Bengal,Hooghly,2001,Rabi,Mustard,5605.5,6534.2
Tamil Nadu,Salem,2009,Rabi,Onion,989.3,14164.6
Karnataka,Mysore,2008,Rabi,Maize,2234.2,4629.1
Andhra Pradesh,Nellore,2012,Whole Year,Rice,3043.4,11285.6
Bihar,Patna,2007,Kharif,Jowar,2140.3,2364.7
Karnataka,Hassan,2007,Kharif,Tur,1375.8,526.2
Maharashtra,Nashik,2001,Kharif,Cotton,1551.6,903.9
Andhra Pradesh,Krishna,2007,Rabi,Wheat,5656.1,16622.2
Karnataka,Belgaum,2004,Kharif,Onion,2385.7,32265.4
Karnataka,Mysore,2010,Kharif,Groundnut,6068.6,7347.7
Maharashtra,Nashik,2008,Kharif,Jowar,4402.5,4874.5
Punjab,Patiala,2011,Kharif,Rice,2906.8,10670.2
Haryana,Karnal,2002,Rabi,Potato,4851.0,68619.1
Uttar Pradesh,Meerut,2012,Kharif,Cotton,1342.9,527.6
West Bengal,Hooghly,2013,Whole Year,Sugarcane,486.9,39480.7
Haryana,Rohtak,2009,Whole Year,Potato,10339.5,242960.0
Bihar,Patna,2002,Rabi,Gram,2968.6,2976.1
Punjab,Patiala,2007,Kharif,Tur,1752.6,1942.0
Karnataka,Belgaum,2014,Rabi,Wheat,859.1,2550.0
Uttar Pradesh,Meerut,2004,Whole Year,Sugarcane,3510.3,220321.8
Punjab,Patiala,2006,Rabi,Groundnut,4822.2,5804.9
Bihar,Bhagalpur,2004,Whole Year,Potato,1907.7,33820.7
Karnataka,Belgaum,2002,Kharif,Soyabean,5919.7,6028.0
Uttar Pradesh,Kanpur,2014,Kharif,Groundnut,5212.9,8547.5
Punjab,Ludhiana,2014,Kharif,Groundnut,5498.8,11826.6
Madhya Pradesh,Indore,2007,Kharif,Rice,2348.8,7714.7
Tamil Nadu,Salem,2011,Kharif,Tur,3498.3,2934.1
Punjab,Ludhiana,2002,Rabi,Maize,1547.3,5643.0
Karnataka,Mysore,2003,Rabi,Maize,592.7,1330.8
Maharashtra,Pune,2004,Kharif,Soyabean,5747.1,6378.3
Punjab,Patiala,2008,Whole Year,Rice,673.7,2071.3
Punjab,Amritsar,2005,Whole Year,Potato,1356.4,28419.6
Madhya Pradesh,Bhopal,2013,Kharif,Jowar,1688.6,2086.7
Punjab,Patiala,2013,Kharif,Tur,2766.2,3605.2
Uttar Pradesh,Meerut,2004,Kharif,Groundnut,2054.2,2896.1
Karnataka,Mysore,2001,Whole Year,Potato,1551.3,28469.2
Haryana,Karnal,2005,Kharif,Maize,4707.4,9404.3
Madhya Pradesh,Ujjain,2012,Kharif,Groundnut,4854.5,6030.2
West Bengal,Bardhaman,2001,Rabi,Mustard,1704.8,2921.8
Punjab,Patiala,2011,Kharif,Maize,2101.2,8244.7
Andhra Pradesh,Guntur,2006,Rabi,Potato,1397.1,31690.1
Karnataka,Hassan,2005,Whole Year,Banana,2247.0,76449.9
Karnataka,Hassan,2005,Whole Year,Sugarcane,2561.2,152263.1
Karnataka,Hassan,2001,Whole Year,Banana,1538.6,46059.1
Maharashtra,Pune,2001,Rabi,Onion,8308.4,155991.5
Punjab,Amritsar,2002,Rabi,Wheat,1829.0,6854.1
West Bengal,Nadia,2005,Kharif,Soyabean,3514.6,5280.1
Tamil Nadu,Thanjavur,2010,Rabi,Gram,1378.4,1262.4
Madhya Pradesh,Indore,2012,Rabi,Maize,7080.8,19254.6
Punjab,Ludhiana,2012,Whole Year,Rice,3585.5,12122.5
Uttar Pradesh,Kanpur,2007,Kharif,Bajra,1469.7,1628.3
Andhra Pradesh,Krishna,2008,Rabi,Wheat,2313.7,8388.3
Madhya Pradesh,Ujjain,2013,Rabi,Maize,3253.3,7687.4
Maharashtra,Pune,2003,Kharif,Maize,1682.5,5090.6
Uttar Pradesh,Meerut,2001,Rabi,Wheat,2656.3,7005.5
Madhya Pradesh,Ujjain,2003,Kharif,Soyabean,2271.7,2755.7
Madhya Pradesh,Bhopal,2011,Rabi,Potato,2321.8,73065.6
Bihar,Patna,2002,Whole Year,Rice,5863.7,16787.4
Maharashtra,Nashik,2004,Whole Year,Rice,2700.7,10514.5
West Bengal,Bardhaman,2012,Kharif,Tur,1836.3,1855.8
Bihar,Bhagalpur,2013,Rabi,Gram,512.2,472.3
Tamil Nadu,Thanjavur,2006,Whole Year,Potato,3855.3,69316.2
West Bengal,Nadia,2013,Whole Year,Potato,3203.2,73654.3
Punjab,Patiala,2014,Whole Year,Rice,3083.6,9662.0
Karnataka,Hassan,2002,Rabi,Gram,3374.3,2400.2
Haryana,Rohtak,2008,Whole Year,Potato,6800.1,112473.4
Madhya Pradesh,Indore,2001,Whole Year,Rice,8428.0,28270.8
Uttar Pradesh,Meerut,2002,Rabi,Onion,2739.8,35191.7
Tamil Nadu,Thanjavur,2004,Rabi,Gram,985.1,876.2
Haryana,Karnal,2006,Rabi,Wheat,4618.5,10112.6
Punjab,Patiala,2014,Kharif,Maize,6419.8,20683.0
Punjab,Amritsar,2003,Kharif,Cotton,850.8,432.3
Andhra Pradesh,Nellore,2012,Rabi,Groundnut,704.1,1079.6
Uttar Pradesh,Meerut,2012,Whole Year,Sugarcane,2050.7,158667.0
Karnataka,Hassan,2003,Rabi,Jowar,881.8,506.2
West Bengal,Hooghly,2009,Kharif,Onion,5024.6,86105.6
Andhra Pradesh,Guntur,2002,Whole Year,Banana,4087.2,198413.2
Punjab,Amritsar,2008,Rabi,Onion,3320.3,56107.5
Karnataka,Hassan,2013,Kharif,Maize,3060.7,6071.1
Uttar Pradesh,Meerut,2010,Whole Year,Rice,1291.1,3744.9
Karnataka,Belgaum,2009,Kharif,Cotton,2588.4,1246.6
Bihar,Bhagalpur,2001,Whole Year,Sugarcane,5168.2,275311.0
Punjab,Ludhiana,2007,Rabi,Gram,3744.5,4074.7
Uttar Pradesh,Meerut,2002,Rabi,Gram,3118.8,2600.3
Madhya Pradesh,Ujjain,2010,Rabi,Onion,3948.3,50460.6
Tamil Nadu,Coimbatore,2013,Kharif,Bajra,2324.0,1988.0
West Bengal,Hooghly,2010,Rabi,Maize,9723.8,25463.2
Uttar Pradesh,Meerut,2014,Kharif,Maize,8555.6,24339.4
Madhya Pradesh,Indore,2003,Kharif,Maize,3609.4,10278.7
Maharashtra,Nashik,2001,Kharif,Soyabean,7841.1,11917.2
Maharashtra,Nagpur,2012,Rabi,Groundnut,1639.7,2045.1
Karnataka,Hassan,2012,Kharif,Cotton,6739.6,1794.8
Tamil Nadu,Coimbatore,2014,Kharif,Bajra,4339.7,5194.3
Bihar,Bhagalpur,2005,Kharif,Rice,5646.0,13782.4
Tamil Nadu,Coimbatore,2013,Rabi,Maize,2395.6,7149.3
Punjab,Amritsar,2002,Kharif,Bajra,5564.3,10526.4
Tamil Nadu,Coimbatore,2002,Kharif,Maize,2016.2,4644.8
Tamil Nadu,Coimbatore,2010,Whole Year,Rice,1676.6,4114.2
Madhya Pradesh,Ujjain,2008,Kharif,Tur,4285.0,3015.1
Bihar,Bhagalpur,2003,Rabi,Mustard,3293.6,3924.3
Tamil Nadu,Coimbatore,2004,Rabi,Gram,2538.0,
Haryana,Hisar,2007,Rabi,Onion,6501.9,66421.4
Madhya Pradesh,Indore,2002,Whole Year,Sugarcane,,193382.8
Karnataka,Hassan,2002,Kharif,Tur,1534.6,942.3
Tamil Nadu,Thanjavur,2008,Kharif,Groundnut,6464.8,5978.7
Madhya Pradesh,Ujjain,2008,Whole Year,Sugarcane,8417.0,576501.7
Madhya Pradesh,Indore,2003,Rabi,Jowar,1062.4,891.6
Andhra Pradesh,Nellore,2010,Rabi,Potato,2435.2,42425.3
Uttar Pradesh,Kanpur,2007,Kharif,Onion,6949.1,89907.4
Madhya Pradesh,Bhopal,2004,Rabi,Groundnut,2676.4,2952.2
West Bengal,Hooghly,2007,Rabi,Onion,2258.4,29008.3
Punjab,Amritsar,2009,Rabi,Jowar,4449.5,4154.4
Uttar Pradesh,Meerut,2009,Kharif,Soyabean,3868.1,4969.6
Punjab,Ludhiana,2006,Kharif,Groundnut,2529.1,4047.0
Haryana,Rohtak,2004,Rabi,Gram,2498.1,2009.5
Maharashtra,Nagpur,2004,Rabi,Mustard,957.2,1342.8
Uttar Pradesh,Kanpur,2008,Kharif,Tur,2219.9,
Karnataka,Mysore,2002,Rabi,Maize,3704.5,11014.3
West Bengal,Hooghly,2013,Kharif,Rice,5381.4,18138.3
Maharashtra,Nagpur,2011,Rabi,Mustard,9156.5,16170.5
Tamil Nadu,Coimbatore,2009,Kharif,Tur,4812.2,3645.9
Karnataka,Mysore,2011,Kharif,Groundnut,960.9,1018.5
West Bengal,Hooghly,2006,Kharif,Bajra,4062.1,5478.6
Uttar Pradesh,Lucknow,2006,Rabi,Groundnut,2224.3,2122.6
Tamil Nadu,Coimbatore,2006,Kharif,Groundnut,2892.5,3534.7
Haryana,Karnal,2002,Rabi,Wheat,4278.5,11030.6
Tamil Nadu,Thanjavur,2007,Rabi,Mustard,4613.6,6392.3
Tamil Nadu,Thanjavur,2010,Whole Year,Rice,5404.2,14176.2
Karnataka,Hassan,2008,Rabi,Mustard,3984.5,5816.1
Madhya Pradesh,Indore,2010,Kharif,Onion,681.9,
Uttar Pradesh,Kanpur,2011,Rabi,Onion,2634.2,18982.6
Maharashtra,Nagpur,2008,Kharif,Cotton,3712.3,
Punjab,Patiala,2012,Rabi,Onion,1404.2,35641.1
Andhra Pradesh,Krishna,2014,Whole Year,Rice,1994.6,5770.2
Punjab,Patiala,2007,Rabi,Gram,4059.5,5307.3
Madhya Pradesh,Ujjain,2010,Rabi,Maize,3943.2,10986.4
Maharashtra,Nagpur,2014,Kharif,Bajra,6244.2,10555.9
Tamil Nadu,Salem,2008,Kharif,Tur,2429.0,1504.3
Andhra Pradesh,Krishna,2005,Kharif,Rice,4212.6,12457.5
Uttar Pradesh,Meerut,2001,Rabi,Onion,3635.4,59827.1
Maharashtra,Nagpur,2012,Kharif,Rice,3006.8,9718.1
Haryana,Rohtak,2013,Rabi,Wheat,4488.7,15635.4
Karnataka,Hassan,2013,Whole Year,Banana,1753.3,62325.7
Karnataka,Mysore,2005,Rabi,Onion,2961.8,34104.7
Andhra Pradesh,Guntur,2004,Rabi,Jowar,3527.7,3690.9
Maharashtra,Nagpur,2009,Whole Year,Potato,967.7,22589.2
West Bengal,Hooghly,2005,Whole Year,Potato,1600.9,34041.4
Andhra Pradesh,Guntur,2004,Kharif,Maize,3280.0,10835.0
Madhya Pradesh,Bhopal,2008,Kharif,Tur,2776.2,2744.3
Punjab,Ludhiana,2009,Kharif,Onion,1364.0,25997.2
Maharashtra,Nagpur,2013,Kharif,Groundnut,9606.1,14462.5
Andhra Pradesh,Nellore,2004,Kharif,Groundnut,1849.0,
Madhya Pradesh,Ujjain,2003,Whole Year,Sugarcane,1482.1,110691.5
Andhra Pradesh,Krishna,2013,Rabi,Onion,7678.6,111517.9
Bihar,Gaya,2007,Kharif,Cotton,7164.1,3961.2
West Bengal,Hooghly,2009,Rabi,Jowar,2222.9,2967.2
Andhra Pradesh,Nellore,2012,Kharif,Soyabean,4294.0,7120.7
Karnataka,Hassan,2004,Kharif,Tur,1364.6,1176.2
Karnataka,Mysore,2005,Kharif,Groundnut,2793.1,2325.2
Punjab,Amritsar,2010,Rabi,Wheat,2158.7,7416.2
Punjab,Ludhiana,2010,Kharif,Groundnut,2098.4,3263.4
Punjab,Ludhiana,2002,Rabi,Potato,3557.8,65954.3
Karnataka,Mysore,2009,Kharif,Tur,3348.1,2250.6
Karnataka,Mysore,2014,Kharif,Groundnut,3984.8,3891.7
West Bengal,Bardhaman,2005,Whole Year,Banana,4948.0,139596.9
Bihar,Patna,2006,Rabi,Gram,3955.5,4291.2
Bihar,Patna,2005,Kharif,Cotton,2615.7,1434.1
Karnataka,Mysore,2010,Kharif,Maize,1676.4,4450.7
West Bengal,Hooghly,2010,Kharif,Tur,2355.7,2203.3
Maharashtra,Nashik,2004,Rabi,Jowar,1671.1,2480.5
Uttar Pradesh,Lucknow,2004,Kharif,Bajra,1769.6,1832.8
Haryana,Hisar,2011,Kharif,Onion,2777.7,41272.7
Uttar Pradesh,Kanpur,2005,Whole Year,Sugarcane,4537.1,329966.2
Bihar,Gaya,2008,Rabi,Mustard,3001.5,4236.2
Uttar Pradesh,Meerut,2003,Whole Year,Sugarcane,1225.0,78539.8
Bihar,Gaya,2010,Kharif,Bajra,1968.8,2998.8
Uttar Pradesh,Meerut,2007,Rabi,Onion,2877.7,
Maharashtra,Pune,2014,Kharif,Maize,4264.5,13877.4
Andhra Pradesh,Nellore,2004,Rabi,Groundnut,3197.5,5816.3
Punjab,Patiala,2008,Rabi,Wheat,5843.4,24340.5
Bihar,Patna,2003,Rabi,Onion,1921.6,28574.6
Bihar,Patna,2003,Whole Year,Rice,938.0,2558.6
Uttar Pradesh,Kanpur,2006,Kharif,Bajra,3404.4,5044.1
Bihar,Bhagalpur,2014,Rabi,Potato,3053.0,62105.3
Tamil Nadu,Thanjavur,2001,Whole Year,Sugarcane,2700.1,
Haryana,Rohtak,2001,Kharif,Bajra,4509.1,4788.8
Karnataka,Hassan,2007,Rabi,Wheat,4270.8,11155.7
West Bengal,Hooghly,2008,Kharif,Tur,3062.5,2612.2
Bihar,Gaya,2013,Kharif,Soyabean,6235.1,7662.1
Bihar,Patna,2004,Whole Year,Rice,2297.4,5669.4
West Bengal,Hooghly,2006,Kharif,Groundnut,2715.8,3830.8
Maharashtra,Pune,2001,Rabi,Mustard,3593.5,4710.5
Andhra Pradesh,Nellore,2002,Rabi,Onion,2943.0,42569.1
Punjab,Amritsar,2009,Kharif,Groundnut,2289.1,3020.1
West Bengal,Bardhaman,2011,Rabi,Jowar,4823.3,3356.9
Maharashtra,Nashik,2008,Kharif,Soyabean,2020.3,2498.9
Haryana,Rohtak,2004,Rabi,Jowar,5507.5,5838.5
Karnataka,Mysore,2009,Rabi,Potato,2693.0,
Madhya Pradesh,Indore,2005,Whole Year,Rice,6054.3,20282.8
Bihar,Bhagalpur,2011,Kharif,Maize,643.0,1696.9
Andhra Pradesh,Nellore,2008,Rabi,Mustard,4769.5,9073.9
Karnataka,Hassan,2011,Whole Year,Banana,2286.5,58582.1
Andhra Pradesh,Guntur,2010,Kharif,Maize,1004.3,3917.9
Uttar Pradesh,Kanpur,2013,Kharif,Cotton,2125.9,857.3
Maharashtra,Nashik,2010,Kharif,Rice,5412.4,17940.7
Tamil Nadu,Thanjavur,2014,Kharif,Jowar,1888.9,2659.8
Karnataka,Mysore,2009,Kharif,Soyabean,2322.9,
Maharashtra,Nagpur,2010,Rabi,Potato,1939.1,37136.1
Karnataka,Hassan,2011,Kharif,Groundnut,3330.1,3265.6
Punjab,Amritsar,2006,Rabi,Maize,3409.4,9801.7
Punjab,Ludhiana,2014,Kharif,Onion,1703.1,29264.4
Bihar,Gaya,2011,Kharif,Cotton,6780.0,2470.1
West Bengal,Nadia,2013,Kharif,Bajra,2319.3,3706.2
Madhya Pradesh,Indore,2012,Kharif,Rice,6745.5,22502.4
Bihar,Gaya,2012,Kharif,Soyabean,636.6,510.3
West Bengal,Hooghly,2012,Whole Year,Potato,2932.1,83195.7
Uttar Pradesh,Kanpur,2005,Kharif,Jowar,4749.5,4186.4
Andhra Pradesh,Krishna,2011,Whole Year,Rice,4621.5,13822.4
Karnataka,Belgaum,2013,Rabi,Groundnut,2204.4,3152.9
Bihar,Bhagalpur,2006,Rabi,Potato,3843.8,88584.1
Karnataka,Hassan,2012,Rabi,Jowar,2559.3,2413.5
Andhra Pradesh,Nellore,2010,Kharif,Onion,4296.3,93345.3
Karnataka,Hassan,2007,Kharif,Maize,2097.1,5092.0
Haryana,Hisar,2001,Rabi,Mustard,4230.1,4033.6
Tamil Nadu,Salem,2009,Kharif,Jowar,2017.7,2355.0
Andhra Pradesh,Krishna,2010,Whole Year,Sugarcane,4628.9,321171.7
Karnataka,Mysore,2005,Rabi,Jowar,4877.1,4180.3
Andhra Pradesh,Krishna,2006,Rabi,Wheat,5747.1,18409.1
Bihar,Bhagalpur,2002,Rabi,Jowar,1639.7,2146.7
Punjab,Ludhiana,2010,Kharif,Tur,1449.1,1343.7
Madhya Pradesh,Indore,2012,Rabi,Groundnut,6568.0,8203.5
Tamil Nadu,Salem,2007,Rabi,Onion,2767.6,42212.3
Karnataka,Belgaum,2002,Kharif,Tur,1104.9,981.3
Andhra Pradesh,Nellore,2007,Kharif,Bajra,9358.4,13587.2
Maharashtra,Nagpur,2004,Whole Year,Rice,5975.6,17603.9
West Bengal,Hooghly,2011,Whole Year,Sugarcane,3220.2,287736.1
Uttar Pradesh,Kanpur,2011,Kharif,Cotton,1235.4,598.5
Uttar Pradesh,Lucknow,2011,Kharif,Cotton,899.6,451.5
Madhya Pradesh,Ujjain,2014,Whole Year,Banana,2546.1,85498.6
Tamil Nadu,Thanjavur,2003,Rabi,Mustard,1760.4,2070.3
Madhya Pradesh,Ujjain,2005,Kharif,Maize,1631.0,4529.6
Haryana,Hisar,2009,Kharif,Soyabean,1581.0,1517.5
Bihar,Bhagalpur,2006,Kharif,Tur,2216.7,1792.1
Karnataka,Hassan,2001,Kharif,Jowar,3805.2,3513.4
Maharashtra,Nashik,2014,Rabi,Mustard,4780.1,9480.5
Uttar Pradesh,Meerut,2008,Rabi,Jowar,3230.1,2353.4
Tamil Nadu,Salem,2002,Whole Year,Potato,4169.3,75426.0
Uttar Pradesh,Kanpur,2004,Rabi,Mustard,6076.4,5972.1
Karnataka,Belgaum,2006,Rabi,Potato,2714.7,60377.7
West Bengal,Hooghly,2004,Kharif,Maize,613.3,1892.7
Uttar Pradesh,Lucknow,2012,Rabi,Wheat,2916.3,8015.7
Madhya Pradesh,Ujjain,2013,Kharif,Soyabean,1198.9,1295.3
Maharashtra,Nagpur,2010,Kharif,Groundnut,2010.0,3330.6
Tamil Nadu,Thanjavur,2001,Kharif,Cotton,5174.4,2437.1
Madhya Pradesh,Bhopal,2005,Rabi,Jowar,1737.9,1638.8
Madhya Pradesh,Indore,2012,Kharif,Groundnut,2117.1,3408.6
Haryana,Karnal,2006,Kharif,Onion,3241.6,59677.4
West Bengal,Hooghly,2004,Whole Year,Potato,2149.0,46282.9
Karnataka,Belgaum,2006,Whole Year,Potato,2203.3,39380.4
Karnataka,Mysore,2009,Rabi,Gram,6971.2,5628.9
Tamil Nadu,Salem,2010,Kharif,Onion,7183.0,64934.5
West Bengal,Nadia,2001,Rabi,Potato,2438.3,47910.1
Tamil Nadu,Thanjavur,2001,Rabi,Jowar,4840.4,4096.8
Bihar,Gaya,2003,Kharif,Cotton,799.3,384.1
Madhya Pradesh,Bhopal,2002,Rabi,Gram,3385.6,3513.2
Karnataka,Hassan,2002,Rabi,Wheat,2180.8,6853.7
Punjab,Ludhiana,2005,Rabi,Maize,4088.8,11143.6
Andhra Pradesh,Krishna,2008,Kharif,Tur,3664.8,3843.0
Madhya Pradesh,Bhopal,2003,Rabi,Jowar,1291.8,1317.5
Tamil Nadu,Salem,2009,Kharif,Maize,3406.0,6888.0
Uttar Pradesh,Lucknow,2004,Kharif,Rice,6768.5,20182.0
Karnataka,Belgaum,2012,Kharif,Jowar,4140.4,2813.2
Punjab,Patiala,2009,Kharif,Maize,5499.8,17638.6
Andhra Pradesh,Nellore,2009,Whole Year,Rice,2584.7,9524.8
Punjab,Patiala,2009,Rabi,Maize,3585.4,12493.6
West Bengal,Bardhaman,2007,Kharif,Bajra,6083.0,8172.3
Tamil Nadu,Thanjavur,2004,Whole Year,Potato,2759.9,60838.6
Bihar,Patna,2004,Kharif,Cotton,1638.6,737.6
Maharashtra,Pune,2006,Rabi,Gram,6137.3,5596.1
West Bengal,Hooghly,2006,Kharif,Onion,2527.2,41865.1
Karnataka,Mysore,2003,Kharif,Rice,4018.8,9881.6
Madhya Pradesh,Indore,2007,Rabi,Mustard,2135.5,4122.6
Madhya Pradesh,Indore,2005,Kharif,Jowar,2176.1,2854.2
Maharashtra,Nagpur,2013,Whole Year,Rice,738.2,2679.6
Andhra Pradesh,Krishna,2010,Kharif,Tur,882.0,860.9
Tamil Nadu,Coimbatore,2001,Kharif,Jowar,4225.1,3006.0
Karnataka,Mysore,2011,Rabi,Onion,3301.1,59659.2
Maharashtra,Nagpur,2001,Rabi,Onion,3535.6,48452.4
Haryana,Hisar,2011,Kharif,Tur,972.0,669.5
Karnataka,Belgaum,2014,Kharif,Tur,,2439.9
Tamil Nadu,Coimbatore,2013,Rabi,Gram,2170.8,1608.9
Uttar Pradesh,Meerut,2010,Rabi,Wheat,3066.9,8817.5
Tamil Nadu,Salem,2008,Kharif,Bajra,719.2,887.4
Uttar Pradesh,Kanpur,2001,Rabi,Gram,4102.1,3217.0
Punjab,Amritsar,2008,Kharif,Jowar,821.2,791.1
Haryana,Rohtak,2010,Rabi,Groundnut,2754.9,3696.4
Karnataka,Mysore,2005,Kharif,Bajra,2740.2,2501.9
Madhya Pradesh,Indore,2007,Rabi,Gram,2485.9,2636.6
Punjab,Patiala,2013,Rabi,Onion,1377.8,32220.0
Karnataka,Mysore,2012,Kharif,Tur,2553.1,1960.7
Punjab,Ludhiana,2002,Whole Year,Potato,1525.5,33692.2
Tamil Nadu,Coimbatore,2013,Whole Year,Rice,4346.2,11073.1
Maharashtra,Pune,2011,Kharif,Bajra,2304.1,4259.8
Andhra Pradesh,Guntur,2012,Kharif,Maize,1284.5,4321.8
Andhra Pradesh,Nellore,2001,Rabi,Jowar,4756.4,6262.1
Maharashtra,Nagpur,2014,Kharif,Rice,8063.9,31883.1
Madhya Pradesh,Indore,2007,Kharif,Onion,1342.5,13073.8
Bihar,Gaya,2002,Rabi,Groundnut,3649.7,6451.7
West Bengal,Nadia,2009,Whole Year,Potato,2111.3,47841.5
Haryana,Karnal,2007,Rabi,Jowar,1616.8,1137.1
Maharashtra,Pune,2005,Kharif,Maize,7483.6,25007.0
Bihar,Gaya,2013,Rabi,Wheat,9498.8,30671.4
West Bengal,Hooghly,2013,Whole Year,Potato,5944.4,133766.7
Karnataka,Mysore,2003,Kharif,Tur,3098.2,3198.3
Andhra Pradesh,Nellore,2003,Rabi,Groundnut,3299.4,4728.3
Andhra Pradesh,Krishna,2012,Kharif,Rice,6458.8,20460.7
Maharashtra,Pune,2013,Kharif,Soyabean,694.9,1062.6
Uttar Pradesh,Kanpur,2011,Kharif,Bajra,1074.6,1209.1
Andhra Pradesh,Nellore,2008,Kharif,Jowar,2990.8,4174.4
Punjab,Amritsar,2011,Kharif,Soyabean,4211.5,5116.0
Uttar Pradesh,Meerut,2008,Kharif,Tur,1490.7,1255.4
Punjab,Amritsar,2004,Kharif,Tur,1143.1,944.7
Punjab,Ludhiana,2005,Rabi,Groundnut,1199.3,1725.9
Punjab,Ludhiana,2007,Whole Year,Potato,3701.5,52255.4
Bihar,Patna,2002,Whole Year,Sugarcane,2084.7,146006.4
West Bengal,Nadia,2005,Kharif,Bajra,3732.1,6012.6
Haryana,Rohtak,2007,Rabi,Wheat,1373.9,4368.0
Bihar,Patna,2006,Kharif,Groundnut,1409.5,1426.6
Karnataka,Mysore,2012,Whole Year,Potato,4087.4,83698.4
Tamil Nadu,Salem,2013,Whole Year,Banana,999.2,29303.9
Tamil Nadu,Coimbatore,2005,Rabi,Onion,1721.0,24818.2
Punjab,Ludhiana,2013,Whole Year,Potato,3154.2,59415.4
West Bengal,Nadia,2005,Whole Year,Banana,1606.9,66668.3
Maharashtra,Pune,2004,Rabi,Gram,2110.0,2012.1
Andhra Pradesh,Nellore,2009,Rabi,Potato,1446.7,34253.4
Punjab,Amritsar,2011,Kharif,Tur,5996.3,4530.0
Andhra Pradesh,Guntur,2004,Rabi,Maize,4519.8,13495.9
Karnataka,Mysore,2004,Kharif,Jowar,3177.9,3602.0
Maharashtra,Pune,2011,Rabi,Gram,1304.3,1526.3
Maharashtra,Pune,2006,Rabi,Groundnut,2551.0,4298.6
Bihar,Bhagalpur,2011,Kharif,Tur,1821.7,1635.6
Madhya Pradesh,Indore,2001,Kharif,Soyabean,4043.4,5564.8
Punjab,Ludhiana,2012,Kharif,Maize,3185.3,8529.2
Bihar,Gaya,2011,Whole Year,Rice,1840.8,6162.1
Karnataka,Belgaum,2007,Rabi,Mustard,5561.2,7607.8
Karnataka,Belgaum,2004,Rabi,Gram,4031.8,4620.2
Karnataka,Hassan,2004,Rabi,Mustard,2510.1,3854.6
Madhya Pradesh,Indore,2001,Kharif,Rice,4124.3,11499.8
Uttar Pradesh,Lucknow,2013,Rabi,Mustard,4706.7,8293.7
Haryana,Hisar,2001,Kharif,Soyabean,4595.9,4545.8
Punjab,Amritsar,2001,Kharif,Groundnut,2399.8,3409.7
Punjab,Amritsar,2008,Kharif,Tur,5073.6,4532.6
Tamil Nadu,Salem,2002,Rabi,Jowar,2720.6,2201.0
Maharashtra,Nashik,2003,Kharif,Bajra,1254.2,1498.6
Punjab,Amritsar,2001,Whole Year,Potato,1376.2,35944.6
West Bengal,Bardhaman,2009,Kharif,Rice,1409.6,4459.6
Tamil Nadu,Salem,2002,Kharif,Bajra,1301.7,1114.1
Haryana,Hisar,2013,Rabi,Mustard,3373.2,4462.7
Madhya Pradesh,Bhopal,2004,Rabi,Potato,2936.1,73868.9
Karnataka,Mysore,2002,Rabi,Groundnut,1856.0,2897.3
Uttar Pradesh,Meerut,2007,Rabi,Maize,6295.7,15354.0
Maharashtra,Nashik,2009,Kharif,Soyabean,4269.9,7358.7
Haryana,Rohtak,2006,Kharif,Groundnut,651.3,942.1
Karnataka,Hassan,2014,Kharif,Tur,933.3,616.6
Punjab,Patiala,2001,Kharif,Rice,5126.6,13414.7
Maharashtra,Nashik,2009,Rabi,Maize,3015.0,9033.3
West Bengal,Hooghly,2008,Rabi,Onion,1807.5,33293.9
Maharashtra,Nashik,2007,Kharif,Bajra,4869.1,7042.1
Bihar,Bhagalpur,2012,Rabi,Groundnut,797.4,967.6
Punjab,Patiala,2003,Kharif,Soyabean,5030.5,4847.5
Maharashtra,Pune,2012,Kharif,Groundnut,1716.1,2703.0
Punjab,Ludhiana,2012,Rabi,Groundnut,1994.8,2384.6
Karnataka,Hassan,2004,Kharif,Onion,4861.8,80245.6
Punjab,Amritsar,2007,Kharif,Tur,1161.4,1255.4
Bihar,Gaya,2008,Kharif,Tur,2410.6,2149.6
Punjab,Amritsar,2008,Kharif,Groundnut,2001.1,2466.4
Punjab,Amritsar,2011,Rabi,Wheat,1542.9,5595.0
Haryana,Hisar,2005,Kharif,Maize,494.9,1095.8
Uttar Pradesh,Lucknow,2001,Whole Year,Potato,6013.5,137791.2
Uttar Pradesh,Lucknow,2013,Kharif,Bajra,2958.6,3466.8
Andhra Pradesh,Krishna,2008,Whole Year,Sugarcane,1341.9,115127.8
Madhya Pradesh,Ujjain,2010,Whole Year,Banana,4170.1,158879.2
Karnataka,Belgaum,2005,Kharif,Soyabean,2334.2,2168.2
Madhya Pradesh,Ujjain,2001,Rabi,Maize,549.1,1662.6
Karnataka,Mysore,2012,Whole Year,Rice,3808.3,11579.8
Karnataka,Mysore,2009,Kharif,Bajra,3533.3,4451.2
Karnataka,Mysore,2005,Whole Year,Rice,1446.1,4545.9
Punjab,Ludhiana,2011,Rabi,Groundnut,2167.7,3205.7
Punjab,Amritsar,2006,Kharif,Groundnut,,1501.5
Uttar Pradesh,Meerut,2011,Rabi,Jowar,1234.3,1656.7
Haryana,Hisar,2003,Rabi,Gram,871.3,853.8
Andhra Pradesh,Krishna,2002,Whole Year,Rice,,3518.3
Andhra Pradesh,Nellore,2012,Kharif,Bajra,4218.7,5340.5
Karnataka,Mysore,2002,Whole Year,Potato,895.5,25355.4
Haryana,Hisar,2006,Kharif,Onion,2983.8,31084.1
Haryana,Karnal,2001,Kharif,Maize,1060.3,1655.4
Punjab,Ludhiana,2009,Whole Year,Rice,3532.1,11281.8
West Bengal,Bardhaman,2012,Rabi,Onion,8001.6,123102.3
Uttar Pradesh,Lucknow,2001,Whole Year,Sugarcane,2687.6,133794.2
Tamil Nadu,Coimbatore,2008,Kharif,Maize,3749.7,8359.2
West Bengal,Bardhaman,2006,Whole Year,Banana,6211.9,205479.6
West Bengal,Bardhaman,2010,Kharif,Cotton,2750.5,930.7
Andhra Pradesh,Nellore,2001,Kharif,Groundnut,4396.5,4881.6
Uttar Pradesh,Meerut,2011,Kharif,Tur,1337.9,1044.8
Maharashtra,Nashik,2009,Kharif,Jowar,3994.2,4611.3
Karnataka,Hassan,2008,Rabi,Onion,3629.3,55180.2
West Bengal,Nadia,2008,Kharif,Onion,10477.3,179363.1
Tamil Nadu,Coimbatore,2003,Rabi,Groundnut,3333.7,4538.7
Uttar Pradesh,Kanpur,2012,Whole Year,Potato,4238.8,82690.5
Haryana,Karnal,2006,Rabi,Onion,4741.1,48995.6
Haryana,Hisar,2011,Rabi,Onion,2047.6,37272.6
Haryana,Rohtak,2002,Kharif,Soyabean,3927.3,3423.5
Maharashtra,Nashik,2011,Rabi,Jowar,3815.1,4835.6
Andhra Pradesh,Guntur,2012,Rabi,Potato,1827.5,44005.5
Karnataka,Hassan,2003,Kharif,Tur,2679.4,2035.0
Andhra Pradesh,Guntur,2013,Kharif,Jowar,1550.5,1773.8
Karnataka,Mysore,2006,Whole Year,Sugarcane,4825.5,355006.7
Uttar Pradesh,Kanpur,2008,Whole Year,Potato,774.7,15040.5
West Bengal,Hooghly,2013,Rabi,Mustard,2322.8,3656.8
Maharashtra,Nashik,2014,Rabi,Jowar,2178.2,3024.9
Karnataka,Belgaum,2010,Kharif,Jowar,6032.2,6524.9
Uttar Pradesh,Meerut,2001,Kharif,Onion,1179.6,12318.1
Uttar Pradesh,Lucknow,2002,Kharif,Cotton,2169.0,1026.1
Punjab,Ludhiana,2008,Kharif,Rice,4372.0,13330.7
Tamil Nadu,Salem,2007,Rabi,Mustard,2058.2,2318.3
Uttar Pradesh,Meerut,2014,Rabi,Jowar,2407.7,2916.9
Punjab,Patiala,2010,Rabi,Gram,5507.8,5889.9
Uttar Pradesh,Kanpur,2014,Rabi,Gram,1908.6,2441.7
Uttar Pradesh,Kanpur,2001,Whole Year,Sugarcane,1975.5,138134.0
Bihar,Bhagalpur,2005,Rabi,Mustard,725.7,943.5
Punjab,Amritsar,2013,Kharif,Groundnut,1388.1,2710.8
Tamil Nadu,Thanjavur,2009,Rabi,Mustard,770.2,1245.1
West Bengal,Nadia,2002,Kharif,Rice,1837.5,6762.6
Bihar,Patna,2002,Rabi,Jowar,1840.9,1893.5
Haryana,Hisar,2012,Kharif,Soyabean,663.9,562.0
Karnataka,Belgaum,2009,Rabi,Wheat,2163.1,6418.8
Bihar,Patna,2012,Rabi,Mustard,4368.5,6155.0
Karnataka,Belgaum,2009,Whole Year,Potato,3979.8,73726.3
Bihar,Gaya,2011,Rabi,Gram,2510.2,2195.1
Maharashtra,Nagpur,2003,Kharif,Cotton,2491.3,1310.8
Maharashtra,Nashik,2001,Whole Year,Rice,4636.8,14551.0
West Bengal,Hooghly,2002,Rabi,Potato,2470.4,45799.5
Madhya Pradesh,Ujjain,2012,Rabi,Onion,2677.0,44860.6
Uttar Pradesh,Lucknow,2013,Rabi,Gram,1209.1,1260.3
Bihar,Gaya,2002,Kharif,Tur,4745.1,3653.7
Haryana,Hisar,2006,Whole Year,Sugarcane,4091.5,227321.5
West Bengal,Bardhaman,2010,Kharif,Rice,2257.6,6277.7
Madhya Pradesh,Ujjain,2007,Rabi,Groundnut,2700.5,4186.0
Haryana,Rohtak,2008,Rabi,Groundnut,4460.4,4745.0
Punjab,Patiala,2011,Whole Year,Banana,3290.7,180851.4
Uttar Pradesh,Kanpur,2014,Kharif,Jowar,4375.7,4534.4
Madhya Pradesh,Bhopal,2009,Whole Year,Sugarcane,5895.6,396425.2
Andhra Pradesh,Nellore,2001,Rabi,Potato,4942.5,122325.2
Andhra Pradesh,Krishna,2014,Kharif,Soyabean,5565.0,8165.8
Uttar Pradesh,Meerut,2006,Rabi,Jowar,4020.6,2256.0
Uttar Pradesh,Kanpur,2001,Rabi,Mustard,6442.4,8190.3
Punjab,Amritsar,2007,Rabi,Maize,2411.3,6668.3
Madhya Pradesh,Bhopal,2006,Kharif,Groundnut,1383.1,2158.9
Karnataka,Hassan,2001,Whole Year,Rice,1739.5,5278.8
West Bengal,Nadia,2009,Rabi,Potato,791.3,16837.7
Bihar,Patna,2014,Kharif,Cotton,3048.5,1368.6
Karnataka,Mysore,2003,Kharif,Bajra,4981.9,8850.9
Andhra Pradesh,Guntur,2007,Whole Year,Sugarcane,2184.7,198690.4
Uttar Pradesh,Kanpur,2010,Kharif,Groundnut,3557.3,4560.8
West Bengal,Hooghly,2009,Whole Year,Sugarcane,1698.7,
Madhya Pradesh,Bhopal,2007,Rabi,Maize,2554.6,7343.7
Karnataka,Belgaum,2005,Rabi,Mustard,2527.8,4004.5
Uttar Pradesh,Meerut,2014,Whole Year,Sugarcane,3151.4,176352.4
West Bengal,Nadia,2006,Rabi,Gram,2506.3,3031.5
Haryana,Karnal,2011,Rabi,Wheat,3689.9,10233.1
Karnataka,Hassan,2011,Kharif,Jowar,885.6,649.8
Madhya Pradesh,Ujjain,2013,Kharif,Groundnut,3999.7,5186.1
Punjab,Ludhiana,2008,Kharif,Onion,3943.7,58253.0
Uttar Pradesh,Kanpur,2004,Kharif,Jowar,2684.7,2933.7
Karnataka,Hassan,2005,Kharif,Rice,3980.1,7029.9
Bihar,Patna,2003,Rabi,Mustard,553.5,789.2
Haryana,Karnal,2008,Kharif,Jowar,1450.0,1225.0
Uttar Pradesh,Lucknow,2006,Whole Year,Banana,3171.9,64453.7
Tamil Nadu,Salem,2014,Kharif,Bajra,3958.6,6742.2
Bihar,Patna,2002,Rabi,Wheat,2403.7,7693.9
Punjab,Amritsar,2007,Kharif,Onion,2359.6,57766.8
Andhra Pradesh,Krishna,2004,Kharif,Rice,3294.5,10763.8
Andhra Pradesh,Krishna,2001,Whole Year,Rice,4021.0,9280.0
Tamil Nadu,Salem,2014,Rabi,Wheat,3382.5,9411.7
Uttar Pradesh,Kanpur,2010,Whole Year,Potato,2379.1,49086.6
Maharashtra,Pune,2006,Kharif,Bajra,2832.9,5184.1
Andhra Pradesh,Guntur,2010,Kharif,Cotton,2725.2,1367.6
Tamil Nadu,Coimbatore,2012,Kharif,Maize,2311.9,5422.3
Karnataka,Belgaum,2013,Kharif,Tur,6065.2,5018.6
Madhya Pradesh,Bhopal,2001,Rabi,Potato,2127.3,64258.1
Haryana,Karnal,2014,Rabi,Wheat,1327.2,3056.8
Madhya Pradesh,Ujjain,2010,Rabi,Mustard,5209.8,7601.5
Punjab,Ludhiana,2008,Kharif,Groundnut,1914.1,3368.9
Maharashtra,Nashik,2011,Rabi,Mustard,879.0,1525.9
West Bengal,Hooghly,2013,Rabi,Gram,2925.3,3387.6
Bihar,Gaya,2011,Rabi,Wheat,11431.4,42282.4
Punjab,Amritsar,2003,Rabi,Onion,3964.7,65062.7
West Bengal,Hooghly,2010,Rabi,Groundnut,3235.9,3833.2
Uttar Pradesh,Meerut,2014,Rabi,Maize,4627.1,12079.6
Tamil Nadu,Thanjavur,2011,Kharif,Rice,1962.2,5040.1
Madhya Pradesh,Ujjain,2004,Whole Year,Banana,3031.2,79159.7
Madhya Pradesh,Bhopal,2014,Kharif,Cotton,5005.0,3273.6
Tamil Nadu,Coimbatore,2008,Kharif,Onion,,32748.9
Maharashtra,Pune,2007,Kharif,Onion,3290.5,64303.0
West Bengal,Bardhaman,2007,Kharif,Onion,2851.9,50581.1
Haryana,Rohtak,2006,Rabi,Maize,3317.9,6509.7
Punjab,Ludhiana,2002,Rabi,Onion,1266.1,14093.5
Maharashtra,Pune,2013,Rabi,Onion,4427.3,82260.7
Uttar Pradesh,Meerut,2010,Kharif,Maize,4188.0,6430.3
Uttar Pradesh,Meerut,2011,Kharif,Groundnut,3847.6,3412.8
Tamil Nadu,Coimbatore,2010,Kharif,Bajra,1358.1,1520.5
Maharashtra,Nagpur,2005,Whole Year,Banana,2571.1,105073.1
Madhya Pradesh,Bhopal,2010,Rabi,Onion,1220.5,24011.8
Punjab,Patiala,2006,Kharif,Rice,1881.3,5877.3
Uttar Pradesh,Meerut,2014,Kharif,Rice,2875.5,9315.6
Madhya Pradesh,Indore,2008,Kharif,Bajra,1139.8,1298.2
Tamil Nadu,Thanjavur,2013,Whole Year,Potato,2863.3,49708.6
Haryana,Rohtak,2012,Kharif,Jowar,393.2,564.4
Punjab,Patiala,2010,Kharif,Soyabean,4936.4,7165.8
West Bengal,Bardhaman,2012,Kharif,Rice,4082.9,14238.6
Uttar Pradesh,Kanpur,2008,Rabi,Potato,3680.0,77907.8
Haryana,Rohtak,2014,Kharif,Soyabean,2332.4,3457.9
Punjab,Ludhiana,2005,Kharif,Tur,2035.9,1886.8
Bihar,Patna,2009,Kharif,Bajra,6693.8,9406.9
Bihar,Bhagalpur,2010,Rabi,Maize,1029.4,2261.9
Andhra Pradesh,Krishna,2012,Kharif,Cotton,4062.9,1772.9
Haryana,Rohtak,2002,Kharif,Jowar,1225.6,1510.3
Maharashtra,Nashik,2011,Kharif,Maize,4237.3,15771.2
Bihar,Bhagalpur,2009,Kharif,Groundnut,3793.1,2333.4
Madhya Pradesh,Indore,2014,Kharif,Maize,3280.3,10196.1
Madhya Pradesh,Ujjain,2008,Kharif,Onion,1312.7,26652.6
Uttar Pradesh,Meerut,2013,Rabi,Gram,3386.8,2113.7
Karnataka,Mysore,2013,Rabi,Jowar,3599.3,4193.0
Haryana,Hisar,2005,Kharif,Onion,4815.9,74491.2
Karnataka,Belgaum,2007,Kharif,Cotton,2928.6,1608.5
Punjab,Amritsar,2002,Kharif,Maize,2008.2,5593.3
Haryana,Hisar,2002,Rabi,Onion,1686.1,17546.3
Uttar Pradesh,Lucknow,2007,Kharif,Groundnut,515.5,505.1
Punjab,Ludhiana,2012,Whole Year,Banana,4510.0,210610.9
Andhra Pradesh,Krishna,2013,Kharif,Onion,1535.5,19251.0
Uttar Pradesh,Meerut,2014,Kharif,Groundnut,9033.4,12483.0
Punjab,Ludhiana,2010,Kharif,Cotton,1639.9,805.6
Andhra Pradesh,Nellore,2014,Rabi,Wheat,2053.1,6916.0
West Bengal,Bardhaman,2007,Rabi,Onion,3881.2,43869.3
Andhra Pradesh,Nellore,2004,Kharif,Rice,1234.5,3778.2
Andhra Pradesh,Nellore,2001,Rabi,Wheat,1989.4,6439.1
Madhya Pradesh,Indore,2009,Kharif,Soyabean,2296.2,3302.7
Andhra Pradesh,Krishna,2004,Rabi,Wheat,3738.2,11864.2
Bihar,Bhagalpur,2001,Kharif,Tur,2234.9,910.5
Uttar Pradesh,Meerut,2008,Kharif,Onion,8145.9,145721.9
West Bengal,Hooghly,2004,Rabi,Jowar,,3429.3
Haryana,Rohtak,2006,Rabi,Gram,1596.5,970.6
Uttar Pradesh,Kanpur,2008,Kharif,Bajra,3114.5,3084.3
Uttar Pradesh,Kanpur,2013,Kharif,Tur,3134.6,2586.7
Madhya Pradesh,Bhopal,2004,Kharif,Tur,4125.6,3133.2
Karnataka,Mysore,2002,Kharif,Groundnut,2922.0,4076.8
Maharashtra,Nagpur,2013,Kharif,Bajra,2644.1,3461.1
West Bengal,Bardhaman,2012,Rabi,Potato,2773.9,58991.8
Haryana,Karnal,2005,Rabi,Wheat,11060.2,27723.3
Bihar,Bhagalpur,2010,Rabi,Jowar,3678.7,2796.7
Punjab,Amritsar,2007,Kharif,Jowar,2148.6,2412.7
Punjab,Patiala,2013,Rabi,Maize,1920.5,5744.0
Madhya Pradesh,Indore,2003,Kharif,Cotton,3820.2,2604.4
Punjab,Amritsar,2012,Whole Year,Sugarcane,4852.5,426532.1
Madhya Pradesh,Indore,2011,Rabi,Onion,3573.2,56641.1
Maharashtra,Nagpur,2002,Whole Year,Banana,4244.0,127106.0
Uttar Pradesh,Meerut,2004,Kharif,Onion,1492.1,19872.3
Tamil Nadu,Salem,2003,Kharif,Maize,4354.4,8222.8
Punjab,Ludhiana,2012,Whole Year,Potato,3686.3,90246.2
Madhya Pradesh,Indore,2007,Rabi,Wheat,3404.7,14515.1
Tamil Nadu,Coimbatore,2013,Kharif,Jowar,4720.4,3191.0
Andhra Pradesh,Guntur,2001,Kharif,Tur,5611.1,4190.4
West Bengal,Bardhaman,2012,Rabi,Mustard,1466.7,2812.1
Punjab,Patiala,2013,Whole Year,Rice,6553.5,23539.2
Andhra Pradesh,Krishna,2002,Kharif,Tur,678.3,570.5
Karnataka,Belgaum,2002,Whole Year,Potato,1826.2,32031.7
Karnataka,Belgaum,2013,Rabi,Wheat,1609.8,5883.2
Andhra Pradesh,Guntur,2009,Rabi,Jowar,2563.7,3536.7
West Bengal,Hooghly,2005,Rabi,Wheat,3076.5,11080.4
Bihar,Gaya,2005,Kharif,Bajra,2482.9,2780.8
Tamil Nadu,Thanjavur,2007,Rabi,Potato,2397.8,48095.6
Andhra Pradesh,Guntur,2007,Kharif,Cotton,1695.1,1242.6
Bihar,Gaya,2010,Kharif,Soyabean,674.3,761.4
Madhya Pradesh,Bhopal,2006,Kharif,Onion,705.2,13098.4
Punjab,Ludhiana,2008,Rabi,Potato,8472.0,178408.3
Madhya Pradesh,Indore,2006,Kharif,Cotton,2282.8,1829.4
Madhya Pradesh,Bhopal,2011,Whole Year,Banana,2231.5,115590.1
Andhra Pradesh,Nellore,2013,Whole Year,Banana,7237.5,299157.4
Tamil Nadu,Coimbatore,2008,Whole Year,Rice,547.6,1228.5
Madhya Pradesh,Indore,2010,Rabi,Maize,2635.7,9431.2
Punjab,Amritsar,2006,Rabi,Groundnut,1779.6,2405.3
Andhra Pradesh,Guntur,2006,Whole Year,Banana,4587.0,160838.8
Uttar Pradesh,Meerut,2007,Kharif,Groundnut,3728.7,4766.8
Bihar,Bhagalpur,2013,Kharif,Jowar,2676.8,2817.3
Tamil Nadu,Thanjavur,2010,Rabi,Wheat,2978.5,7018.2
Karnataka,Hassan,2001,Rabi,Jowar,1405.0,1526.1
Andhra Pradesh,Nellore,2002,Kharif,Soyabean,4461.8,6013.4
Uttar Pradesh,Meerut,2005,Kharif,Maize,6845.2,13329.8
Punjab,Patiala,2003,Rabi,Wheat,3831.5,16022.8
Andhra Pradesh,Nellore,2014,Whole Year,Potato,7988.8,213338.7
Punjab,Ludhiana,2007,Whole Year,Banana,1797.9,76297.8
Bihar,Patna,2008,Kharif,Tur,2095.6,2154.6
Karnataka,Mysore,2004,Rabi,Maize,991.6,2887.3
Karnataka,Mysore,2007,Kharif,Groundnut,1835.2,2114.1
Andhra Pradesh,Krishna,2005,Kharif,Tur,8035.8,6486.4
Maharashtra,Nashik,2014,Rabi,Maize,579.7,1883.8
Haryana,Karnal,2004,Rabi,Jowar,5553.3,7126.7
Madhya Pradesh,Indore,2013,Kharif,Groundnut,6124.9,11283.8
Punjab,Amritsar,2013,Rabi,Groundnut,4131.1,4883.3
Haryana,Karnal,2002,Kharif,Jowar,2572.4,2259.8
Andhra Pradesh,Nellore,2006,Whole Year,Banana,5635.4,309327.2
Bihar,Gaya,2013,Whole Year,Rice,1413.6,4301.6
Uttar Pradesh,Lucknow,2012,Rabi,Potato,2698.9,
Andhra Pradesh,Guntur,2004,Kharif,Tur,1993.9,2590.3
West Bengal,Hooghly,2002,Kharif,Rice,3348.2,9630.2
Maharashtra,Nagpur,2005,Whole Year,Rice,2200.8,6532.2
Tamil Nadu,Salem,2004,Whole Year,Potato,2451.7,48169.8
Tamil Nadu,Salem,2008,Kharif,Maize,1685.6,3903.1
Andhra Pradesh,Guntur,2007,Rabi,Groundnut,1323.2,1894.4
Maharashtra,Nashik,2008,Rabi,Mustard,3281.2,5799.4
Punjab,Amritsar,2009,Rabi,Onion,5751.8,77955.0
Madhya Pradesh,Bhopal,2014,Kharif,Tur,6635.6,5124.1
West Bengal,Bardhaman,2003,Kharif,Bajra,1861.9,3730.3
Maharashtra,Pune,2014,Kharif,Bajra,2291.0,4494.5
Haryana,Rohtak,2002,Rabi,Gram,3152.3,2894.8
Karnataka,Hassan,2002,Kharif,Soyabean,4259.9,3273.0
Madhya Pradesh,Indore,2011,Kharif,Cotton,2207.2,1230.2
West Bengal,Hooghly,2008,Kharif,Bajra,9315.2,14386.5
Tamil Nadu,Salem,2009,Whole Year,Potato,1617.8,34811.5
Punjab,Amritsar,2004,Rabi,Maize,2303.0,6221.1
Andhra Pradesh,Nellore,2007,Whole Year,Potato,2838.8,
Bihar,Bhagalpur,2004,Kharif,Maize,1480.7,3755.1
Bihar,Bhagalpur,2006,Kharif,Rice,4360.9,11302.7
Karnataka,Belgaum,2012,Whole Year,Banana,7887.4,341958.2
West Bengal,Hooghly,2003,Rabi,Potato,3485.7,97970.1
Andhra Pradesh,Guntur,2002,Rabi,Jowar,2117.9,2215.6
Tamil Nadu,Coimbatore,2005,Kharif,Bajra,4377.3,6933.2
Punjab,Patiala,2013,Rabi,Groundnut,2690.3,3907.8
Punjab,Ludhiana,2009,Rabi,Maize,8935.0,21479.9
Haryana,Hisar,2003,Kharif,Soyabean,2217.6,1908.6
Karnataka,Belgaum,2014,Rabi,Gram,1936.3,1700.1
Karnataka,Hassan,2009,Rabi,Mustard,465.8,559.5
Madhya Pradesh,Bhopal,2012,Rabi,Jowar,1212.3,2127.5
Punjab,Amritsar,2008,Rabi,Groundnut,2756.1,5578.8
Karnataka,Belgaum,2004,Rabi,Mustard,3776.4,6414.9
Karnataka,Hassan,2012,Rabi,Wheat,2152.6,7022.3
West Bengal,Nadia,2010,Rabi,Gram,2817.7,4028.1
Andhra Pradesh,Krishna,2012,Rabi,Gram,2443.0,2521.0
Haryana,Hisar,2004,Kharif,Onion,3555.1,54750.5
Karnataka,Belgaum,2005,Whole Year,Potato,1241.6,19382.8
Haryana,Rohtak,2012,Rabi,Potato,4384.7,80985.0
Karnataka,Mysore,2009,Whole Year,Rice,1499.6,4584.9
Punjab,Ludhiana,2008,Kharif,Tur,7170.9,7089.5
Punjab,Patiala,2002,Kharif,Groundnut,5836.0,9095.6
Andhra Pradesh,Nellore,2011,Whole Year,Rice,950.4,3039.9
Karnataka,Hassan,2003,Whole Year,Sugarcane,1965.9,118165.6
Punjab,Amritsar,2014,Rabi,Onion,2585.9,37974.4
Andhra Pradesh,Guntur,2007,Kharif,Jowar,3854.9,4741.6
Uttar Pradesh,Lucknow,2006,Kharif,Rice,3052.8,6127.3
Tamil Nadu,Coimbatore,2010,Rabi,Potato,5904.4,108129.6
Bihar,Bhagalpur,2002,Whole Year,Rice,3774.9,10994.5
Punjab,Amritsar,2010,Rabi,Potato,4334.4,67882.0
Punjab,Ludhiana,2007,Rabi,Maize,3036.4,8946.1
Karnataka,Mysore,2005,Kharif,Tur,713.3,411.7
Karnataka,Mysore,2008,Kharif,Onion,2499.8,42871.3
Madhya Pradesh,Ujjain,2001,Kharif,Tur,3366.7,3147.4
Tamil Nadu,Salem,2007,Whole Year,Potato,2364.7,54357.2
Tamil Nadu,Coimbatore,2005,Whole Year,Rice,3145.1,7510.6
West Bengal,Bardhaman,2007,Kharif,Rice,2652.1,7670.4
Madhya Pradesh,Indore,2001,Kharif,Maize,2225.1,5990.1
Punjab,Ludhiana,2010,Whole Year,Rice,2749.0,10207.5
Uttar Pradesh,Meerut,2006,Kharif,Maize,2177.3,4099.3
Andhra Pradesh,Nellore,2011,Kharif,Groundnut,1944.8,2520.1
Uttar Pradesh,Lucknow,2008,Kharif,Groundnut,3041.7,3111.4
Bihar,Bhagalpur,2006,Rabi,Maize,1443.1,3469.4
Punjab,Patiala,2011,Rabi,Gram,2055.3,2258.5
Punjab,Ludhiana,2009,Rabi,Onion,1581.0,31223.6
West Bengal,Bardhaman,2014,Rabi,Wheat,4358.4,13688.2
Haryana,Karnal,2004,Rabi,Maize,3746.1,7450.2
Tamil Nadu,Thanjavur,2002,Rabi,Jowar,2508.6,2283.6
Punjab,Ludhiana,2012,Rabi,Maize,3368.4,10168.9
Bihar,Bhagalpur,2007,Rabi,Maize,1943.1,
Tamil Nadu,Thanjavur,2003,Kharif,Groundnut,4977.3,5999.6
Karnataka,Hassan,2007,Whole Year,Banana,2800.5,89571.2
Madhya Pradesh,Bhopal,2008,Kharif,Groundnut,448.1,750.2
Andhra Pradesh,Krishna,2008,Whole Year,Rice,5432.9,15094.3
Bihar,Bhagalpur,2006,Whole Year,Rice,4208.3,10012.9
Tamil Nadu,Salem,2010,Rabi,Potato,1447.0,25281.8
Punjab,Ludhiana,2004,Kharif,Soyabean,6118.4,5836.6
Andhra Pradesh,Nellore,2009,Whole Year,Sugarcane,3892.8,355738.9
Uttar Pradesh,Kanpur,2008,Kharif,Cotton,9915.1,5632.2
Uttar Pradesh,Meerut,2006,Kharif,Soyabean,,3885.8
Tamil Nadu,Thanjavur,2002,Whole Year,Sugarcane,3709.0,210384.4
Punjab,Patiala,2005,Rabi,Gram,2236.4,
Andhra Pradesh,Nellore,2013,Kharif,Onion,1043.7,24472.9
Uttar Pradesh,Lucknow,2002,Rabi,Mustard,536.5,795.5
West Bengal,Nadia,2010,Whole Year,Rice,5028.8,17555.2
Bihar,Bhagalpur,2009,Kharif,Tur,1683.4,1380.6
Maharashtra,Nashik,2011,Kharif,Cotton,3280.6,1735.8
Bihar,Patna,2008,Rabi,Groundnut,5158.2,3836.2
Uttar Pradesh,Lucknow,2002,Rabi,Gram,743.9,330.6
Bihar,Patna,2011,Kharif,Rice,3042.3,6882.5
Punjab,Patiala,2008,Kharif,Onion,3501.8,71019.7
Maharashtra,Nagpur,2007,Whole Year,Potato,1849.8,53734.9
Bihar,Gaya,2007,Kharif,Groundnut,7677.0,7360.8
Andhra Pradesh,Nellore,2004,Kharif,Bajra,4993.3,7136.3
Bihar,Bhagalpur,2010,Kharif,Tur,2882.5,2507.4
Punjab,Patiala,2006,Kharif,Tur,3972.9,4015.7
Tamil Nadu,Coimbatore,2011,Rabi,Maize,1666.1,4981.4
Haryana,Rohtak,2011,Rabi,Mustard,4083.8,5539.4
Karnataka,Mysore,2012,Kharif,Soyabean,828.9,965.9
Bihar,Patna,2002,Rabi,Mustard,9296.3,16465.5
Maharashtra,Nagpur,2008,Kharif,Groundnut,2024.5,3437.1
Bihar,Patna,2012,Kharif,Jowar,4339.5,6042.9
West Bengal,Bardhaman,2012,Whole Year,Rice,2035.2,6598.5
Karnataka,Mysore,2005,Whole Year,Potato,3003.2,59065.0
Andhra Pradesh,Krishna,2003,Kharif,Cotton,2208.3,1233.8
Tamil Nadu,Thanjavur,2004,Whole Year,Sugarcane,8453.1,450870.2
Karnataka,Mysore,2005,Kharif,Cotton,3816.9,1433.2
Tamil Nadu,Coimbatore,2004,Rabi,Onion,,50465.2
Punjab,Patiala,2006,Kharif,Cotton,7502.2,6207.4
Andhra Pradesh,Nellore,2010,Rabi,Jowar,3781.9,4512.1
Madhya Pradesh,Bhopal,2009,Rabi,Gram,5875.1,7270.0
Tamil Nadu,Coimbatore,2006,Kharif,Rice,1724.6,3203.8
Tamil Nadu,Salem,2008,Rabi,Jowar,3622.1,2658.2
West Bengal,Bardhaman,2008,Rabi,Mustard,1404.5,2740.0
Karnataka,Belgaum,2005,Rabi,Gram,2855.4,2947.3
Maharashtra,Pune,2002,Whole Year,Sugarcane,2458.9,192703.3
Haryana,Karnal,2009,Kharif,Rice,2378.5,6199.2
Uttar Pradesh,Lucknow,2006,Kharif,Cotton,2397.7,1437.3
Karnataka,Hassan,2001,Kharif,Onion,1281.4,11143.7
Punjab,Amritsar,2009,Rabi,Potato,1183.9,26227.0
Bihar,Bhagalpur,2009,Kharif,Maize,4912.1,8166.6
Punjab,Amritsar,2009,Rabi,Groundnut,6927.5,4999.1
Bihar,Patna,2014,Rabi,Onion,2215.4,33063.8
Maharashtra,Pune,2011,Rabi,Onion,2177.0,34780.6
Punjab,Amritsar,2011,Whole Year,Sugarcane,,803508.0
Bihar,Gaya,2005,Kharif,Rice,1417.5,3311.4
Uttar Pradesh,Kanpur,2013,Whole Year,Sugarcane,1227.3,90956.9
Tamil Nadu,Coimbatore,2014,Kharif,Maize,4899.3,15991.0
Maharashtra,Nashik,2007,Whole Year,Rice,10202.4,39924.5
Andhra Pradesh,Guntur,2001,Rabi,Gram,1017.0,1116.6
Karnataka,Hassan,2001,Kharif,Rice,1618.7,3503.2
Tamil Nadu,Salem,2013,Whole Year,Potato,1565.3,24221.5
Madhya Pradesh,Bhopal,2002,Whole Year,Potato,7593.1,193012.7
Maharashtra,Pune,2005,Kharif,Bajra,2917.6,3457.4
Madhya Pradesh,Indore,2001,Kharif,Jowar,2177.6,2145.6
Maharashtra,Nashik,2006,Kharif,Bajra,2093.5,3473.9
Tamil Nadu,Coimbatore,2003,Kharif,Cotton,1632.9,641.1
Punjab,Amritsar,2004,Rabi,Jowar,5356.1,6268.9
Uttar Pradesh,Meerut,2013,Kharif,Jowar,1437.8,1427.4
West Bengal,Bardhaman,2014,Whole Year,Sugarcane,1807.9,129670.4
Madhya Pradesh,Ujjain,2013,Rabi,Groundnut,1692.8,2370.2
West Bengal,Hooghly,2003,Rabi,Onion,2220.4,38027.1
Maharashtra,Nagpur,2007,Kharif,Cotton,4019.8,2290.2
Tamil Nadu,Coimbatore,2007,Rabi,Maize,8027.6,19794.7
Andhra Pradesh,Guntur,2011,Kharif,Tur,,3359.9
West Bengal,Bardhaman,2002,Kharif,Tur,2685.0,2093.1
West Bengal,Bardhaman,2004,Rabi,Potato,6514.1,116905.2
Madhya Pradesh,Indore,2010,Whole Year,Sugarcane,1016.9,99659.6
Madhya Pradesh,Indore,2012,Kharif,Jowar,3359.2,3940.9
Maharashtra,Pune,2004,Kharif,Maize,1699.7,5328.8
Tamil Nadu,Thanjavur,2008,Rabi,Wheat,4454.7,12493.6
Haryana,Rohtak,2009,Kharif,Maize,5092.4,16005.3
Uttar Pradesh,Meerut,2004,Rabi,Gram,1348.3,1094.2
Karnataka,Belgaum,2008,Rabi,Jowar,4615.2,2761.3
Madhya Pradesh,Bhopal,2002,Kharif,Rice,826.8,2122.1
Haryana,Rohtak,2005,Rabi,Maize,1180.2,2167.7
West Bengal,Nadia,2010,Kharif,Bajra,3353.7,4631.6
Uttar Pradesh,Lucknow,2013,Whole Year,Sugarcane,2141.9,175893.2
Madhya Pradesh,Indore,2004,Rabi,Maize,1656.9,4022.5
Tamil Nadu,Coimbatore,2002,Rabi,Groundnut,2214.3,1443.2
West Bengal,Hooghly,2002,Kharif,Jowar,,5620.1
West Bengal,Nadia,2010,Kharif,Onion,1765.1,38011.1
Madhya Pradesh,Indore,2004,Whole Year,Sugarcane,1207.4,103197.2
Haryana,Hisar,2011,Rabi,Mustard,6899.4,
Punjab,Ludhiana,2011,Kharif,Bajra,2727.4,4623.8
Uttar Pradesh,Lucknow,2006,Kharif,Groundnut,,3928.6
Tamil Nadu,Salem,2011,Whole Year,Potato,6641.7,57555.4
Haryana,Rohtak,2002,Rabi,Wheat,4250.4,14023.4
Madhya Pradesh,Bhopal,2009,Kharif,Maize,2423.0,8051.1
Maharashtra,Pune,2002,Kharif,Maize,2113.1,7290.0
West Bengal,Hooghly,2008,Kharif,Soyabean,4139.8,6542.7
Bihar,Patna,2012,Whole Year,Sugarcane,2480.8,202955.9
Tamil Nadu,Coimbatore,2008,Kharif,Cotton,1823.4,693.2
Andhra Pradesh,Nellore,2007,Kharif,Rice,1511.2,
Punjab,Amritsar,2010,Rabi,Onion,2704.6,43184.8
Madhya Pradesh,Bhopal,2014,Kharif,Jowar,1052.9,1372.5
Uttar Pradesh,Kanpur,2011,Kharif,Onion,2795.6,44729.5
Andhra Pradesh,Krishna,2006,Rabi,Gram,1198.8,1084.7
Haryana,Rohtak,2004,Rabi,Mustard,4424.7,6409.6
Karnataka,Hassan,2006,Rabi,Gram,7460.4,6149.4
Tamil Nadu,Thanjavur,2009,Whole Year,Sugarcane,2309.2,158749.5
Bihar,Patna,2007,Kharif,Cotton,2311.0,1180.2
Maharashtra,Nagpur,2014,Kharif,Soyabean,,5548.5
Bihar,Patna,2007,Whole Year,Sugarcane,6035.5,291498.9
Bihar,Patna,2004,Rabi,Groundnut,3002.6,3061.0
Andhra Pradesh,Nellore,2012,Rabi,Wheat,7189.2,29531.7
Karnataka,Mysore,2008,Kharif,Bajra,2504.1,4046.3
Bihar,Patna,2002,Kharif,Jowar,758.8,865.6
Uttar Pradesh,Kanpur,2006,Rabi,Mustard,1934.0,2793.5
Haryana,Rohtak,2013,Kharif,Soyabean,4796.2,6251.0
Bihar,Gaya,2001,Whole Year,Rice,1747.6,4224.2
Punjab,Amritsar,2014,Rabi,Maize,1080.9,3281.0
Andhra Pradesh,Nellore,2007,Rabi,Jowar,4416.9,3627.7
Andhra Pradesh,Nellore,2003,Kharif,Rice,1748.0,4662.4
Bihar,Patna,2013,Whole Year,Rice,2628.5,6879.7
Tamil Nadu,Coimbatore,2008,Kharif,Soyabean,2291.0,2828.6
Andhra Pradesh,Guntur,2007,Kharif,Tur,6052.4,6128.5
Tamil Nadu,Thanjavur,2007,Kharif,Groundnut,3241.7,3777.1
Tamil Nadu,Thanjavur,2005,Rabi,Wheat,2003.0,
Andhra Pradesh,Nellore,2012,Kharif,Onion,2401.8,48838.4
Bihar,Gaya,2004,Whole Year,Rice,2257.4,6904.9
Maharashtra,Nashik,2014,Rabi,Gram,1227.0,1419.3
West Bengal,Bardhaman,2006,Rabi,Jowar,4029.7,4420.8
West Bengal,Bardhaman,2013,Whole Year,Rice,1948.9,
West Bengal,Bardhaman,2004,Kharif,Tur,2420.9,2251.3
Andhra Pradesh,Guntur,2006,Rabi,Maize,2112.7,5530.0
Andhra Pradesh,Guntur,2011,Rabi,Gram,2742.2,2927.1
Tamil Nadu,Coimbatore,2006,Rabi,Onion,6376.1,73956.5
Karnataka,Hassan,2002,Whole Year,Rice,2912.3,5721.3
Punjab,Patiala,2002,Rabi,Groundnut,3212.1,4106.0
Tamil Nadu,Salem,2014,Whole Year,Banana,1753.4,52352.5
Uttar Pradesh,Kanpur,2006,Kharif,Jowar,4715.5,3955.6
Haryana,Karnal,2004,Kharif,Cotton,2224.1,1000.6
Uttar Pradesh,Lucknow,2009,Rabi,Wheat,5282.0,18034.0
Andhra Pradesh,Nellore,2003,Rabi,Onion,1020.0,22283.8
Tamil Nadu,Salem,2012,Whole Year,Rice,3924.6,8546.2
Andhra Pradesh,Guntur,2008,Whole Year,Banana,2936.6,143256.8
Haryana,Rohtak,2013,Kharif,Groundnut,1870.0,2538.7
Madhya Pradesh,Indore,2010,Kharif,Soyabean,1505.0,2178.7
Karnataka,Mysore,2014,Kharif,Cotton,3992.2,2300.5
Uttar Pradesh,Meerut,2006,Kharif,Groundnut,6362.3,8179.7
Bihar,Gaya,2007,Rabi,Gram,1022.7,600.7
Punjab,Amritsar,2007,Rabi,Groundnut,1204.7,1699.2
Karnataka,Mysore,2003,Kharif,Onion,3436.6,44661.9
Punjab,Amritsar,2012,Kharif,Tur,1960.8,2225.4
Karnataka,Mysore,2013,Kharif,Groundnut,2136.6,3545.5
Uttar Pradesh,Meerut,2011,Whole Year,Rice,4055.2,9411.7
Tamil Nadu,Salem,2013,Kharif,Tur,2114.2,1398.0
Tamil Nadu,Coimbatore,2003,Whole Year,Rice,4661.6,10634.7
Karnataka,Hassan,2004,Kharif,Groundnut,1196.3,1194.8
Haryana,Rohtak,2006,Kharif,Bajra,1142.3,1410.2
Karnataka,Belgaum,2010,Rabi,Groundnut,2136.4,2536.8
Madhya Pradesh,Ujjain,2003,Rabi,Maize,5077.4,11681.0
Uttar Pradesh,Meerut,2009,Kharif,Onion,1029.0,19189.2
Karnataka,Hassan,2014,Kharif,Onion,4873.1,66182.6
Madhya Pradesh,Bhopal,2002,Kharif,Jowar,4822.1,6406.1
Haryana,Hisar,2002,Kharif,Onion,1417.2,19398.2
Punjab,Amritsar,2008,Rabi,Wheat,1963.9,6881.8
Punjab,Amritsar,2001,Kharif,Onion,3007.8,38322.6
Andhra Pradesh,Nellore,2004,Rabi,Jowar,2967.7,4102.4
Punjab,Patiala,2008,Whole Year,Sugarcane,888.8,84585.7
Punjab,Amritsar,2005,Rabi,Jowar,2665.4,3261.9
Maharashtra,Nashik,2001,Rabi,Mustard,8244.5,12698.0
Uttar Pradesh,Meerut,2010,Kharif,Tur,3337.9,2485.7
Haryana,Karnal,2012,Kharif,Rice,5587.2,11660.3
Uttar Pradesh,Meerut,2005,Kharif,Bajra,6066.3,6981.3
Andhra Pradesh,Nellore,2010,Kharif,Groundnut,7274.9,6754.8
Uttar Pradesh,Kanpur,2006,Whole Year,Sugarcane,1862.7,141847.8
Karnataka,Hassan,2013,Whole Year,Rice,3837.4,11683.7
Haryana,Rohtak,2008,Kharif,Bajra,1650.7,1657.3
West Bengal,Hooghly,2006,Rabi,Mustard,1194.6,1837.7
Bihar,Bhagalpur,2008,Whole Year,Potato,4516.0,66230.8
Tamil Nadu,Coimbatore,2003,Rabi,Gram,2853.1,1719.4
Uttar Pradesh,Meerut,2006,Rabi,Wheat,3017.4,8770.5
Maharashtra,Nashik,2004,Kharif,Jowar,3614.0,5271.1
Tamil Nadu,Coimbatore,2011,Rabi,Potato,2597.6,42769.0
Maharashtra,Nashik,2010,Rabi,Gram,2503.4,2555.9
Uttar Pradesh,Lucknow,2005,Rabi,Wheat,7087.1,23165.3
Uttar Pradesh,Kanpur,2002,Kharif,Tur,6572.9,6455.7
Bihar,Bhagalpur,2011,Rabi,Groundnut,2065.2,3198.8
Punjab,Ludhiana,2014,Whole Year,Potato,1603.9,31512.8
Bihar,Bhagalpur,2002,Whole Year,Banana,3008.6,93601.4
Haryana,Karnal,2011,Kharif,Cotton,1807.2,686.8
Tamil Nadu,Salem,2006,Rabi,Jowar,3107.4,2336.5
Tamil Nadu,Coimbatore,2002,Kharif,Jowar,2869.9,2939.0
Haryana,Hisar,2006,Rabi,Onion,7583.1,116787.2
Haryana,Rohtak,2010,Whole Year,Sugarcane,3037.6,232241.8
Uttar Pradesh,Meerut,2003,Rabi,Groundnut,3540.8,3692.7
Uttar Pradesh,Lucknow,2012,Rabi,Groundnut,4195.1,3140.2
Tamil Nadu,Salem,2011,Kharif,Rice,4087.4,10648.5
Bihar,Patna,2010,Rabi,Groundnut,2564.7,3742.0
Uttar Pradesh,Lucknow,2011,Kharif,Bajra,4270.0,7157.6
Madhya Pradesh,Bhopal,2006,Kharif,Jowar,1825.3,2411.7
Punjab,Patiala,2007,Kharif,Maize,639.8,2068.8
Karnataka,Mysore,2011,Kharif,Rice,9810.2,29203.2
Tamil Nadu,Thanjavur,2009,Kharif,Cotton,7711.0,1486.3
Haryana,Rohtak,2014,Rabi,Groundnut,2132.5,3184.7
Karnataka,Mysore,2008,Rabi,Jowar,1605.1,1823.3
Maharashtra,Pune,2001,Kharif,Bajra,1173.6,1721.9
Punjab,Patiala,2011,Kharif,Tur,1051.4,1278.0
Andhra Pradesh,Krishna,2011,Kharif,Rice,4418.4,11117.9
Uttar Pradesh,Meerut,2004,Rabi,Groundnut,4723.8,6546.0
Andhra Pradesh,Guntur,2004,Whole Year,Potato,2178.0,
Bihar,Patna,2013,Rabi,Mustard,,5650.3
Andhra Pradesh,Guntur,2004,Whole Year,Sugarcane,2023.2,175688.2
Karnataka,Hassan,2003,Rabi,Groundnut,7724.3,9002.0
Uttar Pradesh,Kanpur,2012,Kharif,Tur,3008.6,2610.8
Madhya Pradesh,Bhopal,2011,Kharif,Cotton,1211.2,745.9
Haryana,Hisar,2006,Whole Year,Rice,2426.8,5440.5
Maharashtra,Nagpur,2013,Kharif,Soyabean,1945.7,2911.4
Andhra Pradesh,Nellore,2003,Rabi,Gram,658.1,713.2
Andhra Pradesh,Krishna,2009,Kharif,Jowar,3716.2,4426.9
Andhra Pradesh,Krishna,2009,Kharif,Cotton,4511.5,1437.5
Bihar,Patna,2007,Kharif,Tur,4498.4,3925.2
Karnataka,Hassan,2003,Kharif,Maize,6406.3,15783.5
Haryana,Rohtak,2002,Rabi,Jowar,1738.2,1818.6
West Bengal,Hooghly,2007,Kharif,Soyabean,4818.7,6137.7
Andhra Pradesh,Guntur,2003,Rabi,Potato,1708.9,44687.4
Karnataka,Mysore,2002,Kharif,Cotton,4206.3,2318.1
Uttar Pradesh,Meerut,2011,Rabi,Groundnut,3705.2,4539.7
Haryana,Hisar,2002,Kharif,Maize,8494.0,17699.9
Maharashtra,Nashik,2010,Kharif,Cotton,1696.8,1104.2
Maharashtra,Nagpur,2013,Whole Year,Potato,6194.2,134590.9
West Bengal,Bardhaman,2001,Rabi,Potato,2405.5,33152.2
Punjab,Ludhiana,2008,Whole Year,Rice,5255.8,15593.8
Bihar,Bhagalpur,2002,Kharif,Tur,571.1,485.0
Karnataka,Mysore,2001,Kharif,Tur,3114.4,1862.0
Haryana,Rohtak,2005,Rabi,Jowar,6105.3,4667.0
Punjab,Amritsar,2004,Rabi,Groundnut,2077.6,2606.4
Karnataka,Belgaum,2008,Kharif,Jowar,764.9,883.1
West Bengal,Nadia,2011,Whole Year,Banana,4655.7,232961.3
Tamil Nadu,Salem,2002,Kharif,Tur,3110.5,1921.5
Maharashtra,Pune,2003,Kharif,Rice,4513.5,14265.5
Karnataka,Mysore,2014,Kharif,Rice,1096.1,2577.9
Haryana,Karnal,2004,Whole Year,Potato,856.3,15455.8
Karnataka,Hassan,2014,Kharif,Rice,2462.3,6062.9
Karnataka,Hassan,2014,Rabi,Groundnut,5910.8,8420.9
Haryana,Hisar,2009,Whole Year,Sugarcane,2280.9,138019.0
Maharashtra,Nashik,2002,Rabi,Mustard,3036.7,5289.7
Haryana,Rohtak,2013,Rabi,Jowar,1762.8,1640.1
West Bengal,Hooghly,2009,Kharif,Bajra,2520.0,4336.9
Tamil Nadu,Coimbatore,2012,Kharif,Onion,3709.2,33369.1
Haryana,Hisar,2009,Kharif,Groundnut,4840.6,6554.6
Andhra Pradesh,Nellore,2002,Whole Year,Sugarcane,2386.5,170706.8
Haryana,Rohtak,2003,Rabi,Jowar,3139.0,2033.6
Karnataka,Mysore,2004,Kharif,Rice,2606.0,8311.9
Bihar,Patna,2002,Kharif,Bajra,6006.2,10166.6
West Bengal,Nadia,2005,Whole Year,Rice,3281.0,10938.8
West Bengal,Bardhaman,2004,Kharif,Onion,1055.8,16768.9
Bihar,Patna,2011,Kharif,Jowar,1830.7,1945.5
Tamil Nadu,Salem,2003,Rabi,Wheat,8076.8,21443.6
Tamil Nadu,Thanjavur,2011,Rabi,Gram,2527.7,2707.4
West Bengal,Nadia,2006,Kharif,Rice,4127.1,15680.8
West Bengal,Hooghly,2014,Kharif,Maize,2256.0,
Haryana,Hisar,2012,Kharif,Tur,1161.0,709.6
Madhya Pradesh,Bhopal,2005,Kharif,Rice,1188.2,3756.5
Uttar Pradesh,Meerut,2001,Rabi,Maize,2368.8,5441.1
Uttar Pradesh,Lucknow,2009,Whole Year,Banana,5075.9,151567.0
Tamil Nadu,Salem,2002,Kharif,Rice,4564.1,7489.0
Bihar,Bhagalpur,2011,Whole Year,Potato,2640.2,47410.5
Haryana,Rohtak,2013,Rabi,Mustard,3503.8,4889.7
Punjab,Patiala,2010,Kharif,Onion,3265.3,83711.0
Punjab,Patiala,2007,Kharif,Groundnut,1155.7,2103.6
Andhra Pradesh,Guntur,2002,Rabi,Potato,3041.9,84351.6
Maharashtra,Nashik,2002,Rabi,Maize,3669.6,10316.0
Tamil Nadu,Salem,2012,Rabi,Mustard,3590.2,3933.0
West Bengal,Hooghly,2011,Kharif,Onion,1924.7,31082.8
Karnataka,Mysore,2005,Rabi,Groundnut,3571.2,6287.2
West Bengal,Bardhaman,2006,Whole Year,Sugarcane,1839.9,117089.0
Maharashtra,Pune,2009,Rabi,Onion,,59679.8
West Bengal,Bardhaman,2002,Kharif,Bajra,1672.0,2643.4
Punjab,Ludhiana,2005,Kharif,Rice,2604.3,8891.0
West Bengal,Bardhaman,2014,Whole Year,Banana,2077.4,65993.8
Tamil Nadu,Thanjavur,2014,Rabi,Wheat,3198.2,9593.3
Punjab,Amritsar,2014,Kharif,Groundnut,3781.5,5089.6
Maharashtra,Nashik,2012,Kharif,Jowar,816.6,846.2
Uttar Pradesh,Meerut,2008,Kharif,Cotton,2343.3,804.4
Madhya Pradesh,Bhopal,2001,Whole Year,Potato,7371.0,181280.3
Punjab,Patiala,2004,Whole Year,Sugarcane,3118.4,240945.7
Madhya Pradesh,Ujjain,2010,Rabi,Groundnut,1390.6,1891.0
Haryana,Karnal,2001,Rabi,Wheat,1917.6,4373.4
Andhra Pradesh,Nellore,2008,Whole Year,Potato,1793.2,40058.8
Madhya Pradesh,Bhopal,2002,Kharif,Onion,1393.5,24273.3
Bihar,Bhagalpur,2008,Rabi,Groundnut,1086.7,1023.0
Karnataka,Hassan,2010,Rabi,Maize,1097.8,2045.0
Punjab,Patiala,2006,Whole Year,Banana,1461.5,63707.8
Tamil Nadu,Coimbatore,2007,Kharif,Bajra,1769.1,2237.8
Andhra Pradesh,Krishna,2012,Rabi,Onion,3958.0,82155.7
Bihar,Gaya,2010,Rabi,Groundnut,1083.4,1113.0
Karnataka,Belgaum,2001,Kharif,Soyabean,5542.1,6984.0
West Bengal,Hooghly,2008,Kharif,Jowar,1507.3,1670.9
Punjab,Amritsar,2004,Kharif,Onion,1626.1,26906.9
Punjab,Patiala,2012,Rabi,Potato,1938.2,54879.5
Punjab,Ludhiana,2003,Rabi,Maize,1908.3,5040.4
Madhya Pradesh,Bhopal,2001,Kharif,Cotton,2060.6,1189.5
Tamil Nadu,Thanjavur,2014,Rabi,Mustard,3178.7,3079.1
Punjab,Ludhiana,2009,Kharif,Maize,2056.9,6336.7
Maharashtra,Pune,2010,Whole Year,Sugarcane,1384.8,131738.0
Uttar Pradesh,Lucknow,2002,Whole Year,Potato,770.0,12262.8
Uttar Pradesh,Lucknow,2007,Kharif,Cotton,4830.3,2306.4
Haryana,Hisar,2013,Whole Year,Sugarcane,1990.3,112629.0
Uttar Pradesh,Meerut,2005,Rabi,Onion,5762.6,80593.3
Uttar Pradesh,Lucknow,2005,Rabi,Maize,6715.0,16362.5
Maharashtra,Nashik,2007,Rabi,Mustard,1164.0,1893.0
West Bengal,Hooghly,2005,Rabi,Potato,4228.2,90711.8
Maharashtra,Pune,2008,Rabi,Maize,2903.0,8432.4
Bihar,Gaya,2014,Kharif,Groundnut,4612.0,5760.0
Karnataka,Hassan,2005,Kharif,Maize,1746.5,
Madhya Pradesh,Bhopal,2001,Rabi,Groundnut,1364.6,2492.4
Haryana,Rohtak,2003,Rabi,Maize,1189.4,2350.7
Uttar Pradesh,Kanpur,2002,Kharif,Cotton,1866.8,805.7
Madhya Pradesh,Indore,2006,Rabi,Onion,2487.6,42389.9
Tamil Nadu,Salem,2006,Kharif,Jowar,2198.1,1562.8
Madhya Pradesh,Indore,2010,Kharif,Jowar,2613.1,3294.9
Andhra Pradesh,Nellore,2003,Whole Year,Banana,3134.5,148566.8
Karnataka,Hassan,2010,Whole Year,Rice,3927.3,9785.9
Punjab,Ludhiana,2008,Kharif,Cotton,3749.7,1557.2
Tamil Nadu,Thanjavur,2005,Rabi,Gram,3084.4,3637.6
Madhya Pradesh,Bhopal,2013,Whole Year,Rice,5240.0,18565.2
Punjab,Ludhiana,2004,Kharif,Tur,779.9,631.3
Andhra Pradesh,Krishna,2014,Kharif,Tur,2556.0,2621.6
Karnataka,Belgaum,2006,Kharif,Groundnut,,4293.5
Haryana,Hisar,2002,Rabi,Groundnut,2896.9,1752.3
West Bengal,Hooghly,2009,Rabi,Maize,3521.1,9051.2
Madhya Pradesh,Indore,2001,Rabi,Wheat,2665.3,9755.9
Andhra Pradesh,Guntur,2010,Rabi,Groundnut,5568.3,8460.4
Uttar Pradesh,Lucknow,2012,Whole Year,Potato,810.2,13901.2
Andhra Pradesh,Nellore,2013,Rabi,Gram,173.9,203.6
Bihar,Bhagalpur,2011,Rabi,Maize,2864.9,7810.7
Andhra Pradesh,Krishna,2001,Rabi,Jowar,3894.0,3847.8
Uttar Pradesh,Kanpur,2010,Kharif,Onion,3726.2,60283.6
Karnataka,Mysore,2003,Kharif,Soyabean,3430.5,4522.4
Maharashtra,Nagpur,2013,Kharif,Rice,1648.4,6768.0
Karnataka,Belgaum,2001,Whole Year,Potato,5056.8,114161.0
Tamil Nadu,Coimbatore,2005,Rabi,Wheat,2969.6,9463.6
Uttar Pradesh,Lucknow,2004,Kharif,Tur,2373.0,1551.4
West Bengal,Hooghly,2012,Whole Year,Sugarcane,7346.3,607846.1
Maharashtra,Pune,2008,Kharif,Soyabean,1844.5,2060.1
West Bengal,Nadia,2003,Kharif,Rice,2931.9,10219.2
Tamil Nadu,Salem,2010,Rabi,Jowar,1652.6,918.1
Madhya Pradesh,Indore,2002,Rabi,Wheat,1608.6,5560.7
Maharashtra,Nagpur,2005,Kharif,Rice,2317.0,6974.9
West Bengal,Bardhaman,2010,Kharif,Jowar,2523.7,2831.3
Uttar Pradesh,Kanpur,2007,Rabi,Mustard,4678.1,5867.6
Madhya Pradesh,Indore,2006,Rabi,Jowar,1385.0,1843.6
Tamil Nadu,Thanjavur,2003,Whole Year,Sugarcane,7617.9,492303.1
Tamil Nadu,Thanjavur,2009,Kharif,Groundnut,4552.6,5160.2
Punjab,Patiala,2006,Whole Year,Potato,2217.2,52704.3
Bihar,Patna,2007,Rabi,Onion,2691.9,19139.7
Andhra Pradesh,Krishna,2011,Rabi,Jowar,,1686.5
Punjab,Amritsar,2004,Kharif,Cotton,3760.3,1454.3
Punjab,Amritsar,2010,Kharif,Cotton,3334.3,1720.4
Uttar Pradesh,Lucknow,2009,Rabi,Potato,1545.9,28234.7
Karnataka,Mysore,2007,Kharif,Maize,1977.1,3714.0
Karnataka,Belgaum,2007,Rabi,Gram,2834.2,2263.0
Maharashtra,Nashik,2002,Rabi,Jowar,4142.6,6225.0
Maharashtra,Nagpur,2011,Kharif,Cotton,613.4,276.0
Punjab,Patiala,2013,Whole Year,Potato,719.4,14400.7
Tamil Nadu,Salem,2008,Rabi,Onion,2848.0,41811.7
Tamil Nadu,Coimbatore,2011,Rabi,Onion,5556.0,67900.0
Bihar,Bhagalpur,2001,Kharif,Jowar,900.2,795.2
Punjab,Amritsar,2003,Rabi,Wheat,1036.9,2896.9
Haryana,Karnal,2014,Rabi,Maize,1944.7,3642.4
Haryana,Hisar,2011,Rabi,Gram,6396.2,5945.8
Madhya Pradesh,Ujjain,2005,Rabi,Onion,5831.3,114478.5
Haryana,Hisar,2006,Rabi,Groundnut,7532.9,3940.2
Andhra Pradesh,Guntur,2001,Rabi,Wheat,2853.3,11736.0
Maharashtra,Pune,2014,Kharif,Onion,1266.5,24402.0
Andhra Pradesh,Nellore,2014,Rabi,Onion,4590.1,
Punjab,Amritsar,2003,Rabi,Maize,682.2,1771.8
Haryana,Karnal,2012,Whole Year,Banana,5315.1,177333.8
Madhya Pradesh,Indore,2008,Rabi,Maize,2777.2,9333.9
Karnataka,Hassan,2008,Whole Year,Rice,9410.7,27376.4
West Bengal,Nadia,2013,Whole Year,Rice,3652.2,13251.5
Karnataka,Hassan,2012,Whole Year,Rice,704.4,1764.8
Andhra Pradesh,Krishna,2004,Kharif,Jowar,982.6,951.1
Madhya Pradesh,Ujjain,2004,Rabi,Groundnut,2271.3,2876.7
Maharashtra,Nagpur,2003,Whole Year,Banana,7581.7,300764.5
Uttar Pradesh,Lucknow,2008,Rabi,Gram,3074.3,2775.2
Tamil Nadu,Thanjavur,2005,Rabi,Jowar,9502.6,11285.3
Karnataka,Mysore,2004,Kharif,Groundnut,5248.2,7769.0
Uttar Pradesh,Lucknow,2008,Rabi,Maize,1730.4,4278.9
West Bengal,Bardhaman,2014,Kharif,Cotton,2994.7,1269.2
Bihar,Patna,2008,Rabi,Jowar,2621.2,3379.6
Andhra Pradesh,Krishna,2002,Rabi,Onion,1126.2,14707.7
Madhya Pradesh,Ujjain,2011,Kharif,Soyabean,2819.9,3971.4
Uttar Pradesh,Meerut,2007,Whole Year,Rice,7017.0,17355.9
Tamil Nadu,Coimbatore,2007,Rabi,Groundnut,2523.5,2925.3
Tamil Nadu,Thanjavur,2013,Rabi,Potato,5250.6,119164.7
Andhra Pradesh,Krishna,2005,Rabi,Gram,2012.8,1820.6
Karnataka,Hassan,2002,Whole Year,Sugarcane,3661.0,199379.3
Tamil Nadu,Coimbatore,2003,Kharif,Groundnut,1643.8,1606.4
Haryana,Rohtak,2001,Kharif,Maize,4865.8,12537.4
Punjab,Ludhiana,2013,Kharif,Bajra,2423.6,4053.4
Madhya Pradesh,Indore,2009,Kharif,Jowar,5987.9,9269.3
Bihar,Patna,2006,Rabi,Wheat,4787.4,14656.2
Madhya Pradesh,Bhopal,2010,Kharif,Jowar,8327.2,10368.8
Maharashtra,Nashik,2007,Rabi,Potato,2895.0,71184.6
Karnataka,Belgaum,2010,Rabi,Potato,4669.5,100664.4
Punjab,Patiala,2013,Kharif,Groundnut,6691.4,12073.5
Punjab,Ludhiana,2003,Rabi,Groundnut,2862.3,
West Bengal,Bardhaman,2014,Whole Year,Rice,5670.6,21318.1
Maharashtra,Nagpur,2009,Rabi,Groundnut,2052.1,3438.2
Karnataka,Belgaum,2003,Rabi,Gram,2864.8,
Tamil Nadu,Thanjavur,2007,Kharif,Jowar,3493.2,3310.3
Maharashtra,Nagpur,2007,Kharif,Rice,1488.2,5324.9
Punjab,Ludhiana,2010,Rabi,Mustard,4874.2,9309.5
Punjab,Amritsar,2006,Whole Year,Banana,1298.1,53053.0
Bihar,Gaya,2007,Rabi,Mustard,1272.5,1611.4
Uttar Pradesh,Lucknow,2007,Kharif,Tur,2426.4,1031.0
Bihar,Bhagalpur,2009,Whole Year,Potato,1497.8,
Haryana,Karnal,2006,Kharif,Jowar,2602.1,2186.0
Haryana,Rohtak,2008,Rabi,Gram,9422.3,8305.4
Karnataka,Hassan,2003,Whole Year,Banana,1402.1,39930.0
Haryana,Rohtak,2014,Rabi,Maize,2944.3,7220.0
Haryana,Karnal,2007,Kharif,Jowar,5533.4,5980.7
Haryana,Karnal,2005,Rabi,Potato,957.3,11559.9
Madhya Pradesh,Bhopal,2010,Kharif,Onion,2375.9,47179.9
Madhya Pradesh,Bhopal,2001,Rabi,Jowar,7332.5,8217.7
Andhra Pradesh,Krishna,2010,Rabi,Gram,2586.8,3255.6
West Bengal,Nadia,2007,Kharif,Cotton,3009.4,1485.8
West Bengal,Hooghly,2013,Whole Year,Banana,8917.0,
Karnataka,Mysore,2011,Rabi,Maize,1012.2,2364.5
West Bengal,Bardhaman,2008,Rabi,Potato,2957.4,65244.8
Maharashtra,Nagpur,2012,Whole Year,Potato,1169.8,31077.6
West Bengal,Nadia,2013,Rabi,Gram,1428.7,1686.9
Madhya Pradesh,Bhopal,2013,Rabi,Onion,1096.6,24182.6
Haryana,Hisar,2006,Rabi,Mustard,3665.6,3757.0
Karnataka,Belgaum,2014,Whole Year,Potato,2564.1,54858.5
Andhra Pradesh,Guntur,2011,Kharif,Jowar,1871.0,2994.9
Punjab,Amritsar,2014,Kharif,Soyabean,1828.1,2081.9
Uttar Pradesh,Kanpur,2002,Kharif,Bajra,1462.4,2212.4
West Bengal,Bardhaman,2011,Rabi,Mustard,1293.6,2177.2
Punjab,Ludhiana,2010,Rabi,Potato,1969.5,49457.3
Bihar,Gaya,2003,Kharif,Rice,1494.5,3948.1
West Bengal,Hooghly,2006,Whole Year,Rice,7220.2,21992.6
Punjab,Amritsar,2002,Kharif,Onion,1967.4,31345.0
Uttar Pradesh,Meerut,2006,Rabi,Groundnut,4730.8,6993.6
Haryana,Karnal,2014,Rabi,Onion,5345.5,60304.8
Andhra Pradesh,Guntur,2005,Kharif,Bajra,1021.0,1990.8
Bihar,Bhagalpur,2008,Whole Year,Sugarcane,1834.1,111358.9
Madhya Pradesh,Bhopal,2006,Rabi,Potato,6047.0,157606.0
Uttar Pradesh,Lucknow,2013,Rabi,Maize,2452.3,5207.3
Uttar Pradesh,Meerut,2011,Rabi,Wheat,2564.0,8173.3
Punjab,Ludhiana,2005,Kharif,Soyabean,2769.4,3197.8
Uttar Pradesh,Lucknow,2014,Whole Year,Potato,5131.5,117207.3
Andhra Pradesh,Guntur,2013,Kharif,Bajra,4252.6,8070.5
Karnataka,Hassan,2013,Rabi,Mustard,,1941.7
Tamil Nadu,Coimbatore,2010,Rabi,Onion,4052.2,67460.9
Tamil Nadu,Coimbatore,2002,Whole Year,Sugarcane,3602.8,228583.6
Karnataka,Mysore,2009,Whole Year,Sugarcane,4870.1,389936.9
Karnataka,Hassan,2002,Rabi,Jowar,2781.0,1244.9
Bihar,Bhagalpur,2001,Kharif,Maize,1078.5,1887.2
Punjab,Ludhiana,2010,Rabi,Gram,573.8,549.5
Uttar Pradesh,Lucknow,2012,Kharif,Tur,1006.1,802.9
Karnataka,Hassan,2005,Rabi,Mustard,1598.2,2494.5
West Bengal,Hooghly,2001,Rabi,Jowar,2563.5,2840.3
Tamil Nadu,Coimbatore,2012,Kharif,Rice,5519.6,11972.0
Tamil Nadu,Thanjavur,2005,Rabi,Groundnut,1179.0,1645.4
Haryana,Rohtak,2004,Whole Year,Potato,6623.7,185615.7
Karnataka,Belgaum,2011,Rabi,Jowar,2526.5,2482.0
Haryana,Karnal,2005,Rabi,Jowar,1595.3,1306.1
Andhra Pradesh,Krishna,2008,Kharif,Soyabean,5295.7,6158.2
Haryana,Karnal,2013,Rabi,Onion,2516.9,44220.0
Karnataka,Belgaum,2003,Whole Year,Banana,1041.9,30364.9
Uttar Pradesh,Kanpur,2013,Kharif,Groundnut,2455.6,3998.9
Madhya Pradesh,Bhopal,2010,Whole Year,Rice,4727.6,17277.6
Maharashtra,Nashik,2010,Rabi,Mustard,3855.9,8102.1
Haryana,Karnal,2001,Rabi,Jowar,11063.4,8357.2
Punjab,Amritsar,2005,Kharif,Bajra,12879.2,16116.6
Madhya Pradesh,Bhopal,2007,Rabi,Onion,1650.0,37287.2
Haryana,Hisar,2010,Kharif,Tur,1960.8,1865.5
Tamil Nadu,Coimbatore,2001,Whole Year,Sugarcane,1167.7,63732.1
Punjab,Ludhiana,2005,Rabi,Mustard,1629.5,2191.0
Punjab,Amritsar,2009,Kharif,Jowar,5639.0,
Karnataka,Mysore,2004,Rabi,Potato,1292.4,26178.6
Tamil Nadu,Salem,2012,Rabi,Onion,4724.3,
Punjab,Ludhiana,2010,Kharif,Bajra,1252.2,2363.5
Haryana,Rohtak,2013,Kharif,Bajra,5739.7,7129.3
Punjab,Amritsar,2014,Rabi,Potato,2490.6,49783.0
Bihar,Bhagalpur,2004,Rabi,Groundnut,1724.1,2180.0
Madhya Pradesh,Bhopal,2010,Whole Year,Banana,2618.0,129575.2
West Bengal,Nadia,2010,Kharif,Cotton,2763.2,1847.4
Karnataka,Mysore,2001,Rabi,Groundnut,2050.4,2076.5
Andhra Pradesh,Guntur,2003,Rabi,Jowar,4879.8,5031.7
Punjab,Patiala,2010,Whole Year,Sugarcane,3610.7,298193.5
Tamil Nadu,Coimbatore,2007,Rabi,Jowar,2612.4,1759.4
Bihar,Gaya,2002,Kharif,Bajra,713.2,709.8
Karnataka,Hassan,2005,Kharif,Groundnut,502.0,576.5
West Bengal,Bardhaman,2002,Kharif,Rice,3682.8,11031.8
Andhra Pradesh,Guntur,2010,Kharif,Tur,3812.1,4422.0
West Bengal,Hooghly,2013,Rabi,Potato,2908.3,72865.7
Andhra Pradesh,Guntur,2005,Whole Year,Sugarcane,1481.2,109911.5
Madhya Pradesh,Indore,2011,Kharif,Bajra,2188.3,4767.0
Madhya Pradesh,Bhopal,2013,Whole Year,Potato,3822.3,
Madhya Pradesh,Ujjain,2007,Kharif,Groundnut,571.0,718.0
Karnataka,Mysore,2006,Kharif,Onion,1695.8,29780.0
Madhya Pradesh,Bhopal,2003,Kharif,Tur,4574.9,4102.8
Bihar,Gaya,2004,Rabi,Mustard,4743.1,6176.8
Bihar,Bhagalpur,2004,Kharif,Jowar,2358.3,1681.9
Tamil Nadu,Thanjavur,2008,Kharif,Jowar,2102.0,2799.8
Madhya Pradesh,Bhopal,2009,Rabi,Onion,4119.5,81129.9
Maharashtra,Nashik,2008,Whole Year,Rice,11111.6,38370.6
Karnataka,Belgaum,2001,Kharif,Cotton,6196.5,2482.0
Tamil Nadu,Salem,2012,Kharif,Tur,2708.1,1785.6
Bihar,Bhagalpur,2005,Whole Year,Sugarcane,2156.3,125331.5
Punjab,Amritsar,2012,Rabi,Potato,2654.1,59952.7
West Bengal,Bardhaman,2001,Whole Year,Rice,2000.7,6446.8
Punjab,Patiala,2013,Rabi,Potato,2356.2,63102.2
Uttar Pradesh,Meerut,2013,Rabi,Groundnut,2374.4,2871.0
Karnataka,Mysore,2002,Rabi,Onion,1944.9,24051.1
Karnataka,Mysore,2003,Rabi,Onion,864.2,10825.8
Tamil Nadu,Coimbatore,2005,Rabi,Gram,1629.0,1032.3
Madhya Pradesh,Ujjain,2014,Rabi,Maize,3703.9,11869.9
Punjab,Patiala,2008,Rabi,Groundnut,2565.7,4495.8
Maharashtra,Nagpur,2008,Kharif,Soyabean,1014.6,1245.6
Madhya Pradesh,Indore,2011,Rabi,Mustard,8006.6,11281.7
Bihar,Gaya,2011,Rabi,Groundnut,2205.6,2237.6
Karnataka,Hassan,2008,Kharif,Rice,1646.5,4212.5
West Bengal,Bardhaman,2002,Whole Year,Rice,1637.3,4619.2
Bihar,Bhagalpur,2007,Whole Year,Rice,1555.9,4086.2
Punjab,Patiala,2002,Kharif,Tur,3474.0,2893.7
Karnataka,Belgaum,2014,Kharif,Cotton,3577.6,2091.2
Madhya Pradesh,Indore,2011,Kharif,Rice,5143.1,16137.8
Tamil Nadu,Coimbatore,2002,Rabi,Onion,1558.0,20799.0
Maharashtra,Nagpur,2001,Kharif,Bajra,2076.7,2513.6
Maharashtra,Nashik,2009,Rabi,Jowar,1682.9,2363.1
West Bengal,Hooghly,2013,Kharif,Jowar,1666.0,1814.4
Andhra Pradesh,Nellore,2007,Rabi,Potato,752.3,18988.4
Uttar Pradesh,Lucknow,2012,Whole Year,Rice,3983.6,8955.1
Maharashtra,Pune,2004,Kharif,Bajra,1345.5,2165.2
Uttar Pradesh,Kanpur,2004,Whole Year,Sugarcane,3969.9,235881.3
Andhra Pradesh,Krishna,2006,Kharif,Soyabean,1052.3,991.2
Punjab,Ludhiana,2013,Kharif,Soyabean,2336.5,3517.4
Madhya Pradesh,Indore,2009,Kharif,Tur,3139.3,2911.0
Madhya Pradesh,Ujjain,2004,Kharif,Maize,3885.4,8434.7
West Bengal,Nadia,2010,Whole Year,Banana,1420.9,79182.2
Bihar,Gaya,2012,Whole Year,Rice,1333.9,3898.1
West Bengal,Hooghly,2010,Whole Year,Sugarcane,3464.2,261910.0
Maharashtra,Nagpur,2002,Rabi,Onion,1398.7,19267.5
Bihar,Gaya,2014,Kharif,Tur,1568.6,1222.7
Andhra Pradesh,Nellore,2013,Rabi,Wheat,3971.1,16443.2
Bihar,Gaya,2008,Kharif,Rice,8486.3,23623.3
Tamil Nadu,Thanjavur,2006,Rabi,Wheat,1090.3,3403.5
Bihar,Patna,2002,Kharif,Onion,2301.3,31119.2
Uttar Pradesh,Lucknow,2011,Rabi,Groundnut,1784.9,2126.6
West Bengal,Bardhaman,2004,Rabi,Wheat,4422.6,15826.8
Maharashtra,Nashik,2013,Whole Year,Potato,1406.1,32803.2
Uttar Pradesh,Meerut,2005,Rabi,Gram,6938.0,6031.7
Uttar Pradesh,Lucknow,2014,Kharif,Tur,8002.2,6455.3
Punjab,Ludhiana,2010,Kharif,Soyabean,3395.8,4815.2
Punjab,Ludhiana,2001,Rabi,Maize,1641.3,4223.8
Karnataka,Mysore,2008,Whole Year,Sugarcane,816.6,66865.6
Uttar Pradesh,Kanpur,2010,Rabi,Jowar,1432.5,1220.8
Haryana,Karnal,2010,Rabi,Wheat,3275.2,7308.2
Punjab,Patiala,2006,Kharif,Groundnut,2177.0,3004.9
Haryana,Rohtak,2003,Rabi,Gram,723.3,556.2
Andhra Pradesh,Nellore,2009,Kharif,Jowar,5441.2,7344.8
Haryana,Rohtak,2014,Rabi,Potato,7570.5,140474.9
Karnataka,Mysore,2014,Rabi,Maize,2266.5,6470.0
Tamil Nadu,Thanjavur,2012,Rabi,Wheat,3437.8,11171.5
Punjab,Patiala,2003,Whole Year,Sugarcane,1520.8,143154.0
Madhya Pradesh,Bhopal,2007,Rabi,Gram,,2974.6
Andhra Pradesh,Krishna,2001,Kharif,Onion,1989.3,29422.1
Andhra Pradesh,Guntur,2003,Whole Year,Potato,4080.2,81924.1
Bihar,Gaya,2002,Rabi,Wheat,7643.5,22495.7
Uttar Pradesh,Lucknow,2007,Rabi,Maize,2764.6,7219.8
Andhra Pradesh,Krishna,2012,Kharif,Tur,4460.6,3257.2
Andhra Pradesh,Nellore,2009,Kharif,Soyabean,2742.0,4040.2
Madhya Pradesh,Ujjain,2005,Kharif,Soyabean,1953.1,2262.2
West Bengal,Hooghly,2014,Rabi,Wheat,993.3,3446.4
Uttar Pradesh,Kanpur,2011,Rabi,Wheat,6570.5,26426.4
Andhra Pradesh,Krishna,2006,Whole Year,Rice,2906.4,8292.5
Madhya Pradesh,Indore,2012,Rabi,Onion,3355.7,48944.3
West Bengal,Bardhaman,2003,Rabi,Wheat,4251.9,14298.6
Karnataka,Belgaum,2010,Rabi,Wheat,1707.4,5180.5
Madhya Pradesh,Indore,2002,Kharif,Onion,4408.4,83493.9
Bihar,Patna,2006,Kharif,Jowar,1379.3,1365.5
Uttar Pradesh,Meerut,2013,Kharif,Bajra,1603.2,2613.0
Andhra Pradesh,Krishna,2007,Kharif,Tur,1427.3,1214.9
Punjab,Ludhiana,2011,Kharif,Groundnut,7045.6,10972.3
Andhra Pradesh,Guntur,2006,Rabi,Groundnut,2395.6,4132.5
Tamil Nadu,Salem,2009,Kharif,Onion,2675.9,26962.5
Karnataka,Hassan,2011,Kharif,Rice,1083.1,2971.2
Punjab,Patiala,2009,Rabi,Gram,3665.7,4719.1
Punjab,Ludhiana,2014,Kharif,Cotton,478.4,193.7
Haryana,Karnal,2008,Whole Year,Banana,5365.3,144543.1
Bihar,Gaya,2010,Kharif,Groundnut,8196.1,13714.5
Bihar,Gaya,2013,Kharif,Rice,2641.7,10636.9
West Bengal,Hooghly,2003,Kharif,Rice,3378.1,8299.5
West Bengal,Hooghly,2003,Kharif,Groundnut,4908.1,7586.6
Tamil Nadu,Coimbatore,2010,Kharif,Soyabean,4199.3,4865.0
Haryana,Hisar,2012,Rabi,Maize,2053.3,3856.5
Haryana,Karnal,2012,Rabi,Onion,2136.1,
Madhya Pradesh,Bhopal,2004,Whole Year,Potato,1141.6,20618.2
Andhra Pradesh,Guntur,2001,Whole Year,Banana,9563.1,387928.6
Punjab,Amritsar,2014,Whole Year,Sugarcane,1810.8,154719.7
Madhya Pradesh,Indore,2012,Kharif,Tur,750.8,703.9
Punjab,Amritsar,2013,Rabi,Onion,7101.9,97431.8
Uttar Pradesh,Kanpur,2009,Whole Year,Sugarcane,4218.4,251575.9
Bihar,Bhagalpur,2007,Kharif,Groundnut,2693.1,2727.7
Tamil Nadu,Salem,2001,Kharif,Jowar,5477.8,4602.4
West Bengal,Hooghly,2010,Kharif,Bajra,1172.7,2107.2
Madhya Pradesh,Bhopal,2014,Rabi,Gram,2684.2,2070.7
Bihar,Patna,2011,Rabi,Onion,3130.9,51464.8
West Bengal,Nadia,2004,Rabi,Gram,2981.2,2407.3
Punjab,Amritsar,2002,Rabi,Jowar,2129.4,1920.0
Karnataka,Mysore,2004,Kharif,Soyabean,1195.9,1515.7
Madhya Pradesh,Indore,2008,Kharif,Rice,4052.5,12741.8
Maharashtra,Nashik,2011,Kharif,Jowar,1002.5,1051.3
Karnataka,Hassan,2011,Rabi,Jowar,2078.0,2119.9
Andhra Pradesh,Guntur,2013,Rabi,Jowar,3264.2,4402.5
Uttar Pradesh,Kanpur,2006,Kharif,Tur,1419.4,1455.8
Tamil Nadu,Salem,2004,Rabi,Jowar,5268.0,4866.5
Karnataka,Mysore,2007,Kharif,Soyabean,2585.0,4178.9
Madhya Pradesh,Bhopal,2008,Kharif,Maize,1258.9,3904.1
Bihar,Bhagalpur,2013,Whole Year,Potato,3337.1,71377.9
Uttar Pradesh,Meerut,2009,Kharif,Maize,,4666.4
Haryana,Rohtak,2011,Kharif,Bajra,5370.3,8024.6
Karnataka,Belgaum,2006,Kharif,Jowar,2558.9,2832.8
West Bengal,Hooghly,2002,Rabi,Mustard,1721.1,2858.8
Madhya Pradesh,Indore,2003,Kharif,Rice,2793.5,9137.5
Maharashtra,Nashik,2002,Kharif,Jowar,2531.8,2599.3
Bihar,Bhagalpur,2003,Rabi,Gram,3802.8,4248.7
Andhra Pradesh,Nellore,2010,Kharif,Soyabean,631.6,750.1
Punjab,Ludhiana,2012,Rabi,Mustard,5147.4,8869.4
Madhya Pradesh,Ujjain,2001,Rabi,Groundnut,3731.1,4294.7
Haryana,Hisar,2012,Rabi,Mustard,2258.0,2371.3
Haryana,Hisar,2010,Whole Year,Rice,4246.4,9912.4
Uttar Pradesh,Meerut,2002,Whole Year,Rice,5487.4,13217.3
Uttar Pradesh,Lucknow,2006,Rabi,Maize,14434.2,24752.0
Tamil Nadu,Coimbatore,2014,Rabi,Gram,4431.6,2924.3
West Bengal,Nadia,2011,Kharif,Onion,1061.4,22073.8
Punjab,Patiala,2006,Rabi,Wheat,8448.3,29384.8
Uttar Pradesh,Lucknow,2012,Whole Year,Sugarcane,2154.5,138534.6
Madhya Pradesh,Indore,2005,Rabi,Wheat,1652.0,6269.6
West Bengal,Hooghly,2006,Whole Year,Sugarcane,3428.4,256020.4
Maharashtra,Nashik,2012,Whole Year,Sugarcane,1173.0,117914.4
Haryana,Karnal,2007,Rabi,Wheat,1140.4,2943.6
Maharashtra,Pune,2003,Rabi,Wheat,6400.3,20829.3
Maharashtra,Nashik,2005,Kharif,Jowar,2644.7,3583.4
Uttar Pradesh,Meerut,2005,Kharif,Rice,2633.2,5797.1
Tamil Nadu,Thanjavur,2005,Whole Year,Rice,720.2,2039.1
Uttar Pradesh,Kanpur,2014,Rabi,Wheat,3496.0,10069.7
Tamil Nadu,Coimbatore,2004,Kharif,Cotton,8126.1,3390.6
Bihar,Patna,2012,Kharif,Cotton,3746.4,2395.0
Uttar Pradesh,Lucknow,2003,Rabi,Potato,2849.0,57232.0
Madhya Pradesh,Indore,2011,Whole Year,Sugarcane,2457.6,233818.1
Madhya Pradesh,Indore,2002,Rabi,Gram,1678.4,656.0
Punjab,Amritsar,2010,Kharif,Tur,5552.4,5285.5
Tamil Nadu,Coimbatore,2002,Rabi,Wheat,3478.9,9830.2
Tamil Nadu,Coimbatore,2006,Whole Year,Rice,5773.0,13131.2
Bihar,Bhagalpur,2003,Rabi,Jowar,6535.5,7023.5
West Bengal,Hooghly,2009,Kharif,Maize,2932.5,8178.3
Andhra Pradesh,Krishna,2003,Whole Year,Sugarcane,9794.0,669738.3
Madhya Pradesh,Bhopal,2007,Kharif,Onion,6536.4,124601.7
Haryana,Hisar,2001,Kharif,Rice,1459.7,3429.7
Madhya Pradesh,Bhopal,2011,Kharif,Maize,5273.9,14308.8
Punjab,Amritsar,2014,Rabi,Wheat,4500.0,16313.6
Haryana,Rohtak,2010,Rabi,Jowar,2803.0,3100.9
Maharashtra,Nashik,2005,Kharif,Soyabean,3768.5,5057.7
Andhra Pradesh,Guntur,2004,Rabi,Potato,2697.0,69985.6
West Bengal,Bardhaman,2003,Whole Year,Potato,3163.1,70450.2
Karnataka,Mysore,2013,Rabi,Onion,8178.1,111309.5
Haryana,Rohtak,2009,Whole Year,Sugarcane,951.6,65814.1
West Bengal,Hooghly,2009,Whole Year,Rice,2971.3,9279.9
West Bengal,Bardhaman,2002,Kharif,Onion,4361.9,41330.1
West Bengal,Nadia,2002,Kharif,Bajra,3421.4,5370.5
Madhya Pradesh,Bhopal,2007,Whole Year,Sugarcane,853.3,70639.3
Punjab,Ludhiana,2002,Kharif,Cotton,4292.5,2115.6
Uttar Pradesh,Meerut,2011,Kharif,Rice,3514.5,9142.8
West Bengal,Bardhaman,2002,Kharif,Jowar,4247.5,4816.4
Andhra Pradesh,Guntur,2009,Kharif,Cotton,3631.8,1643.7
Andhra Pradesh,Nellore,2013,Whole Year,Potato,3874.1,92479.9
Punjab,Amritsar,2013,Whole Year,Sugarcane,6827.5,544197.5
Haryana,Rohtak,2005,Kharif,Groundnut,6157.2,7145.0
Bihar,Bhagalpur,2010,Rabi,Gram,5219.6,5468.1
Tamil Nadu,Coimbatore,2008,Rabi,Groundnut,2556.2,3013.8
Haryana,Rohtak,2009,Kharif,Soyabean,7419.5,8401.8
Maharashtra,Pune,2008,Rabi,Mustard,2767.9,5629.8
Uttar Pradesh,Meerut,2008,Kharif,Groundnut,1636.3,1955.4
Karnataka,Mysore,2004,Kharif,Cotton,3162.8,2332.2
Madhya Pradesh,Ujjain,2008,Kharif,Groundnut,5631.5,9397.1
Uttar Pradesh,Lucknow,2001,Kharif,Bajra,2831.1,3882.3
Haryana,Rohtak,2009,Rabi,Wheat,1317.8,4137.5
Tamil Nadu,Coimbatore,2002,Whole Year,Rice,3274.4,5638.2
Haryana,Rohtak,2011,Kharif,Soyabean,2969.4,3989.9
Tamil Nadu,Coimbatore,2008,Kharif,Tur,2513.2,1388.4
Maharashtra,Pune,2014,Kharif,Groundnut,1719.9,2440.9
Bihar,Patna,2001,Rabi,Groundnut,1468.4,1451.3
Karnataka,Hassan,2002,Kharif,Rice,1496.6,3976.2
Karnataka,Mysore,2010,Kharif,Soyabean,2014.7,2055.9
Madhya Pradesh,Ujjain,2014,Kharif,Groundnut,2381.4,3219.1
Maharashtra,Nashik,2002,Whole Year,Rice,6424.6,23606.3
Karnataka,Hassan,2006,Kharif,Cotton,2188.4,793.9
West Bengal,Hooghly,2014,Rabi,Onion,4742.7,106954.9
Madhya Pradesh,Indore,2014,Kharif,Tur,4779.0,4560.5
Punjab,Patiala,2012,Kharif,Soyabean,6895.6,10535.0
Maharashtra,Pune,2011,Kharif,Soyabean,3249.1,5509.0
Maharashtra,Nagpur,2008,Kharif,Bajra,5523.4,7569.7
West Bengal,Hooghly,2007,Whole Year,Sugarcane,4696.2,398883.5
Tamil Nadu,Coimbatore,2001,Rabi,Groundnut,2249.8,2578.3
Bihar,Bhagalpur,2013,Rabi,Potato,1151.5,16008.1
Punjab,Patiala,2002,Rabi,Wheat,1598.6,6673.7
Punjab,Amritsar,2012,Whole Year,Potato,915.4,16809.2
Punjab,Amritsar,2011,Kharif,Maize,5248.1,13701.3
Karnataka,Hassan,2004,Kharif,Soyabean,1223.7,770.2
Tamil Nadu,Coimbatore,2011,Whole Year,Sugarcane,2529.4,147055.5
Tamil Nadu,Salem,2013,Kharif,Onion,2089.3,29268.6
Madhya Pradesh,Indore,2005,Kharif,Maize,5860.4,18333.1
Bihar,Patna,2009,Rabi,Jowar,5813.7,7147.8
Karnataka,Belgaum,2010,Kharif,Soyabean,5379.7,4758.5
Punjab,Ludhiana,2009,Kharif,Soyabean,2895.2,3957.7
Uttar Pradesh,Meerut,2001,Kharif,Maize,4146.6,7463.2
Uttar Pradesh,Kanpur,2005,Rabi,Mustard,2565.1,3512.4
Uttar Pradesh,Kanpur,2003,Kharif,Bajra,3134.7,7124.4
Madhya Pradesh,Ujjain,2002,Rabi,Onion,2794.6,29286.3
Bihar,Patna,2010,Rabi,Onion,,75183.1
Haryana,Hisar,2001,Whole Year,Sugarcane,431.9,23506.9
Madhya Pradesh,Bhopal,2008,Whole Year,Potato,4128.1,106377.2
Tamil Nadu,Salem,2009,Rabi,Potato,1470.7,28306.8
Karnataka,Mysore,2002,Kharif,Maize,4622.2,12649.0
Tamil Nadu,Salem,2014,Whole Year,Rice,2581.7,5936.4
Andhra Pradesh,Guntur,2013,Rabi,Gram,1620.1,2152.7
Uttar Pradesh,Kanpur,2011,Rabi,Gram,959.0,901.3
Madhya Pradesh,Bhopal,2006,Rabi,Gram,2116.5,1795.4
Karnataka,Belgaum,2008,Whole Year,Banana,3223.2,101224.4
Haryana,Hisar,2003,Rabi,Mustard,2421.9,2767.6
Karnataka,Belgaum,2003,Kharif,Groundnut,995.6,818.0
West Bengal,Bardhaman,2002,Whole Year,Potato,2290.8,53251.1
Uttar Pradesh,Lucknow,2009,Rabi,Mustard,3104.8,3691.6
Punjab,Amritsar,2013,Rabi,Potato,4815.1,100946.1
Madhya Pradesh,Indore,2005,Rabi,Groundnut,377.2,613.0
Tamil Nadu,Salem,2012,Kharif,Onion,4309.6,67738.9
Uttar Pradesh,Lucknow,2011,Kharif,Rice,2041.3,5510.7
Punjab,Patiala,2005,Kharif,Cotton,2077.7,1191.4
Punjab,Patiala,2002,Kharif,Rice,2888.1,9183.8
Bihar,Patna,2005,Kharif,Jowar,3863.8,5058.0
Madhya Pradesh,Indore,2011,Kharif,Groundnut,2272.7,2981.2
Haryana,Rohtak,2007,Rabi,Jowar,3079.8,2622.8
Karnataka,Mysore,2007,Rabi,Jowar,1256.0,
Punjab,Ludhiana,2003,Rabi,Mustard,908.4,1241.2
Uttar Pradesh,Kanpur,2014,Rabi,Potato,3555.4,90465.9
Karnataka,Belgaum,2008,Rabi,Wheat,3034.1,7946.8
Uttar Pradesh,Kanpur,2006,Rabi,Wheat,908.1,2873.5
Tamil Nadu,Thanjavur,2010,Rabi,Jowar,2365.9,2797.5
Punjab,Patiala,2004,Kharif,Soyabean,3435.1,4644.1
Haryana,Rohtak,2003,Kharif,Jowar,,967.2
West Bengal,Bardhaman,2013,Kharif,Jowar,6739.1,6989.7
Uttar Pradesh,Kanpur,2014,Kharif,Bajra,1762.9,2668.7
West Bengal,Hooghly,2009,Kharif,Soyabean,4531.5,5460.3
Karnataka,Belgaum,2006,Kharif,Soyabean,4716.0,6125.9
Punjab,Patiala,2011,Whole Year,Rice,5744.5,20866.9
Uttar Pradesh,Meerut,2012,Kharif,Onion,3699.1,54868.1
Karnataka,Hassan,2001,Rabi,Groundnut,2701.6,2613.5
Madhya Pradesh,Indore,2013,Kharif,Bajra,2423.9,3642.0
Madhya Pradesh,Indore,2001,Whole Year,Sugarcane,3766.3,255810.4
Madhya Pradesh,Indore,2001,Kharif,Bajra,6766.1,10852.5
Haryana,Karnal,2004,Whole Year,Rice,3981.3,8001.2
Andhra Pradesh,Krishna,2013,Kharif,Cotton,6226.7,3508.3
Haryana,Hisar,2004,Rabi,Mustard,3084.5,3760.5
Tamil Nadu,Coimbatore,2010,Rabi,Groundnut,1453.7,1329.8
Haryana,Rohtak,2008,Kharif,Tur,2456.5,1786.9
Uttar Pradesh,Lucknow,2005,Rabi,Potato,2455.7,44591.4
Uttar Pradesh,Kanpur,2005,Rabi,Wheat,2948.6,9834.0
Maharashtra,Pune,2003,Rabi,Groundnut,486.3,605.8
Uttar Pradesh,Meerut,2006,Rabi,Onion,3269.3,41955.3
Karnataka,Hassan,2007,Whole Year,Sugarcane,1164.6,71714.0
Madhya Pradesh,Ujjain,2007,Kharif,Soyabean,6617.0,5498.5
Madhya Pradesh,Ujjain,2002,Rabi,Mustard,2935.9,3372.5
Uttar Pradesh,Meerut,2001,Kharif,Rice,3859.9,6615.8
Punjab,Ludhiana,2011,Kharif,Soyabean,4369.9,3761.8
Uttar Pradesh,Meerut,2004,Rabi,Maize,3354.8,7756.5
Andhra Pradesh,Guntur,2006,Kharif,Tur,3533.5,3377.4
Karnataka,Belgaum,2005,Kharif,Groundnut,3072.6,4236.8
Karnataka,Hassan,2002,Kharif,Cotton,2048.2,648.8
Bihar,Gaya,2004,Kharif,Soyabean,1903.1,3085.5
Haryana,Hisar,2004,Rabi,Maize,6616.0,19014.2
Punjab,Amritsar,2001,Kharif,Soyabean,1408.5,1274.5
Bihar,Bhagalpur,2014,Whole Year,Rice,1500.8,4767.6
Maharashtra,Nashik,2008,Rabi,Potato,8407.9,260046.3
Uttar Pradesh,Kanpur,2006,Rabi,Gram,1270.7,590.0
Madhya Pradesh,Bhopal,2013,Rabi,Jowar,2081.6,2904.1
Bihar,Gaya,2008,Kharif,Groundnut,1815.4,2244.7
Tamil Nadu,Thanjavur,2006,Rabi,Gram,2920.7,3059.7
Maharashtra,Pune,2004,Rabi,Onion,8517.6,117795.3
Bihar,Bhagalpur,2007,Rabi,Jowar,3107.0,3002.5
Tamil Nadu,Coimbatore,2010,Kharif,Tur,3009.6,2143.7
Tamil Nadu,Coimbatore,2014,Kharif,Soyabean,4718.0,5817.5
Haryana,Karnal,2006,Kharif,Rice,2835.3,6519.8
Haryana,Karnal,2005,Rabi,Maize,4137.2,6947.6
Punjab,Amritsar,2007,Whole Year,Sugarcane,5359.5,421767.3
West Bengal,Hooghly,2002,Kharif,Tur,2503.4,2557.0
West Bengal,Bardhaman,2003,Rabi,Mustard,2447.7,3720.5
Punjab,Amritsar,2014,Kharif,Cotton,2865.8,1195.5
Tamil Nadu,Thanjavur,2012,Kharif,Jowar,1502.0,1690.3
Madhya Pradesh,Bhopal,2007,Kharif,Cotton,5794.1,3077.3
Madhya Pradesh,Bhopal,2003,Whole Year,Potato,1894.3,30133.8
Maharashtra,Pune,2013,Rabi,Mustard,1769.6,3044.4
Maharashtra,Nagpur,2005,Kharif,Cotton,4136.0,2334.4
Bihar,Bhagalpur,2014,Kharif,Tur,1060.5,757.6
Andhra Pradesh,Guntur,2012,Kharif,Bajra,,6436.3
West Bengal,Nadia,2009,Kharif,Bajra,1663.8,3201.7
West Bengal,Nadia,2006,Rabi,Potato,1715.1,53550.7
Bihar,Patna,2010,Kharif,Tur,6325.0,5981.5
Punjab,Ludhiana,2002,Kharif,Onion,4682.9,94811.6
Punjab,Ludhiana,2001,Rabi,Groundnut,2858.1,3691.9
Tamil Nadu,Coimbatore,2005,Kharif,Groundnut,4039.2,3171.5
Punjab,Patiala,2012,Kharif,Tur,3448.9,3319.1
Punjab,Amritsar,2001,Rabi,Onion,3388.0,53297.5
Haryana,Hisar,2013,Rabi,Gram,3446.0,3282.7
Uttar Pradesh,Lucknow,2005,Rabi,Gram,4200.9,3209.6
Andhra Pradesh,Guntur,2005,Kharif,Maize,2115.5,5876.5
Karnataka,Belgaum,2001,Kharif,Onion,4968.9,63958.6
Haryana,Karnal,2012,Whole Year,Rice,1427.7,4179.0
Maharashtra,Pune,2005,Rabi,Gram,8522.7,9969.4
Uttar Pradesh,Lucknow,2002,Kharif,Tur,3962.7,2574.3
Maharashtra,Nashik,2005,Rabi,Gram,1232.1,1366.1
Karnataka,Mysore,2005,Rabi,Gram,3214.6,2617.6
Karnataka,Mysore,2011,Rabi,Groundnut,4353.1,4734.0
Maharashtra,Pune,2010,Kharif,Rice,7804.1,29429.5
Andhra Pradesh,Guntur,2006,Rabi,Gram,4420.1,5409.0
Andhra Pradesh,Krishna,2007,Rabi,Jowar,1830.9,1534.0
Maharashtra,Nagpur,2012,Rabi,Onion,2321.7,
Uttar Pradesh,Lucknow,2001,Rabi,Potato,4453.6,33337.5
Haryana,Rohtak,2011,Kharif,Jowar,4195.8,3294.1
Tamil Nadu,Thanjavur,2002,Whole Year,Banana,3196.5,114566.6
Haryana,Rohtak,2002,Rabi,Maize,3243.8,8020.1
West Bengal,Bardhaman,2002,Rabi,Wheat,6447.1,20974.5
Maharashtra,Nagpur,2004,Kharif,Soyabean,4156.4,4428.4
Madhya Pradesh,Ujjain,2012,Rabi,Mustard,1184.4,1646.7
Karnataka,Mysore,2008,Kharif,Jowar,927.3,881.3
West Bengal,Hooghly,2007,Rabi,Jowar,2304.2,2753.7
Haryana,Hisar,2007,Kharif,Groundnut,3297.6,4497.0
Madhya Pradesh,Bhopal,2014,Whole Year,Rice,2780.7,7630.8
West Bengal,Nadia,2003,Whole Year,Banana,2771.7,114046.6
Uttar Pradesh,Lucknow,2010,Rabi,Groundnut,5376.5,6226.5
Bihar,Gaya,2010,Whole Year,Rice,7371.3,20690.2
Punjab,Patiala,2006,Whole Year,Rice,6555.7,24046.6
Uttar Pradesh,Kanpur,2012,Rabi,Potato,6216.6,112883.8
Bihar,Bhagalpur,2014,Rabi,Maize,3002.7,8774.1
Punjab,Amritsar,2009,Kharif,Soyabean,2338.5,2149.5
Tamil Nadu,Salem,2007,Kharif,Tur,1061.3,1069.5
Uttar Pradesh,Kanpur,2006,Rabi,Groundnut,11943.8,12861.6
Haryana,Hisar,2008,Whole Year,Rice,1520.6,3905.4
Haryana,Hisar,2003,Rabi,Onion,3895.0,53884.1
Punjab,Ludhiana,2010,Rabi,Maize,3680.8,14360.6
Bihar,Gaya,2011,Kharif,Tur,924.1,714.0
Andhra Pradesh,Nellore,2006,Kharif,Jowar,4362.2,3489.9
Uttar Pradesh,Meerut,2004,Kharif,Maize,1593.4,4979.4
Punjab,Amritsar,2012,Rabi,Onion,2310.9,33497.4
Andhra Pradesh,Guntur,2001,Rabi,Jowar,9995.0,9039.3
Haryana,Hisar,2013,Rabi,Onion,1098.0,15350.3
Uttar Pradesh,Meerut,2010,Kharif,Bajra,4245.5,4569.1
Tamil Nadu,Coimbatore,2001,Rabi,Potato,3624.2,44886.1
West Bengal,Hooghly,2006,Rabi,Onion,4537.4,70746.7
Tamil Nadu,Coimbatore,2004,Kharif,Rice,2760.4,8172.2
Andhra Pradesh,Krishna,2004,Rabi,Onion,2514.4,39704.3
Tamil Nadu,Coimbatore,2013,Kharif,Maize,4431.6,11119.0
Madhya Pradesh,Bhopal,2012,Kharif,Onion,6077.9,90288.8
West Bengal,Nadia,2002,Whole Year,Banana,1931.6,65450.0
Andhra Pradesh,Nellore,2004,Kharif,Onion,1991.7,37451.8
Karnataka,Belgaum,2001,Rabi,Potato,4833.4,100730.1
Haryana,Hisar,2010,Rabi,Onion,1503.8,20827.1
Haryana,Karnal,2012,Rabi,Potato,2142.3,36943.3
Andhra Pradesh,Krishna,2003,Whole Year,Rice,2776.2,9359.9
Karnataka,Hassan,2005,Kharif,Soyabean,1372.8,1869.5
Maharashtra,Nashik,2008,Kharif,Maize,3351.5,11135.4
West Bengal,Hooghly,2001,Whole Year,Potato,2334.7,41236.3
Haryana,Rohtak,2007,Kharif,Tur,6607.7,5106.1
Karnataka,Belgaum,2014,Kharif,Onion,4230.1,71404.8
Bihar,Bhagalpur,2008,Kharif,Cotton,3112.4,1320.0
Karnataka,Hassan,2006,Rabi,Onion,5773.8,61784.9
Andhra Pradesh,Guntur,2003,Whole Year,Banana,,31012.9
Madhya Pradesh,Indore,2012,Whole Year,Rice,2416.0,6342.6
Madhya Pradesh,Indore,2010,Whole Year,Rice,3326.1,11558.4
Andhra Pradesh,Krishna,2008,Kharif,Onion,7471.7,169375.2
Haryana,Rohtak,2011,Kharif,Maize,1368.3,3686.5
Uttar Pradesh,Kanpur,2009,Kharif,Bajra,1880.2,2147.2
Haryana,Karnal,2011,Kharif,Maize,1294.9,3556.5
Andhra Pradesh,Krishna,2009,Whole Year,Sugarcane,7828.2,505464.2
Punjab,Ludhiana,2001,Rabi,Onion,1857.8,26664.0
Tamil Nadu,Thanjavur,2008,Rabi,Groundnut,7277.6,
West Bengal,Hooghly,2004,Whole Year,Banana,571.4,22281.2
Madhya Pradesh,Indore,2013,Whole Year,Rice,1580.7,5938.2
Karnataka,Mysore,2003,Rabi,Jowar,2953.7,3105.9
Uttar Pradesh,Meerut,2008,Rabi,Onion,1393.6,23992.8
West Bengal,Hooghly,2007,Rabi,Groundnut,3867.9,
Haryana,Karnal,2011,Kharif,Rice,5679.5,11109.4
Karnataka,Belgaum,2002,Kharif,Groundnut,2911.9,3765.4
Bihar,Gaya,2005,Kharif,Tur,1558.2,1025.7
Haryana,Rohtak,2007,Kharif,Soyabean,7180.6,6241.7
Uttar Pradesh,Lucknow,2008,Whole Year,Rice,1766.8,3612.1
Karnataka,Mysore,2002,Kharif,Soyabean,5272.6,6979.8
Uttar Pradesh,Kanpur,2005,Kharif,Tur,2516.3,2105.4
Tamil Nadu,Coimbatore,2004,Whole Year,Sugarcane,3543.8,225154.4
West Bengal,Hooghly,2005,Kharif,Groundnut,8912.9,9926.5
Tamil Nadu,Salem,2013,Kharif,Jowar,5240.3,3939.2
Tamil Nadu,Thanjavur,2009,Rabi,Wheat,2883.9,9488.2
Tamil Nadu,Salem,2005,Rabi,Wheat,5225.8,10729.3
Punjab,Patiala,2005,Whole Year,Rice,1532.6,5319.6
Tamil Nadu,Salem,2012,Kharif,Maize,5031.5,9738.8
Punjab,Amritsar,2005,Whole Year,Banana,2514.3,89114.9
Tamil Nadu,Thanjavur,2012,Kharif,Rice,937.7,2047.1
Andhra Pradesh,Guntur,2006,Rabi,Wheat,1871.7,7112.2
West Bengal,Bardhaman,2004,Rabi,Jowar,5002.1,3896.1
Madhya Pradesh,Bhopal,2013,Kharif,Groundnut,784.6,1042.1
Madhya Pradesh,Indore,2013,Kharif,Onion,2781.6,53305.3
Punjab,Ludhiana,2002,Kharif,Maize,4293.9,13692.1
Haryana,Karnal,2006,Kharif,Cotton,1485.1,514.1
Bihar,Gaya,2003,Whole Year,Rice,3863.1,12135.8
Bihar,Gaya,2004,Kharif,Bajra,1862.6,2404.8
Karnataka,Hassan,2013,Kharif,Soyabean,5556.2,5837.0
Uttar Pradesh,Kanpur,2012,Kharif,Onion,702.4,12634.8
Bihar,Patna,2010,Rabi,Mustard,5356.8,7304.6
Tamil Nadu,Thanjavur,2003,Whole Year,Banana,2245.8,63958.0
Uttar Pradesh,Meerut,2014,Kharif,Tur,1985.1,1653.3
Haryana,Rohtak,2009,Rabi,Maize,2034.1,5485.4
Punjab,Ludhiana,2003,Kharif,Soyabean,2374.0,2003.9
West Bengal,Hooghly,2010,Kharif,Onion,873.1,8835.0
Karnataka,Mysore,2009,Kharif,Rice,3744.9,8972.6
Tamil Nadu,Coimbatore,2006,Kharif,Onion,3010.1,42369.1
Uttar Pradesh,Meerut,2002,Kharif,Bajra,2688.2,4434.0
Tamil Nadu,Thanjavur,2006,Kharif,Rice,5472.0,14141.5
West Bengal,Hooghly,2009,Kharif,Tur,1950.6,1361.1
West Bengal,Bardhaman,2006,Whole Year,Potato,1132.0,18038.0
Bihar,Bhagalpur,2013,Rabi,Groundnut,3125.1,3856.0
Haryana,Rohtak,2006,Rabi,Wheat,2572.6,7007.7
Andhra Pradesh,Krishna,2010,Rabi,Wheat,3483.7,14107.6
Haryana,Karnal,2004,Rabi,Onion,1777.1,22206.0
Karnataka,Belgaum,2001,Rabi,Jowar,3679.6,4043.3
Haryana,Hisar,2004,Whole Year,Rice,3725.8,8828.3
Maharashtra,Nagpur,2014,Whole Year,Rice,1407.3,
Punjab,Ludhiana,2012,Kharif,Soyabean,1176.4,1548.2
Karnataka,Hassan,2014,Kharif,Soyabean,2460.8,2591.4
Uttar Pradesh,Lucknow,2008,Kharif,Bajra,3071.3,3988.3
Bihar,Patna,2014,Rabi,Gram,1870.2,1763.5
Andhra Pradesh,Krishna,2007,Kharif,Onion,6444.2,92070.2
Andhra Pradesh,Nellore,2004,Rabi,Potato,2603.7,64235.6
Maharashtra,Nashik,2009,Rabi,Mustard,6921.9,11199.5
Maharashtra,Pune,2001,Rabi,Wheat,2271.0,6826.5
Haryana,Karnal,2014,Kharif,Maize,441.8,907.1
Andhra Pradesh,Nellore,2014,Kharif,Groundnut,2836.2,3872.7
Haryana,Hisar,2002,Rabi,Maize,1717.9,3709.7
Karnataka,Mysore,2011,Kharif,Maize,3572.3,6964.3
Bihar,Patna,2007,Rabi,Wheat,2384.9,6726.7
Karnataka,Mysore,2009,Rabi,Jowar,1523.3,2172.7
Bihar,Patna,2009,Rabi,Wheat,9809.6,35703.8
Madhya Pradesh,Bhopal,2008,Rabi,Gram,2031.5,2112.1
Tamil Nadu,Coimbatore,2008,Rabi,Potato,7246.3,109783.6
Andhra Pradesh,Krishna,2005,Whole Year,Rice,4408.5,12847.1
West Bengal,Hooghly,2013,Kharif,Bajra,9390.9,13342.0
Haryana,Rohtak,2002,Kharif,Maize,1608.8,3587.1
Haryana,Rohtak,2002,Whole Year,Sugarcane,599.8,39967.6
Bihar,Patna,2005,Kharif,Bajra,,8380.9
Bihar,Gaya,2008,Kharif,Bajra,3251.1,4729.4
Madhya Pradesh,Ujjain,2011,Kharif,Tur,2480.6,2044.2
Tamil Nadu,Salem,2011,Kharif,Onion,3009.1,38700.5
Haryana,Karnal,2006,Rabi,Jowar,1995.7,2061.8
Uttar Pradesh,Lucknow,2003,Whole Year,Rice,2335.7,5870.8
Uttar Pradesh,Kanpur,2007,Rabi,Onion,1322.8,22710.7
Andhra Pradesh,Nellore,2012,Kharif,Rice,1970.3,6247.9
Uttar Pradesh,Kanpur,2003,Rabi,Gram,2728.3,2670.0
Bihar,Patna,2009,Whole Year,Rice,1559.6,5140.5
Andhra Pradesh,Nellore,2012,Rabi,Jowar,3803.6,5644.4
Bihar,Bhagalpur,2013,Whole Year,Rice,4472.9,13630.8
Maharashtra,Pune,2010,Kharif,Maize,312.8,947.4
Madhya Pradesh,Bhopal,2011,Rabi,Groundnut,2397.8,3486.8
Andhra Pradesh,Krishna,2014,Kharif,Rice,2375.8,7814.1
Maharashtra,Nagpur,2005,Rabi,Groundnut,2411.6,3236.2
Uttar Pradesh,Lucknow,2013,Kharif,Groundnut,1322.2,1193.8
West Bengal,Bardhaman,2007,Whole Year,Potato,4950.7,
Karnataka,Belgaum,2014,Rabi,Mustard,5321.1,8414.3
West Bengal,Bardhaman,2013,Rabi,Onion,1936.7,39161.8
West Bengal,Hooghly,2002,Rabi,Wheat,2409.7,8778.3
Karnataka,Belgaum,2002,Kharif,Cotton,1958.6,
West Bengal,Hooghly,2011,Rabi,Gram,755.0,838.1
Tamil Nadu,Thanjavur,2001,Kharif,Groundnut,2233.0,2488.3
Tamil Nadu,Coimbatore,2003,Rabi,Maize,1357.5,3621.4
Karnataka,Mysore,2014,Whole Year,Potato,,35978.6
Tamil Nadu,Thanjavur,2008,Rabi,Gram,2191.3,1645.4
Maharashtra,Pune,2007,Rabi,Maize,933.6,3238.8
West Bengal,Bardhaman,2001,Rabi,Gram,1118.1,842.6
Andhra Pradesh,Nellore,2006,Kharif,Onion,1728.9,28360.7
Haryana,Rohtak,2008,Kharif,Jowar,4725.1,6684.3
Andhra Pradesh,Guntur,2014,Kharif,Tur,3817.5,2586.5
Andhra Pradesh,Nellore,2010,Whole Year,Sugarcane,3098.4,253798.5
Karnataka,Mysore,2002,Kharif,Bajra,1813.3,2531.9
Madhya Pradesh,Bhopal,2007,Rabi,Jowar,2220.6,2733.3
West Bengal,Hooghly,2006,Rabi,Groundnut,3765.8,4931.4
West Bengal,Bardhaman,2002,Rabi,Mustard,4431.8,5792.1
Andhra Pradesh,Nellore,2003,Kharif,Onion,2607.1,44803.4
Punjab,Patiala,2001,Kharif,Maize,3970.4,14108.7
Haryana,Karnal,2002,Whole Year,Potato,2009.9,36459.1
Karnataka,Mysore,2011,Kharif,Jowar,617.5,546.4
Maharashtra,Pune,2005,Kharif,Groundnut,2689.8,3310.2
Punjab,Amritsar,2010,Kharif,Onion,2084.0,33254.0
Punjab,Patiala,2012,Rabi,Gram,1832.5,2416.8
Bihar,Gaya,2010,Kharif,Cotton,1721.1,804.8
Tamil Nadu,Coimbatore,2014,Whole Year,Rice,5695.2,14147.9
Haryana,Hisar,2001,Rabi,Maize,2069.1,3894.0
Tamil Nadu,Coimbatore,2003,Whole Year,Sugarcane,4204.0,236157.2
Punjab,Amritsar,2002,Kharif,Cotton,4062.5,1797.0
Haryana,Hisar,2009,Kharif,Onion,3291.2,63665.5
Tamil Nadu,Thanjavur,2010,Rabi,Groundnut,6572.3,9316.9
Karnataka,Mysore,2013,Rabi,Groundnut,1593.0,1813.0
Haryana,Rohtak,2012,Kharif,Soyabean,3823.1,5498.1
Tamil Nadu,Salem,2010,Kharif,Bajra,2066.3,3253.9
Karnataka,Mysore,2013,Kharif,Onion,6357.3,123041.9
Uttar Pradesh,Kanpur,2008,Whole Year,Sugarcane,3781.6,326964.5
West Bengal,Hooghly,2002,Rabi,Jowar,1907.7,1459.8
Andhra Pradesh,Krishna,2003,Rabi,Jowar,6563.4,5682.5
Haryana,Hisar,2011,Kharif,Maize,1895.0,2617.9
Madhya Pradesh,Ujjain,2002,Whole Year,Sugarcane,1006.2,66604.1
Andhra Pradesh,Guntur,2011,Rabi,Groundnut,802.7,1311.7
Punjab,Ludhiana,2007,Kharif,Rice,3156.4,9616.6
Haryana,Rohtak,2013,Rabi,Maize,3534.9,7356.0
Madhya Pradesh,Indore,2006,Kharif,Groundnut,4822.4,8247.3
West Bengal,Nadia,2001,Whole Year,Rice,3963.7,14295.3
Tamil Nadu,Coimbatore,2009,Rabi,Gram,2407.6,1928.5
Punjab,Patiala,2007,Rabi,Potato,1676.1,49434.8
Karnataka,Belgaum,2004,Kharif,Groundnut,1396.4,2428.6
Tamil Nadu,Salem,2007,Whole Year,Rice,7635.6,19345.7
Maharashtra,Pune,2014,Whole Year,Sugarcane,4610.3,393694.9
Karnataka,Hassan,2009,Kharif,Soyabean,3757.4,2881.5
Uttar Pradesh,Meerut,2009,Whole Year,Rice,1387.0,4614.7
Karnataka,Belgaum,2011,Rabi,Wheat,,1622.7
Uttar Pradesh,Lucknow,2006,Whole Year,Sugarcane,2917.3,170384.0
Andhra Pradesh,Guntur,2013,Whole Year,Sugarcane,2394.4,171326.2
Uttar Pradesh,Lucknow,2005,Kharif,Tur,2573.1,1183.1
Maharashtra,Nashik,2010,Rabi,Potato,4676.0,117350.5
West Bengal,Bardhaman,2008,Kharif,Jowar,1532.1,1757.9
Karnataka,Belgaum,2010,Rabi,Mustard,2349.2,3470.7
Maharashtra,Nagpur,2011,Kharif,Onion,998.1,17648.1
Karnataka,Hassan,2002,Rabi,Groundnut,9104.0,10870.0
Punjab,Patiala,2012,Whole Year,Potato,1354.5,36600.8
Punjab,Amritsar,2005,Rabi,Onion,1755.3,21966.2
Tamil Nadu,Coimbatore,2002,Whole Year,Potato,1208.6,13151.1
Karnataka,Mysore,2006,Kharif,Jowar,1464.5,872.3
West Bengal,Hooghly,2009,Rabi,Groundnut,3591.8,5864.9
Tamil Nadu,Thanjavur,2004,Kharif,Groundnut,1290.0,1362.8
Uttar Pradesh,Lucknow,2006,Kharif,Tur,2163.5,933.2
Madhya Pradesh,Bhopal,2006,Kharif,Maize,4186.7,15804.7
Maharashtra,Pune,2008,Rabi,Groundnut,4168.7,
Karnataka,Belgaum,2007,Rabi,Groundnut,2536.0,2689.2
Haryana,Karnal,2007,Rabi,Potato,3351.1,64524.9
Haryana,Rohtak,2010,Rabi,Wheat,2599.3,7544.2
Karnataka,Hassan,2004,Rabi,Groundnut,6914.9,6992.9
Madhya Pradesh,Indore,2007,Rabi,Groundnut,1652.1,2107.7
West Bengal,Bardhaman,2005,Kharif,Rice,4981.0,14169.2
Uttar Pradesh,Lucknow,2012,Kharif,Groundnut,4044.4,3882.1
Andhra Pradesh,Nellore,2006,Kharif,Soyabean,2217.2,
Haryana,Karnal,2002,Kharif,Onion,3158.1,24273.8
Madhya Pradesh,Indore,2007,Whole Year,Rice,6125.6,20820.0
Karnataka,Mysore,2012,Kharif,Rice,1095.0,3558.4
Uttar Pradesh,Meerut,2007,Kharif,Bajra,7759.8,12334.8
Madhya Pradesh,Indore,2008,Kharif,Tur,2931.1,2142.3
Madhya Pradesh,Ujjain,2006,Kharif,Tur,2427.8,2413.1
Bihar,Gaya,2009,Kharif,Groundnut,3960.4,2670.4
Maharashtra,Nashik,2003,Whole Year,Potato,,55271.2
Madhya Pradesh,Bhopal,2007,Whole Year,Banana,3305.4,161812.5
Karnataka,Hassan,2008,Kharif,Tur,4504.2,3122.1
Madhya Pradesh,Indore,2010,Kharif,Maize,1327.0,4669.5
Uttar Pradesh,Kanpur,2010,Kharif,Tur,4490.0,4557.1
Punjab,Patiala,2008,Whole Year,Banana,9959.8,541216.1
Tamil Nadu,Thanjavur,2005,Kharif,Cotton,3679.2,1207.9
Andhra Pradesh,Guntur,2007,Kharif,Bajra,1414.7,2655.1
Tamil Nadu,Salem,2014,Rabi,Jowar,799.6,740.7
Punjab,Ludhiana,2004,Kharif,Onion,5340.7,96318.6
Punjab,Amritsar,2008,Whole Year,Sugarcane,1723.9,129832.1
Uttar Pradesh,Kanpur,2003,Kharif,Tur,925.4,676.2
West Bengal,Bardhaman,2007,Whole Year,Sugarcane,6200.7,520087.7
Karnataka,Hassan,2013,Rabi,Gram,2379.4,2300.2
Karnataka,Belgaum,2007,Kharif,Jowar,2101.6,1994.6
Punjab,Ludhiana,2008,Whole Year,Potato,3061.0,68927.4
Madhya Pradesh,Ujjain,2003,Rabi,Groundnut,5387.6,6909.6
Bihar,Patna,2003,Kharif,Rice,3623.5,9974.7
West Bengal,Hooghly,2012,Whole Year,Rice,1926.1,5408.0
Tamil Nadu,Thanjavur,2006,Whole Year,Sugarcane,723.9,49097.0
Uttar Pradesh,Kanpur,2003,Rabi,Potato,915.7,16206.3
Uttar Pradesh,Kanpur,2003,Kharif,Groundnut,1070.6,1432.4
Bihar,Patna,2011,Kharif,Onion,2448.4,63883.8
Uttar Pradesh,Meerut,2009,Rabi,Wheat,2643.9,9500.5
Karnataka,Mysore,2009,Kharif,Cotton,3059.1,1540.4
Uttar Pradesh,Kanpur,2013,Kharif,Onion,1619.1,24528.9
Karnataka,Belgaum,2008,Kharif,Tur,1830.2,1293.2
Karnataka,Mysore,2014,Kharif,Onion,974.2,9637.4
Bihar,Bhagalpur,2007,Whole Year,Banana,1177.3,41115.8
Bihar,Gaya,2011,Kharif,Rice,2993.2,8861.4
Maharashtra,Nagpur,2004,Kharif,Onion,1154.9,18942.0
Madhya Pradesh,Bhopal,2002,Rabi,Jowar,2170.0,2515.9
Punjab,Ludhiana,2001,Whole Year,Banana,3452.3,115984.0
Bihar,Bhagalpur,2011,Whole Year,Banana,4810.6,180333.7
Uttar Pradesh,Lucknow,2009,Kharif,Groundnut,2818.5,3380.8
Maharashtra,Pune,2006,Kharif,Onion,1315.6,26417.8
Bihar,Bhagalpur,2009,Rabi,Potato,2406.9,39049.3
Bihar,Patna,2009,Kharif,Groundnut,4533.8,5152.3
Punjab,Ludhiana,2002,Rabi,Groundnut,2477.8,3848.0
Maharashtra,Nashik,2013,Rabi,Mustard,1079.2,1704.5
Karnataka,Mysore,2007,Rabi,Potato,6412.1,139605.8
Maharashtra,Pune,2002,Kharif,Bajra,4179.6,6182.8
Bihar,Patna,2012,Kharif,Groundnut,2135.5,3914.0
Karnataka,Hassan,2003,Rabi,Gram,3496.1,2655.0
West Bengal,Hooghly,2012,Rabi,Jowar,626.9,983.2
West Bengal,Hooghly,2008,Rabi,Wheat,4033.9,15586.6
West Bengal,Hooghly,2001,Kharif,Groundnut,2192.2,3144.6
Andhra Pradesh,Guntur,2012,Rabi,Groundnut,9311.8,15257.0
West Bengal,Nadia,2012,Kharif,Bajra,2707.5,4439.1
Andhra Pradesh,Guntur,2009,Rabi,Potato,1442.6,38703.1
Madhya Pradesh,Ujjain,2005,Rabi,Maize,3594.4,9594.7
Haryana,Rohtak,2014,Rabi,Gram,3743.0,2705.4
Andhra Pradesh,Nellore,2006,Whole Year,Sugarcane,5595.2,
Maharashtra,Nagpur,2001,Whole Year,Banana,2939.2,112429.5
Bihar,Patna,2011,Whole Year,Rice,1704.4,5178.9
Maharashtra,Nagpur,2012,Whole Year,Banana,3094.8,139505.6
West Bengal,Hooghly,2009,Kharif,Jowar,1704.1,2161.6
Andhra Pradesh,Nellore,2005,Kharif,Soyabean,2874.3,3041.7
Uttar Pradesh,Kanpur,2006,Kharif,Onion,4313.4,62448.6
Uttar Pradesh,Meerut,2008,Whole Year,Sugarcane,2326.3,147884.7
Andhra Pradesh,Guntur,2001,Rabi,Potato,5800.7,124985.8
Madhya Pradesh,Bhopal,2013,Rabi,Groundnut,1041.4,
Punjab,Ludhiana,2002,Kharif,Bajra,2354.9,3953.4
Bihar,Patna,2012,Kharif,Tur,2054.8,1780.2
Karnataka,Belgaum,2009,Kharif,Onion,2942.0,38545.0
Uttar Pradesh,Meerut,2011,Kharif,Soyabean,2682.5,2886.5
Madhya Pradesh,Indore,2008,Kharif,Soyabean,10220.9,14047.3
Tamil Nadu,Salem,2005,Kharif,Tur,3587.9,2095.6
Madhya Pradesh,Ujjain,2013,Kharif,Tur,5684.1,3689.8
Tamil Nadu,Thanjavur,2006,Whole Year,Banana,1079.6,31740.8
Maharashtra,Nashik,2008,Rabi,Maize,1503.0,5176.1
Punjab,Patiala,2004,Rabi,Wheat,1564.0,6334.4
Tamil Nadu,Coimbatore,2002,Kharif,Bajra,3559.4,
Bihar,Gaya,2009,Rabi,Mustard,2088.6,4023.8
West Bengal,Nadia,2012,Whole Year,Rice,1689.5,6020.9
Uttar Pradesh,Lucknow,2006,Kharif,Bajra,2987.1,3394.7
Madhya Pradesh,Bhopal,2010,Kharif,Maize,3121.2,11383.4
Bihar,Gaya,2013,Rabi,Groundnut,1525.1,1951.4
Madhya Pradesh,Ujjain,2001,Kharif,Cotton,596.9,261.7
West Bengal,Bardhaman,2003,Rabi,Onion,5915.4,93565.6
Punjab,Amritsar,2001,Kharif,Maize,2549.2,5938.9
West Bengal,Hooghly,2011,Rabi,Onion,2500.3,51611.3
West Bengal,Hooghly,2014,Rabi,Potato,2888.4,69653.7
Punjab,Amritsar,2001,Kharif,Bajra,6378.9,7320.8
Uttar Pradesh,Lucknow,2004,Rabi,Gram,1758.3,1000.3
West Bengal,Bardhaman,2005,Rabi,Onion,1521.5,29546.0
Karnataka,Mysore,2004,Kharif,Onion,1050.1,15947.5
Bihar,Bhagalpur,2013,Rabi,Maize,1118.0,2455.9
Punjab,Amritsar,2010,Whole Year,Banana,635.9,29067.6
Bihar,Gaya,2004,Kharif,Rice,2138.6,6084.8
Punjab,Patiala,2002,Whole Year,Rice,3807.9,13470.9
Haryana,Rohtak,2012,Kharif,Maize,5597.1,14488.8
Haryana,Karnal,2001,Kharif,Jowar,1472.0,1469.1
West Bengal,Nadia,2013,Rabi,Potato,1742.5,58257.7
Punjab,Amritsar,2005,Kharif,Cotton,999.8,410.5
Andhra Pradesh,Guntur,2010,Rabi,Gram,5252.2,7469.5
Tamil Nadu,Thanjavur,2003,Kharif,Jowar,2210.6,2722.3
Punjab,Ludhiana,2014,Kharif,Rice,2559.8,8927.9
Tamil Nadu,Coimbatore,2009,Kharif,Soyabean,2561.0,2653.5
Maharashtra,Nashik,2006,Rabi,Maize,3992.5,11825.2
Uttar Pradesh,Lucknow,2014,Rabi,Wheat,1351.4,3583.0
Tamil Nadu,Thanjavur,2006,Rabi,Groundnut,7839.2,10706.7
Tamil Nadu,Salem,2005,Rabi,Jowar,6025.1,5292.1
Karnataka,Mysore,2013,Kharif,Bajra,4159.3,4978.2
Haryana,Rohtak,2014,Whole Year,Banana,3947.9,163132.7
Haryana,Rohtak,2008,Whole Year,Banana,2060.2,70796.6
Punjab,Ludhiana,2006,Kharif,Tur,2550.9,1606.6
Madhya Pradesh,Indore,2013,Rabi,Gram,1457.7,1585.8
Maharashtra,Nagpur,2006,Kharif,Groundnut,1000.6,1151.4
West Bengal,Nadia,2003,Kharif,Cotton,2794.9,1678.3
Tamil Nadu,Thanjavur,2005,Kharif,Jowar,6091.9,6374.1
Karnataka,Mysore,2002,Rabi,Gram,506.1,406.4
Madhya Pradesh,Indore,2007,Kharif,Groundnut,294.6,418.8
Karnataka,Belgaum,2007,Kharif,Onion,2348.2,48456.3
West Bengal,Bardhaman,2011,Whole Year,Banana,9487.5,380700.1
Bihar,Gaya,2007,Rabi,Groundnut,8495.1,9511.5
Madhya Pradesh,Bhopal,2001,Whole Year,Banana,1242.0,46598.1
Karnataka,Hassan,2006,Rabi,Maize,2154.9,3776.5
Madhya Pradesh,Bhopal,2012,Kharif,Maize,4474.0,13233.3
Madhya Pradesh,Ujjain,2009,Whole Year,Banana,,107553.3
Madhya Pradesh,Indore,2013,Kharif,Rice,3156.9,11086.0
Tamil Nadu,Coimbatore,2011,Kharif,Tur,7026.3,3729.5
Bihar,Patna,2008,Whole Year,Sugarcane,1239.4,98805.2
West Bengal,Nadia,2002,Rabi,Potato,3199.1,78420.7
Uttar Pradesh,Kanpur,2005,Kharif,Bajra,3504.5,4385.6
West Bengal,Bardhaman,2012,Rabi,Gram,2737.7,3053.7
Punjab,Patiala,2006,Kharif,Soyabean,2314.0,3434.8
Maharashtra,Nagpur,2011,Whole Year,Potato,2808.6,84512.9
Madhya Pradesh,Bhopal,2009,Kharif,Cotton,543.3,330.5
West Bengal,Bardhaman,2010,Rabi,Wheat,5186.6,17558.5
Punjab,Patiala,2008,Rabi,Maize,1187.8,3575.4
West Bengal,Hooghly,2010,Rabi,Gram,2942.9,3837.7
Bihar,Bhagalpur,2009,Rabi,Maize,9109.8,20083.1
Andhra Pradesh,Nellore,2008,Rabi,Jowar,4962.8,5451.7
Andhra Pradesh,Nellore,2005,Rabi,Jowar,5899.9,8006.5
Karnataka,Hassan,2006,Rabi,Mustard,5089.5,6702.2
Madhya Pradesh,Bhopal,2005,Kharif,Onion,6499.9,76399.1
Punjab,Ludhiana,2011,Rabi,Onion,3430.0,58803.9
Punjab,Amritsar,2004,Kharif,Soyabean,2260.3,2373.5
Karnataka,Hassan,2009,Whole Year,Banana,1625.9,53509.6
Maharashtra,Nagpur,2010,Kharif,Cotton,1437.1,866.1
Haryana,Karnal,2006,Whole Year,Potato,4837.9,55447.4
Madhya Pradesh,Indore,2003,Kharif,Groundnut,3502.6,6622.4
West Bengal,Nadia,2010,Kharif,Soyabean,3302.3,4464.1
Tamil Nadu,Thanjavur,2002,Kharif,Cotton,5309.9,2430.9
Punjab,Amritsar,2012,Rabi,Jowar,1665.8,1441.1
Andhra Pradesh,Krishna,2011,Kharif,Tur,2428.9,2374.5
Madhya Pradesh,Bhopal,2002,Whole Year,Sugarcane,10985.3,1011313.9
West Bengal,Hooghly,2014,Whole Year,Banana,661.5,28686.5
West Bengal,Hooghly,2001,Rabi,Wheat,2780.0,9070.2
Uttar Pradesh,Kanpur,2014,Rabi,Groundnut,2731.7,4998.7
Karnataka,Hassan,2005,Rabi,Gram,3171.7,3917.5
Tamil Nadu,Coimbatore,2001,Kharif,Groundnut,1596.7,1426.9
Tamil Nadu,Salem,2014,Kharif,Onion,7872.9,131072.3
West Bengal,Bardhaman,2009,Kharif,Cotton,4079.7,1463.0
West Bengal,Hooghly,2014,Rabi,Gram,,2976.2
Bihar,Bhagalpur,2010,Kharif,Cotton,2777.0,1192.5
West Bengal,Hooghly,2003,Rabi,Gram,1288.1,616.3
Tamil Nadu,Coimbatore,2010,Rabi,Wheat,2413.0,6714.4
Karnataka,Belgaum,2002,Kharif,Onion,3003.1,39931.4
Bihar,Patna,2007,Rabi,Gram,1669.4,1346.6
Karnataka,Hassan,2012,Whole Year,Sugarcane,1908.2,107793.8
Maharashtra,Pune,2005,Kharif,Onion,2076.5,30078.3
Madhya Pradesh,Indore,2001,Kharif,Tur,5967.9,6927.9
Punjab,Patiala,2010,Rabi,Onion,3531.5,65331.1
Andhra Pradesh,Krishna,2002,Kharif,Onion,2566.7,34366.6
Maharashtra,Pune,2005,Kharif,Soyabean,1401.6,2061.6
Madhya Pradesh,Ujjain,2006,Whole Year,Sugarcane,2395.2,174975.9
Karnataka,Hassan,2007,Rabi,Groundnut,5224.4,6830.3
Punjab,Ludhiana,2006,Kharif,Cotton,3470.4,2416.7
Maharashtra,Pune,2006,Kharif,Cotton,3016.4,1116.4
Maharashtra,Nagpur,2013,Rabi,Groundnut,683.5,616.7
West Bengal,Nadia,2007,Rabi,Gram,1631.2,2519.4
Andhra Pradesh,Krishna,2003,Rabi,Wheat,2724.6,8818.3
Punjab,Patiala,2014,Whole Year,Potato,2125.9,66760.9
Haryana,Karnal,2007,Kharif,Cotton,6845.8,3347.5
Andhra Pradesh,Nellore,2002,Kharif,Groundnut,2582.8,2937.9
Tamil Nadu,Salem,2009,Whole Year,Rice,1416.9,4298.0
Andhra Pradesh,Guntur,2009,Kharif,Groundnut,438.1,737.6
Madhya Pradesh,Indore,2014,Rabi,Groundnut,3477.8,4678.6
Madhya Pradesh,Ujjain,2009,Kharif,Groundnut,865.3,1064.5
Tamil Nadu,Salem,2011,Whole Year,Rice,4844.3,12816.7
Madhya Pradesh,Bhopal,2012,Whole Year,Rice,3759.1,
Uttar Pradesh,Meerut,2008,Rabi,Maize,1940.2,4911.7
Haryana,Rohtak,2013,Rabi,Gram,2816.5,2587.6
Madhya Pradesh,Indore,2005,Kharif,Bajra,6836.6,9668.9
Karnataka,Hassan,2014,Rabi,Wheat,3342.4,9273.2
West Bengal,Hooghly,2006,Rabi,Potato,3645.3,77178.9
Madhya Pradesh,Indore,2008,Kharif,Cotton,2425.8,1505.6
Haryana,Karnal,2010,Whole Year,Rice,2487.6,6115.0
Madhya Pradesh,Indore,2003,Whole Year,Sugarcane,4293.2,403230.2
Bihar,Patna,2005,Kharif,Rice,2440.6,5485.3
Madhya Pradesh,Bhopal,2004,Whole Year,Sugarcane,2851.4,225199.1
Haryana,Rohtak,2008,Rabi,Potato,6749.1,146359.8
Bihar,Gaya,2001,Kharif,Rice,4662.8,15353.9
Bihar,Bhagalpur,2003,Whole Year,Rice,1562.9,3577.2
Maharashtra,Nashik,2010,Kharif,Bajra,2457.0,5131.7
Karnataka,Hassan,2004,Rabi,Onion,2203.2,27702.4
Uttar Pradesh,Kanpur,2004,Rabi,Wheat,2304.0,7418.0
Punjab,Patiala,2005,Rabi,Maize,3368.4,9925.2
Madhya Pradesh,Bhopal,2005,Rabi,Groundnut,6717.2,9729.9
Bihar,Patna,2014,Kharif,Rice,1905.1,6043.7
Maharashtra,Pune,2012,Rabi,Groundnut,7632.2,12610.0
Uttar Pradesh,Meerut,2007,Kharif,Jowar,2873.0,2651.9
Andhra Pradesh,Nellore,2006,Rabi,Groundnut,4215.5,6119.5
Maharashtra,Nagpur,2004,Whole Year,Potato,1806.7,39169.6
Haryana,Hisar,2007,Rabi,Maize,1817.0,4772.5
Karnataka,Mysore,2010,Rabi,Potato,3485.1,87440.0
Bihar,Gaya,2003,Rabi,Wheat,7641.3,22781.7
Uttar Pradesh,Lucknow,2003,Rabi,Wheat,2021.4,6077.5
West Bengal,Hooghly,2004,Rabi,Maize,4847.2,13872.3
Bihar,Bhagalpur,2007,Kharif,Maize,2599.1,6784.6
Haryana,Karnal,2003,Rabi,Jowar,1129.2,797.9
Haryana,Karnal,2002,Rabi,Onion,3525.9,40983.4
Uttar Pradesh,Kanpur,2009,Rabi,Groundnut,1590.6,1598.7
Tamil Nadu,Thanjavur,2001,Kharif,Rice,1954.0,5497.6
Maharashtra,Nashik,2006,Kharif,Jowar,2115.0,2735.9
Karnataka,Mysore,2003,Kharif,Groundnut,3984.2,
Karnataka,Hassan,2013,Kharif,Onion,6184.3,112307.9
Uttar Pradesh,Meerut,2012,Rabi,Groundnut,2469.5,2871.4
Andhra Pradesh,Nellore,2014,Kharif,Soyabean,7383.8,13167.1
Uttar Pradesh,Meerut,2005,Rabi,Jowar,2072.4,1942.1
Bihar,Gaya,2014,Rabi,Gram,2996.8,2629.0
West Bengal,Nadia,2014,Whole Year,Potato,4798.0,133431.5
Punjab,Ludhiana,2010,Whole Year,Banana,2531.5,119002.3
Madhya Pradesh,Indore,2010,Kharif,Rice,2805.6,10326.6
Haryana,Rohtak,2001,Kharif,Tur,3221.1,2441.7
Haryana,Rohtak,2012,Rabi,Maize,3682.7,9908.1
Punjab,Patiala,2005,Kharif,Groundnut,3095.8,2996.6
Tamil Nadu,Coimbatore,2003,Kharif,Onion,5850.1,70402.9
Uttar Pradesh,Kanpur,2011,Whole Year,Sugarcane,2573.1,195673.9
Punjab,Ludhiana,2008,Rabi,Maize,7830.8,22491.4
Karnataka,Hassan,2009,Kharif,Tur,883.4,816.7
Haryana,Rohtak,2003,Rabi,Mustard,3139.6,3980.8
Tamil Nadu,Thanjavur,2012,Rabi,Gram,1118.5,979.1
Bihar,Gaya,2013,Kharif,Cotton,3642.6,2130.9
Uttar Pradesh,Kanpur,2009,Kharif,Tur,608.1,681.5
Karnataka,Hassan,2012,Rabi,Maize,6114.9,18339.9
Maharashtra,Pune,2010,Rabi,Groundnut,6848.9,10357.6
Maharashtra,Nashik,2006,Whole Year,Sugarcane,2796.9,256800.4
Madhya Pradesh,Bhopal,2014,Rabi,Groundnut,793.0,1212.3
Andhra Pradesh,Nellore,2013,Whole Year,Rice,2523.7,8033.4
Uttar Pradesh,Meerut,2011,Kharif,Bajra,7511.1,12248.8
Tamil Nadu,Thanjavur,2004,Rabi,Groundnut,5846.6,6357.2
Uttar Pradesh,Lucknow,2003,Rabi,Gram,525.8,585.9
Maharashtra,Pune,2012,Rabi,Mustard,7210.4,12037.3
Bihar,Bhagalpur,2010,Kharif,Rice,3484.0,8897.9
Haryana,Rohtak,2007,Rabi,Gram,2421.8,2073.8
Tamil Nadu,Thanjavur,2011,Whole Year,Rice,1950.3,6247.8
Bihar,Patna,2001,Kharif,Groundnut,3576.9,3922.1
Maharashtra,Nashik,2006,Kharif,Cotton,3445.4,1376.4
Haryana,Hisar,2008,Kharif,Tur,1272.9,900.0
Haryana,Karnal,2003,Kharif,Rice,4548.9,9579.4
Andhra Pradesh,Krishna,2001,Kharif,Soyabean,2775.8,3341.8
Madhya Pradesh,Indore,2001,Rabi,Groundnut,2153.2,1907.6
Uttar Pradesh,Meerut,2004,Rabi,Onion,1572.9,24226.6
Karnataka,Mysore,2010,Rabi,Gram,5004.7,5890.6
Punjab,Patiala,2007,Kharif,Onion,4009.7,68300.2
Punjab,Amritsar,2012,Kharif,Soyabean,1042.8,999.4
Bihar,Bhagalpur,2011,Kharif,Groundnut,3898.2,3372.5
Bihar,Bhagalpur,2003,Kharif,Maize,813.5,2197.2
Madhya Pradesh,Ujjain,2003,Kharif,Groundnut,2741.4,2857.8
Tamil Nadu,Thanjavur,2010,Kharif,Jowar,3767.0,3910.7
Haryana,Hisar,2001,Whole Year,Rice,2602.4,5364.3
Haryana,Rohtak,2007,Rabi,Potato,1177.4,16380.0
Tamil Nadu,Salem,2002,Rabi,Potato,7699.0,120183.8
Uttar Pradesh,Lucknow,2007,Kharif,Bajra,2210.3,2884.6
Punjab,Ludhiana,2013,Rabi,Groundnut,2711.5,4454.6
West Bengal,Nadia,2012,Rabi,Onion,1551.5,28301.2
Bihar,Bhagalpur,2014,Whole Year,Banana,2372.5,98295.9
West Bengal,Bardhaman,2001,Kharif,Cotton,2830.3,953.3
Haryana,Karnal,2009,Rabi,Potato,2501.3,72885.1
Maharashtra,Nagpur,2010,Kharif,Rice,694.3,2570.0
Uttar Pradesh,Kanpur,2007,Rabi,Groundnut,1817.7,2296.2
Andhra Pradesh,Nellore,2001,Kharif,Jowar,3441.3,3276.4
Karnataka,Belgaum,2005,Kharif,Jowar,3196.9,2588.1
West Bengal,Bardhaman,2004,Kharif,Rice,552.7,1199.9
Bihar,Patna,2011,Rabi,Groundnut,3674.6,5224.6
Andhra Pradesh,Nellore,2009,Whole Year,Banana,2667.8,117042.6
West Bengal,Nadia,2008,Rabi,Potato,9526.1,271851.9
Karnataka,Belgaum,2011,Kharif,Soyabean,2046.6,1849.4
Maharashtra,Nagpur,2009,Kharif,Soyabean,2829.1,2925.6
Andhra Pradesh,Nellore,2010,Rabi,Wheat,2608.5,8583.7
Madhya Pradesh,Bhopal,2013,Kharif,Cotton,1490.1,579.0
Uttar Pradesh,Lucknow,2014,Kharif,Groundnut,1711.2,1303.2
Uttar Pradesh,Lucknow,2010,Whole Year,Rice,3442.2,7657.2
Madhya Pradesh,Indore,2001,Kharif,Groundnut,984.5,1099.7
West Bengal,Hooghly,2005,Kharif,Bajra,1929.7,2383.2
Maharashtra,Pune,2005,Whole Year,Rice,2901.6,10387.9
Tamil Nadu,Coimbatore,2012,Rabi,Potato,4494.6,78887.8
Karnataka,Mysore,2007,Rabi,Onion,8181.4,138891.5
Tamil Nadu,Coimbatore,2011,Rabi,Jowar,4479.0,4148.9
Haryana,Karnal,2009,Whole Year,Rice,3153.2,7535.2
Madhya Pradesh,Indore,2002,Kharif,Groundnut,1384.0,2304.6
Tamil Nadu,Thanjavur,2003,Kharif,Cotton,5104.6,2327.5
Maharashtra,Nagpur,2010,Kharif,Bajra,850.7,1329.3
Haryana,Rohtak,2005,Whole Year,Potato,2392.0,58382.5
Andhra Pradesh,Guntur,2011,Whole Year,Banana,1099.5,48466.7
Andhra Pradesh,Nellore,2004,Rabi,Wheat,1970.3,8122.4
Haryana,Hisar,2002,Kharif,Rice,2989.7,6019.3
Punjab,Amritsar,2005,Kharif,Onion,2622.8,38418.3
Andhra Pradesh,Guntur,2012,Rabi,Gram,3246.5,3667.8
Karnataka,Belgaum,2012,Kharif,Soyabean,2054.6,1746.4
Madhya Pradesh,Bhopal,2002,Rabi,Onion,2133.1,37555.5
Bihar,Bhagalpur,2007,Kharif,Tur,3617.2,2217.7
Haryana,Rohtak,2005,Rabi,Gram,5376.2,5043.2
Tamil Nadu,Coimbatore,2013,Whole Year,Sugarcane,5470.8,416506.5
Tamil Nadu,Thanjavur,2013,Rabi,Jowar,641.1,600.3
Tamil Nadu,Thanjavur,2001,Rabi,Groundnut,2204.2,2736.8
Karnataka,Hassan,2009,Rabi,Onion,1044.8,14079.8
Haryana,Rohtak,2003,Kharif,Maize,2673.6,5767.9
Maharashtra,Pune,2001,Kharif,Groundnut,2647.6,3950.2
Bihar,Bhagalpur,2008,Whole Year,Banana,1039.9,29168.3
Madhya Pradesh,Ujjain,2012,Whole Year,Banana,5683.6,247067.9
Bihar,Patna,2006,Rabi,Onion,1496.7,17818.7
Uttar Pradesh,Lucknow,2011,Rabi,Wheat,1976.0,5070.2
Madhya Pradesh,Indore,2002,Kharif,Cotton,1304.3,693.5
Tamil Nadu,Salem,2013,Rabi,Onion,1660.9,17538.4
Karnataka,Belgaum,2013,Kharif,Jowar,4528.9,2964.4
Punjab,Ludhiana,2006,Kharif,Onion,3097.3,47394.3
Bihar,Gaya,2001,Kharif,Soyabean,2356.4,1944.1
Haryana,Rohtak,2007,Whole Year,Sugarcane,1449.0,96951.6
Maharashtra,Nashik,2006,Kharif,Soyabean,2648.0,3087.2
Maharashtra,Nashik,2011,Rabi,Maize,2064.2,7026.4
Karnataka,Belgaum,2001,Kharif,Tur,2417.8,1904.3
Punjab,Amritsar,2011,Kharif,Cotton,7433.6,2770.3
Maharashtra,Nagpur,2002,Kharif,Onion,3313.7,52967.3
Haryana,Rohtak,2005,Kharif,Tur,1383.4,1052.9
Punjab,Ludhiana,2001,Kharif,Groundnut,5189.4,8280.9
Bihar,Bhagalpur,2011,Kharif,Jowar,1473.3,1544.6
Tamil Nadu,Thanjavur,2001,Whole Year,Rice,6929.1,15006.5
Maharashtra,Nashik,2014,Kharif,Rice,4802.7,16856.6
Haryana,Karnal,2003,Whole Year,Potato,1530.9,28276.2
Bihar,Patna,2013,Kharif,Tur,1929.8,1536.4
Uttar Pradesh,Meerut,2001,Kharif,Jowar,3645.4,2973.8
Tamil Nadu,Salem,2011,Rabi,Maize,1606.0,3903.9
Punjab,Amritsar,2001,Rabi,Wheat,4906.8,17603.4
Punjab,Ludhiana,2012,Kharif,Groundnut,5455.1,8009.7
Maharashtra,Nashik,2004,Kharif,Soyabean,4021.0,5041.4
Karnataka,Mysore,2003,Rabi,Gram,1601.2,1462.4
Bihar,Patna,2005,Rabi,Gram,1097.3,797.7
Andhra Pradesh,Nellore,2009,Rabi,Onion,4351.6,50748.5
Bihar,Bhagalpur,2013,Kharif,Rice,877.0,2412.1
Bihar,Patna,2009,Rabi,Mustard,2188.3,3120.9
West Bengal,Bardhaman,2011,Kharif,Bajra,4712.7,8481.8
Haryana,Hisar,2008,Kharif,Soyabean,1196.8,1428.5
Andhra Pradesh,Krishna,2005,Kharif,Onion,2191.8,28014.7
Madhya Pradesh,Indore,2008,Kharif,Onion,5666.4,130538.4
Madhya Pradesh,Bhopal,2002,Kharif,Tur,2911.3,2009.4
Uttar Pradesh,Meerut,2007,Kharif,Tur,1914.8,989.0
Tamil Nadu,Salem,2006,Rabi,Wheat,14064.3,36428.5
Punjab,Amritsar,2010,Whole Year,Potato,1310.7,30083.2
Andhra Pradesh,Nellore,2002,Whole Year,Banana,3180.7,128004.3
Karnataka,Hassan,2007,Kharif,Cotton,2004.9,689.3
Karnataka,Hassan,2011,Whole Year,Rice,3224.7,7831.4
Andhra Pradesh,Nellore,2004,Rabi,Mustard,3814.2,6714.4
Andhra Pradesh,Guntur,2012,Rabi,Maize,2003.7,5644.1
Madhya Pradesh,Bhopal,2008,Kharif,Cotton,,1021.7
Maharashtra,Nashik,2007,Rabi,Maize,663.8,2167.2
Punjab,Patiala,2002,Whole Year,Potato,1428.3,29354.2
Punjab,Patiala,2012,Kharif,Rice,1575.4,6377.3
Tamil Nadu,Salem,2011,Kharif,Jowar,2224.0,1972.4
Haryana,Karnal,2004,Kharif,Rice,3116.0,5300.0
Tamil Nadu,Coimbatore,2003,Kharif,Maize,6089.0,18496.4
Haryana,Karnal,2001,Rabi,Maize,1559.5,2895.6
Madhya Pradesh,Indore,2002,Kharif,Bajra,2125.1,3147.4
Maharashtra,Nashik,2009,Kharif,Maize,1439.8,4828.5
Andhra Pradesh,Nellore,2005,Kharif,Rice,2398.1,8986.4
Tamil Nadu,Salem,2003,Kharif,Jowar,3200.8,2551.5
Tamil Nadu,Salem,2002,Rabi,Maize,2351.0,4300.5
Punjab,Patiala,2012,Kharif,Groundnut,2055.8,3303.8
Madhya Pradesh,Bhopal,2007,Kharif,Jowar,1529.2,1241.1
Haryana,Hisar,2005,Kharif,Tur,1494.5,1060.8
Uttar Pradesh,Lucknow,2013,Rabi,Potato,886.3,19688.7
Uttar Pradesh,Kanpur,2012,Rabi,Jowar,3207.5,4257.9
Karnataka,Belgaum,2011,Kharif,Cotton,3713.5,1867.2
Uttar Pradesh,Kanpur,2011,Rabi,Potato,2744.1,64677.0
Madhya Pradesh,Ujjain,2010,Kharif,Groundnut,1293.0,1879.6
Bihar,Bhagalpur,2005,Kharif,Groundnut,2534.5,3143.5
Punjab,Ludhiana,2009,Kharif,Groundnut,4829.2,7403.7
Tamil Nadu,Coimbatore,2005,Kharif,Jowar,4039.7,4359.2
Haryana,Hisar,2008,Rabi,Mustard,6509.6,7076.4
Karnataka,Belgaum,2004,Kharif,Cotton,3217.3,1780.4
Bihar,Bhagalpur,2002,Rabi,Mustard,2358.3,3571.3
Maharashtra,Pune,2003,Rabi,Mustard,4954.1,9305.5
West Bengal,Bardhaman,2012,Whole Year,Sugarcane,2850.4,228505.9
Haryana,Rohtak,2006,Kharif,Jowar,1633.6,1552.5
Maharashtra,Pune,2005,Rabi,Maize,2131.7,7066.1
Punjab,Patiala,2006,Rabi,Gram,2273.7,2099.1
Andhra Pradesh,Guntur,2003,Kharif,Maize,2448.9,7272.0
Punjab,Patiala,2007,Kharif,Cotton,5285.9,3345.2
Uttar Pradesh,Lucknow,2004,Kharif,Cotton,2794.0,1160.1
Uttar Pradesh,Meerut,2005,Rabi,Wheat,3128.9,11180.1
Madhya Pradesh,Ujjain,2006,Rabi,Onion,4301.2,82320.2
Maharashtra,Pune,2014,Rabi,Groundnut,3844.0,5590.5
Karnataka,Hassan,2003,Rabi,Mustard,5790.7,8197.5
Karnataka,Mysore,2014,Rabi,Jowar,1362.8,1201.8
Andhra Pradesh,Krishna,2002,Rabi,Jowar,4069.1,4547.6
Uttar Pradesh,Kanpur,2005,Rabi,Potato,3778.1,68274.2
Haryana,Karnal,2004,Rabi,Wheat,3723.0,8914.1
Punjab,Ludhiana,2007,Rabi,Onion,2451.8,43416.6
Tamil Nadu,Coimbatore,2012,Kharif,Groundnut,4485.8,5777.1
Andhra Pradesh,Guntur,2005,Kharif,Cotton,1273.7,573.1
West Bengal,Hooghly,2001,Rabi,Groundnut,4047.1,5641.6
Haryana,Karnal,2003,Kharif,Jowar,3129.8,2841.0
Tamil Nadu,Salem,2002,Kharif,Jowar,1071.3,756.4
West Bengal,Hooghly,2005,Kharif,Rice,9826.5,20603.1
Tamil Nadu,Salem,2014,Kharif,Rice,8940.9,18947.9
Madhya Pradesh,Bhopal,2012,Kharif,Jowar,7926.6,10242.2
Punjab,Patiala,2008,Rabi,Potato,3002.4,81280.9
Andhra Pradesh,Guntur,2002,Rabi,Groundnut,2276.7,3167.5
Madhya Pradesh,Bhopal,2013,Whole Year,Banana,2295.8,105650.9
Tamil Nadu,Coimbatore,2007,Rabi,Potato,1486.8,33674.4
Andhra Pradesh,Guntur,2008,Kharif,Bajra,2722.0,5020.7
Punjab,Ludhiana,2009,Kharif,Bajra,1361.8,2393.5
Uttar Pradesh,Lucknow,2014,Whole Year,Rice,4479.1,9911.0
Tamil Nadu,Coimbatore,2004,Rabi,Potato,4443.9,91541.6
Madhya Pradesh,Ujjain,2001,Kharif,Soyabean,4995.6,6041.5
Maharashtra,Pune,2008,Rabi,Gram,3906.2,3948.9
Karnataka,Belgaum,2006,Kharif,Tur,4853.6,3792.2
Tamil Nadu,Salem,2006,Kharif,Maize,6973.0,16785.7
Punjab,Ludhiana,2009,Rabi,Gram,2319.3,2697.2
West Bengal,Bardhaman,2007,Rabi,Mustard,2085.8,3182.9
Bihar,Bhagalpur,2009,Whole Year,Sugarcane,4599.0,339033.6
Madhya Pradesh,Indore,2013,Kharif,Maize,3000.2,8498.9
Punjab,Ludhiana,2007,Kharif,Cotton,4217.0,2576.3
West Bengal,Hooghly,2002,Kharif,Maize,1666.3,4956.8
Bihar,Gaya,2014,Rabi,Mustard,5846.0,8075.6
Karnataka,Mysore,2004,Rabi,Gram,3379.5,2782.2
Karnataka,Mysore,2001,Kharif,Cotton,6872.1,
Punjab,Patiala,2011,Rabi,Onion,4128.1,80102.5
Karnataka,Hassan,2010,Kharif,Soyabean,5795.7,7740.3
Haryana,Karnal,2014,Whole Year,Rice,3076.7,7388.3
Haryana,Rohtak,2011,Rabi,Jowar,,1791.4
Maharashtra,Pune,2008,Kharif,Onion,1613.3,26435.5
Karnataka,Hassan,2009,Kharif,Cotton,2059.3,1079.7
Bihar,Patna,2009,Kharif,Onion,5832.9,112096.2
Punjab,Patiala,2008,Kharif,Cotton,5789.3,3453.7
Uttar Pradesh,Lucknow,2013,Rabi,Groundnut,,3594.2
Bihar,Bhagalpur,2008,Kharif,Groundnut,2930.9,3892.7
Uttar Pradesh,Kanpur,2005,Rabi,Onion,3513.9,15145.1
Uttar Pradesh,Meerut,2007,Kharif,Cotton,4825.8,1397.3
Madhya Pradesh,Bhopal,2003,Whole Year,Rice,2310.2,7026.9
Madhya Pradesh,Bhopal,2003,Kharif,Maize,3850.4,9265.6
Punjab,Patiala,2007,Whole Year,Rice,3323.3,11166.5
Madhya Pradesh,Indore,2009,Whole Year,Sugarcane,3448.6,250007.8
Punjab,Patiala,2005,Whole Year,Banana,1345.6,65741.3
West Bengal,Hooghly,2008,Rabi,Potato,2305.6,39150.5
Punjab,Patiala,2001,Kharif,Soyabean,1558.3,1986.8
Uttar Pradesh,Lucknow,2008,Rabi,Mustard,2552.7,
Tamil Nadu,Coimbatore,2001,Kharif,Bajra,4958.8,7321.9
Madhya Pradesh,Ujjain,2011,Rabi,Groundnut,3195.2,4169.0
West Bengal,Nadia,2009,Rabi,Onion,2402.2,37803.8
Haryana,Rohtak,2012,Kharif,Bajra,2376.1,3243.0
Punjab,Amritsar,2012,Kharif,Maize,2109.4,6957.5
Tamil Nadu,Thanjavur,2002,Rabi,Groundnut,2434.5,1830.9
Uttar Pradesh,Meerut,2009,Rabi,Maize,2706.4,9400.2
Bihar,Patna,2007,Kharif,Groundnut,1570.0,1111.9
Uttar Pradesh,Meerut,2001,Kharif,Tur,439.4,325.7
Karnataka,Mysore,2001,Rabi,Maize,2452.1,4942.0
Madhya Pradesh,Bhopal,2007,Kharif,Groundnut,2386.9,3967.5
Bihar,Patna,2006,Whole Year,Sugarcane,4938.7,314917.5
Bihar,Patna,2008,Rabi,Gram,5828.2,5703.8
Karnataka,Belgaum,2010,Whole Year,Potato,3197.0,57480.1
Andhra Pradesh,Krishna,2009,Kharif,Rice,603.7,1738.6
West Bengal,Hooghly,2013,Kharif,Onion,2479.1,43285.9
Haryana,Hisar,2011,Rabi,Maize,,11047.2
Madhya Pradesh,Bhopal,2014,Rabi,Onion,1380.1,32782.8
Bihar,Bhagalpur,2004,Rabi,Jowar,1750.8,2067.3
Andhra Pradesh,Nellore,2009,Rabi,Jowar,1964.2,2418.1
Punjab,Ludhiana,2013,Kharif,Cotton,805.4,482.8
Madhya Pradesh,Indore,2011,Kharif,Soyabean,3747.4,4967.1
West Bengal,Nadia,2006,Whole Year,Banana,2214.7,87405.7
Uttar Pradesh,Kanpur,2009,Kharif,Groundnut,2896.3,3025.0
Karnataka,Mysore,2014,Whole Year,Rice,3968.7,11084.0
Madhya Pradesh,Bhopal,2012,Rabi,Potato,2166.4,50405.0
West Bengal,Hooghly,2011,Kharif,Rice,3607.2,12474.9
Uttar Pradesh,Meerut,2003,Rabi,Onion,5406.0,128204.4
Maharashtra,Nagpur,2010,Rabi,Groundnut,2410.4,3708.6
Punjab,Ludhiana,2011,Rabi,Mustard,823.3,1572.4
Maharashtra,Nagpur,2006,Rabi,Onion,5221.3,95065.1
Maharashtra,Pune,2008,Kharif,Groundnut,2079.3,4417.2
Andhra Pradesh,Guntur,2009,Rabi,Maize,3308.6,10868.2
Madhya Pradesh,Ujjain,2003,Kharif,Cotton,6972.0,2829.5
Bihar,Patna,2006,Kharif,Onion,1596.5,24851.4
Maharashtra,Nagpur,2010,Whole Year,Rice,3637.9,12283.5
Haryana,Karnal,2003,Rabi,Onion,2905.9,38676.0
West Bengal,Bardhaman,2011,Rabi,Potato,1984.8,40503.8
Andhra Pradesh,Krishna,2011,Kharif,Soyabean,1045.3,1181.1
Bihar,Bhagalpur,2010,Kharif,Groundnut,3870.1,5382.0
Punjab,Amritsar,2002,Kharif,Jowar,1626.2,1685.9
Uttar Pradesh,Meerut,2005,Kharif,Soyabean,1777.4,1841.5
West Bengal,Nadia,2005,Rabi,Gram,3991.7,3254.8
Uttar Pradesh,Lucknow,2002,Rabi,Wheat,2108.7,6179.7
Tamil Nadu,Salem,2004,Kharif,Maize,3507.9,7370.6
Karnataka,Belgaum,2011,Whole Year,Banana,4862.1,233942.5
Uttar Pradesh,Lucknow,2014,Kharif,Maize,898.1,2146.9
West Bengal,Bardhaman,2006,Rabi,Onion,7100.2,98765.0
Haryana,Karnal,2008,Whole Year,Potato,3950.2,75833.7
Haryana,Rohtak,2014,Kharif,Bajra,5308.4,8821.3
Punjab,Ludhiana,2011,Whole Year,Potato,1278.5,30933.3
Tamil Nadu,Salem,2009,Kharif,Bajra,3820.1,5257.3
Maharashtra,Pune,2011,Rabi,Groundnut,6938.3,10070.9
Maharashtra,Nagpur,2004,Rabi,Potato,3616.6,45403.4
Bihar,Gaya,2004,Rabi,Gram,7294.9,5429.6
Andhra Pradesh,Nellore,2003,Rabi,Wheat,1702.8,6525.6
Haryana,Hisar,2009,Rabi,Mustard,2113.3,2984.3
Karnataka,Belgaum,2010,Rabi,Gram,1022.7,656.0
Punjab,Amritsar,2007,Kharif,Cotton,1423.0,604.3
Uttar Pradesh,Meerut,2009,Kharif,Jowar,2086.3,1334.3
Punjab,Amritsar,2004,Whole Year,Sugarcane,11368.1,927820.0
Tamil Nadu,Salem,2001,Rabi,Potato,4453.3,50312.7
Karnataka,Hassan,2005,Rabi,Maize,4090.9,8703.2
Madhya Pradesh,Ujjain,2008,Kharif,Maize,1614.2,4581.1
Uttar Pradesh,Lucknow,2011,Rabi,Maize,1921.9,3912.5
Haryana,Rohtak,2013,Whole Year,Potato,3531.8,92962.0
Madhya Pradesh,Indore,2008,Kharif,Jowar,3395.8,3438.5
Tamil Nadu,Thanjavur,2009,Whole Year,Potato,6189.1,103415.7
Madhya Pradesh,Ujjain,2007,Rabi,Mustard,1583.2,2497.3
Maharashtra,Pune,2007,Rabi,Wheat,1477.2,6337.1
Tamil Nadu,Coimbatore,2011,Whole Year,Potato,,56628.1
Andhra Pradesh,Guntur,2002,Rabi,Gram,2369.5,2224.5
Andhra Pradesh,Guntur,2008,Rabi,Maize,2984.3,8702.5
Karnataka,Belgaum,2009,Rabi,Potato,2672.2,41408.7
Punjab,Ludhiana,2002,Kharif,Soyabean,3848.2,5083.0
Tamil Nadu,Thanjavur,2013,Whole Year,Banana,533.8,17662.3
Haryana,Karnal,2003,Rabi,Wheat,2940.2,8837.5
Andhra Pradesh,Guntur,2007,Rabi,Jowar,2076.6,1887.2
Punjab,Patiala,2003,Kharif,Rice,1093.3,2775.6
West Bengal,Hooghly,2009,Kharif,Groundnut,2061.8,2580.7
Andhra Pradesh,Nellore,2007,Whole Year,Sugarcane,2252.6,194788.0
West Bengal,Nadia,2001,Kharif,Onion,2118.4,36890.6
Haryana,Rohtak,2012,Rabi,Groundnut,6581.3,6512.4
Uttar Pradesh,Meerut,2010,Kharif,Soyabean,5543.3,5336.8
West Bengal,Bardhaman,2006,Kharif,Tur,4999.9,5162.5
Punjab,Amritsar,2006,Rabi,Potato,1880.9,43686.2
Maharashtra,Nashik,2006,Whole Year,Rice,1354.3,4595.5
Haryana,Hisar,2013,Rabi,Maize,2210.1,4253.1
Maharashtra,Pune,2010,Kharif,Cotton,2414.1,1455.5
Madhya Pradesh,Ujjain,2002,Kharif,Soyabean,5777.6,7775.9
West Bengal,Nadia,2001,Rabi,Gram,2644.3,3163.6
Punjab,Patiala,2006,Kharif,Onion,3283.4,70966.7
Punjab,Ludhiana,2009,Whole Year,Banana,1900.2,61927.0
Uttar Pradesh,Lucknow,2003,Kharif,Tur,4677.8,4171.4
Maharashtra,Nagpur,2012,Kharif,Onion,3990.1,69505.6
Madhya Pradesh,Ujjain,2005,Kharif,Cotton,1900.8,
Maharashtra,Nashik,2001,Rabi,Maize,4957.4,16348.1
Tamil Nadu,Thanjavur,2002,Whole Year,Potato,5965.0,115644.2
Maharashtra,Nagpur,2013,Rabi,Potato,4778.3,149996.6
Bihar,Patna,2014,Kharif,Tur,1987.9,2025.1
West Bengal,Hooghly,2012,Rabi,Groundnut,1874.1,2452.4
Maharashtra,Pune,2004,Rabi,Mustard,1941.7,3367.4
Haryana,Karnal,2011,Rabi,Maize,3478.7,7470.1
Tamil Nadu,Thanjavur,2002,Rabi,Wheat,5476.3,14327.3
Tamil Nadu,Thanjavur,2007,Whole Year,Rice,4739.8,11176.0
Tamil Nadu,Salem,2006,Whole Year,Rice,3809.8,8317.7
Uttar Pradesh,Meerut,2008,Rabi,Gram,3274.3,3682.1
Maharashtra,Nagpur,2002,Kharif,Bajra,4251.1,5947.3
Karnataka,Mysore,2003,Kharif,Jowar,7368.9,9890.6
West Bengal,Hooghly,2014,Kharif,Rice,4076.0,13638.0
Madhya Pradesh,Indore,2004,Kharif,Tur,3156.5,2497.7
Madhya Pradesh,Indore,2007,Rabi,Jowar,5247.1,6320.6
Punjab,Patiala,2014,Rabi,Wheat,6599.9,26632.8
Karnataka,Belgaum,2013,Rabi,Onion,5571.6,81449.0
Bihar,Bhagalpur,2009,Whole Year,Banana,1457.6,55544.5
West Bengal,Hooghly,2005,Whole Year,Banana,728.0,27467.2
Andhra Pradesh,Nellore,2006,Kharif,Groundnut,1664.2,2001.3
Karnataka,Mysore,2013,Rabi,Maize,1285.4,3000.9
Karnataka,Hassan,2006,Kharif,Groundnut,2410.8,1804.1
Punjab,Patiala,2009,Kharif,Cotton,7047.6,3721.7
Punjab,Amritsar,2011,Kharif,Bajra,1905.0,2603.8
Tamil Nadu,Coimbatore,2012,Kharif,Cotton,2749.6,1255.8
Haryana,Karnal,2002,Rabi,Maize,1204.2,2336.5
West Bengal,Hooghly,2001,Rabi,Maize,3252.8,6245.0
Andhra Pradesh,Krishna,2007,Whole Year,Rice,3163.8,9865.2
Bihar,Bhagalpur,2013,Kharif,Groundnut,5360.8,4893.2
West Bengal,Hooghly,2001,Kharif,Maize,2787.1,6655.4
Punjab,Ludhiana,2005,Whole Year,Banana,1527.8,61020.2
Madhya Pradesh,Bhopal,2013,Rabi,Mustard,1787.9,2966.1
Karnataka,Hassan,2002,Rabi,Mustard,3561.5,5397.2
Tamil Nadu,Salem,2001,Whole Year,Rice,3700.3,7857.1
Maharashtra,Nashik,2012,Whole Year,Potato,3509.3,93670.7
Andhra Pradesh,Nellore,2012,Rabi,Potato,2236.2,63434.1
Maharashtra,Nashik,2005,Whole Year,Sugarcane,1498.4,129613.5
Haryana,Karnal,2006,Whole Year,Rice,4003.6,10179.7
Karnataka,Mysore,2001,Rabi,Potato,4533.5,108104.9
Punjab,Ludhiana,2011,Rabi,Maize,1803.9,7588.6
Madhya Pradesh,Bhopal,2004,Kharif,Onion,3085.9,66624.5
Haryana,Karnal,2006,Whole Year,Banana,930.8,
Bihar,Bhagalpur,2008,Whole Year,Rice,1474.1,
West Bengal,Nadia,2004,Kharif,Rice,2832.0,8683.5
Punjab,Patiala,2013,Rabi,Wheat,3819.1,17360.5
Karnataka,Hassan,2013,Whole Year,Sugarcane,3088.9,193976.1
Punjab,Ludhiana,2014,Rabi,Gram,4979.7,5226.4
Karnataka,Belgaum,2007,Kharif,Tur,1665.8,933.3
Karnataka,Mysore,2002,Kharif,Tur,2216.8,1593.5
Karnataka,Mysore,2012,Rabi,Gram,2111.9,2211.5
Punjab,Amritsar,2002,Kharif,Tur,2919.0,2385.0
Tamil Nadu,Salem,2006,Whole Year,Potato,1964.3,33560.2
Madhya Pradesh,Bhopal,2001,Whole Year,Sugarcane,10096.6,899614.2
Punjab,Patiala,2011,Kharif,Groundnut,3274.8,5263.0
Punjab,Amritsar,2003,Whole Year,Banana,4923.7,184651.9
Karnataka,Hassan,2007,Kharif,Jowar,1929.6,1721.8
Andhra Pradesh,Nellore,2004,Whole Year,Sugarcane,4606.4,440839.5
Punjab,Amritsar,2003,Kharif,Groundnut,6155.7,7818.0
West Bengal,Hooghly,2006,Kharif,Rice,5149.9,15531.9
West Bengal,Hooghly,2011,Kharif,Jowar,4816.2,4956.1
Punjab,Amritsar,2004,Whole Year,Banana,2234.4,83130.8
Madhya Pradesh,Ujjain,2014,Rabi,Mustard,,5662.6
Haryana,Karnal,2009,Whole Year,Banana,2479.9,75978.6
Madhya Pradesh,Indore,2012,Kharif,Onion,1918.3,41251.3
West Bengal,Bardhaman,2008,Kharif,Bajra,2617.9,2974.9
Karnataka,Belgaum,2014,Rabi,Groundnut,3393.6,5889.9
Andhra Pradesh,Guntur,2013,Whole Year,Banana,3498.1,147558.3
Haryana,Hisar,2006,Kharif,Soyabean,1251.3,879.0
Punjab,Amritsar,2013,Rabi,Jowar,1706.3,1947.6
Maharashtra,Nashik,2007,Rabi,Gram,4982.4,6250.1
Uttar Pradesh,Meerut,2011,Kharif,Jowar,1778.1,2040.0
Maharashtra,Nashik,2001,Whole Year,Sugarcane,748.7,
Bihar,Bhagalpur,2004,Rabi,Potato,3996.0,57972.9
Bihar,Bhagalpur,2008,Rabi,Potato,2479.7,54529.4
Bihar,Patna,2003,Rabi,Jowar,1876.1,1704.2
Bihar,Patna,2005,Rabi,Onion,3944.3,60463.2
Bihar,Patna,2001,Rabi,Mustard,1515.0,1885.1
Haryana,Karnal,2002,Kharif,Maize,2308.7,4616.2
Tamil Nadu,Thanjavur,2014,Whole Year,Rice,470.4,1253.7
Bihar,Bhagalpur,2009,Whole Year,Rice,4767.5,12690.3
Haryana,Rohtak,2006,Kharif,Tur,3082.6,2085.0
Bihar,Bhagalpur,2004,Whole Year,Sugarcane,1603.6,115486.3
Bihar,Patna,2011,Rabi,Jowar,6335.6,6515.9
Uttar Pradesh,Lucknow,2004,Rabi,Mustard,2848.7,3343.1
West Bengal,Hooghly,2013,Kharif,Tur,1034.1,765.8
West Bengal,Nadia,2008,Kharif,Cotton,2337.3,1622.7
Punjab,Amritsar,2003,Kharif,Jowar,4254.8,2645.1
Uttar Pradesh,Lucknow,2010,Whole Year,Potato,4998.0,
Haryana,Rohtak,2009,Rabi,Groundnut,5128.9,6287.3
West Bengal,Bardhaman,2007,Rabi,Potato,1364.6,28192.4
Madhya Pradesh,Ujjain,2004,Kharif,Onion,1123.9,25331.4
Andhra Pradesh,Nellore,2010,Kharif,Jowar,3134.5,
Punjab,Ludhiana,2005,Rabi,Onion,4585.7,29012.9
West Bengal,Bardhaman,2013,Rabi,Potato,2016.6,44887.6
Andhra Pradesh,Krishna,2008,Kharif,Rice,4563.5,12693.7
Punjab,Ludhiana,2011,Rabi,Potato,1701.7,37319.5
Tamil Nadu,Coimbatore,2007,Kharif,Onion,1111.1,12097.8
Madhya Pradesh,Ujjain,2014,Kharif,Maize,4319.9,12197.5
West Bengal,Hooghly,2014,Rabi,Groundnut,2113.5,3552.9
West Bengal,Nadia,2011,Kharif,Bajra,3683.0,5624.4
Maharashtra,Nashik,2011,Kharif,Bajra,3505.4,5262.2
Andhra Pradesh,Guntur,2010,Rabi,Wheat,,6762.8
Andhra Pradesh,Nellore,2002,Rabi,Groundnut,2225.9,3375.6
Tamil Nadu,Coimbatore,2001,Whole Year,Rice,2334.7,5699.5
Bihar,Bhagalpur,2013,Kharif,Cotton,4764.0,2173.5
Haryana,Rohtak,2003,Kharif,Soyabean,1452.3,1501.3
West Bengal,Hooghly,2001,Kharif,Rice,3090.6,8193.6
Maharashtra,Nagpur,2007,Rabi,Mustard,3166.4,5420.3
Madhya Pradesh,Indore,2005,Kharif,Onion,6510.8,137095.7
West Bengal,Nadia,2007,Rabi,Onion,3571.5,62999.0
Uttar Pradesh,Kanpur,2010,Rabi,Gram,4703.4,
Punjab,Patiala,2005,Rabi,Wheat,3095.0,11754.4
Punjab,Ludhiana,2007,Rabi,Potato,3344.1,56701.9
Andhra Pradesh,Krishna,2007,Kharif,Cotton,,1603.7
West Bengal,Hooghly,2006,Kharif,Tur,3438.9,2729.3
Andhra Pradesh,Nellore,2002,Whole Year,Rice,3058.0,9486.9
West Bengal,Hooghly,2004,Rabi,Mustard,2200.0,3004.4
Punjab,Ludhiana,2006,Kharif,Soyabean,1292.7,1630.8
Madhya Pradesh,Bhopal,2005,Kharif,Tur,2301.4,1516.3
Tamil Nadu,Salem,2004,Whole Year,Rice,1606.9,3074.6
Madhya Pradesh,Bhopal,2011,Rabi,Gram,2435.5,2785.2
Uttar Pradesh,Lucknow,2002,Kharif,Rice,3142.3,7473.5
Bihar,Bhagalpur,2012,Kharif,Jowar,3618.9,3785.9
Karnataka,Hassan,2004,Rabi,Gram,2324.5,1635.5
Uttar Pradesh,Kanpur,2007,Rabi,Gram,2430.1,1402.4
Punjab,Ludhiana,2013,Rabi,Mustard,2430.3,4826.6
Bihar,Gaya,2009,Kharif,Cotton,5412.7,2865.9
Uttar Pradesh,Kanpur,2001,Rabi,Groundnut,2948.6,3526.9
Madhya Pradesh,Indore,2003,Kharif,Soyabean,1476.0,1945.9
Karnataka,Mysore,2014,Kharif,Tur,2330.6,1896.2
Madhya Pradesh,Indore,2010,Kharif,Bajra,3481.7,5503.3
Maharashtra,Nagpur,2009,Rabi,Mustard,3039.5,5308.7
Maharashtra,Nashik,2013,Whole Year,Rice,1760.2,5952.1
Karnataka,Hassan,2014,Kharif,Cotton,1017.6,662.4
Tamil Nadu,Coimbatore,2013,Whole Year,Potato,2209.9,43106.2
Uttar Pradesh,Lucknow,2003,Whole Year,Sugarcane,,222834.7
Madhya Pradesh,Ujjain,2002,Rabi,Groundnut,2819.2,
Tamil Nadu,Coimbatore,2011,Rabi,Gram,1021.4,872.4
Punjab,Amritsar,2001,Rabi,Groundnut,3993.4,3057.6
Bihar,Bhagalpur,2007,Whole Year,Sugarcane,1683.0,101955.7
Tamil Nadu,Coimbatore,2003,Kharif,Jowar,4653.9,3922.1
Karnataka,Hassan,2006,Whole Year,Rice,1381.8,4256.4
Punjab,Patiala,2010,Whole Year,Rice,6215.3,20459.6
Punjab,Ludhiana,2012,Rabi,Onion,1010.8,17803.3
Uttar Pradesh,Meerut,2007,Kharif,Soyabean,5341.0,5282.1
Haryana,Rohtak,2001,Rabi,Groundnut,4773.9,5586.5
Haryana,Karnal,2008,Kharif,Onion,762.9,9571.3
Punjab,Amritsar,2012,Kharif,Cotton,3343.7,2046.0
Uttar Pradesh,Lucknow,2001,Rabi,Groundnut,2048.5,1181.1
Karnataka,Belgaum,2004,Kharif,Jowar,2024.8,1793.3
Maharashtra,Pune,2008,Kharif,Rice,1760.1,5822.7
Bihar,Bhagalpur,2005,Rabi,Potato,2217.9,49598.2
Uttar Pradesh,Meerut,2009,Kharif,Tur,2760.3,2546.4
Haryana,Karnal,2009,Whole Year,Potato,1117.0,27384.1
Maharashtra,Pune,2007,Whole Year,Rice,5378.7,13637.6
Andhra Pradesh,Nellore,2013,Kharif,Groundnut,2298.8,3263.9
West Bengal,Hooghly,2001,Rabi,Gram,2191.1,2455.0
Karnataka,Mysore,2008,Rabi,Onion,2699.6,33326.5
Tamil Nadu,Salem,2008,Kharif,Rice,1324.6,3987.1
Uttar Pradesh,Meerut,2013,Kharif,Tur,3109.5,2289.0
Punjab,Ludhiana,2002,Whole Year,Banana,5684.4,180129.4
Uttar Pradesh,Lucknow,2012,Whole Year,Banana,3469.9,105534.1
West Bengal,Hooghly,2008,Rabi,Maize,3764.7,10154.1
Tamil Nadu,Coimbatore,2013,Rabi,Potato,4997.1,81396.9
Karnataka,Belgaum,2010,Whole Year,Banana,3720.3,109433.8
West Bengal,Nadia,2006,Kharif,Onion,7659.3,161679.8
Uttar Pradesh,Meerut,2003,Rabi,Maize,5154.9,15192.1
Maharashtra,Nagpur,2014,Whole Year,Potato,2002.4,52702.9
Madhya Pradesh,Bhopal,2009,Kharif,Groundnut,2551.6,3671.1
Punjab,Patiala,2012,Kharif,Onion,2383.3,43445.8
Punjab,Ludhiana,2014,Rabi,Potato,1626.4,38921.7
Andhra Pradesh,Nellore,2002,Kharif,Jowar,4422.1,5686.1
Andhra Pradesh,Nellore,2010,Rabi,Groundnut,4707.2,6502.1
Tamil Nadu,Salem,2006,Rabi,Mustard,1649.2,1162.9
Punjab,Amritsar,2014,Kharif,Maize,1778.5,5309.0
Maharashtra,Nagpur,2003,Rabi,Mustard,2509.4,3461.0
Punjab,Amritsar,2010,Whole Year,Sugarcane,2563.3,188755.0
Madhya Pradesh,Bhopal,2004,Whole Year,Rice,1475.3,4578.3
Haryana,Hisar,2014,Rabi,Groundnut,4126.1,5239.3
Maharashtra,Nashik,2013,Kharif,Maize,5119.2,16439.5
Bihar,Patna,2004,Rabi,Jowar,1909.0,1815.5
Tamil Nadu,Coimbatore,2006,Kharif,Bajra,5291.4,4736.0
Andhra Pradesh,Krishna,2004,Kharif,Cotton,4187.7,2428.5
Madhya Pradesh,Ujjain,2008,Rabi,Groundnut,3543.2,4886.9
Karnataka,Belgaum,2003,Kharif,Cotton,654.1,257.7
Punjab,Amritsar,2010,Kharif,Maize,2776.5,7513.1
Maharashtra,Nagpur,2008,Kharif,Onion,2864.7,34897.0
Bihar,Patna,2004,Kharif,Rice,2348.0,7327.9
Tamil Nadu,Salem,2007,Kharif,Maize,6461.0,17297.0
Madhya Pradesh,Bhopal,2010,Rabi,Mustard,3984.1,8158.7
Punjab,Ludhiana,2014,Kharif,Soyabean,4520.9,8061.9
Uttar Pradesh,Meerut,2006,Kharif,Cotton,6060.0,1980.2
Punjab,Ludhiana,2011,Whole Year,Banana,2072.3,107970.2
Tamil Nadu,Salem,2001,Rabi,Maize,1252.7,2897.8
Punjab,Ludhiana,2007,Rabi,Groundnut,3017.1,5250.5
West Bengal,Bardhaman,2005,Kharif,Bajra,6013.5,10298.2
West Bengal,Bardhaman,2005,Rabi,Wheat,3736.3,13201.8
Punjab,Amritsar,2014,Whole Year,Banana,1849.6,89002.9
Bihar,Bhagalpur,2008,Kharif,Maize,691.3,1446.1
Punjab,Patiala,2006,Whole Year,Sugarcane,4745.7,447620.9
Tamil Nadu,Thanjavur,2010,Whole Year,Banana,2748.0,63805.6
Tamil Nadu,Salem,2003,Kharif,Rice,1022.5,2656.0
Bihar,Patna,2006,Rabi,Mustard,3872.7,4606.6
Tamil Nadu,Salem,2008,Rabi,Wheat,12811.7,34622.9
Andhra Pradesh,Krishna,2013,Kharif,Rice,2019.3,7866.9
West Bengal,Bardhaman,2002,Rabi,Jowar,6204.4,6792.9
Maharashtra,Nagpur,2001,Kharif,Soyabean,4031.2,6214.7
Maharashtra,Nashik,2006,Rabi,Gram,3698.2,3795.1
Maharashtra,Pune,2005,Rabi,Mustard,4901.4,9181.8
Tamil Nadu,Thanjavur,2004,Rabi,Jowar,1827.4,1864.2
Karnataka,Hassan,2006,Kharif,Maize,9427.3,22896.5
Punjab,Patiala,2011,Rabi,Potato,3248.2,71444.6
Punjab,Patiala,2009,Kharif,Tur,4110.9,4180.8
Andhra Pradesh,Krishna,2008,Kharif,Jowar,2115.1,2315.5
Karnataka,Mysore,2010,Kharif,Cotton,7804.8,2338.4
West Bengal,Hooghly,2014,Rabi,Jowar,3115.7,4435.5
West Bengal,Hooghly,2012,Kharif,Jowar,8037.5,8753.7
Uttar Pradesh,Meerut,2013,Kharif,Groundnut,2607.3,3564.5
Haryana,Rohtak,2014,Kharif,Jowar,7000.6,8702.4
Madhya Pradesh,Bhopal,2003,Rabi,Groundnut,499.3,881.6
Uttar Pradesh,Lucknow,2004,Rabi,Potato,3843.5,70692.0
Madhya Pradesh,Bhopal,2008,Rabi,Mustard,2700.5,4603.8
Karnataka,Hassan,2002,Kharif,Jowar,2047.2,1706.9
Punjab,Amritsar,2004,Kharif,Groundnut,3162.1,3769.8
Karnataka,Hassan,2012,Rabi,Mustard,911.9,950.1
Uttar Pradesh,Meerut,2014,Rabi,Groundnut,5505.2,9488.5
Karnataka,Hassan,2003,Kharif,Groundnut,3566.2,3094.8
Tamil Nadu,Thanjavur,2011,Rabi,Potato,4298.1,47736.5
Tamil Nadu,Thanjavur,2011,Whole Year,Sugarcane,7597.8,425424.9
Madhya Pradesh,Ujjain,2004,Rabi,Onion,2408.0,48374.0
Bihar,Patna,2004,Kharif,Groundnut,642.8,631.0
Andhra Pradesh,Nellore,2014,Whole Year,Rice,5193.6,16608.4
Madhya Pradesh,Indore,2004,Kharif,Jowar,1774.6,2406.6
West Bengal,Bardhaman,2013,Rabi,Gram,1061.3,1200.8
Andhra Pradesh,Nellore,2014,Whole Year,Banana,1520.2,77846.0
West Bengal,Bardhaman,2007,Kharif,Cotton,8653.8,4111.0
Punjab,Patiala,2014,Kharif,Onion,6006.2,143718.3
Madhya Pradesh,Indore,2014,Kharif,Soyabean,606.5,
Karnataka,Belgaum,2010,Kharif,Cotton,4539.0,1484.3
Karnataka,Hassan,2001,Rabi,Mustard,,3551.8
Maharashtra,Nagpur,2002,Kharif,Soyabean,5874.7,6779.6
Karnataka,Belgaum,2011,Rabi,Mustard,2850.3,3636.7
Punjab,Amritsar,2010,Kharif,Groundnut,2857.5,3177.9
Bihar,Patna,2010,Kharif,Jowar,1950.1,1598.0
West Bengal,Bardhaman,2001,Kharif,Jowar,2040.6,1706.3
West Bengal,Hooghly,2004,Rabi,Gram,2463.6,2615.9
Bihar,Gaya,2009,Kharif,Bajra,1999.2,
Bihar,Bhagalpur,2003,Kharif,Tur,6547.3,3259.1
West Bengal,Hooghly,2004,Kharif,Onion,2067.0,29015.4
Karnataka,Mysore,2002,Whole Year,Rice,2438.8,6774.1
Uttar Pradesh,Kanpur,2011,Rabi,Mustard,1192.6,1961.1
Punjab,Amritsar,2013,Kharif,Soyabean,1207.9,1858.5
Uttar Pradesh,Kanpur,2002,Kharif,Jowar,1866.6,2064.1
Tamil Nadu,Salem,2009,Rabi,Wheat,2075.0,4706.3
West Bengal,Bardhaman,2003,Kharif,Tur,2049.7,1426.0
Madhya Pradesh,Indore,2009,Kharif,Rice,4934.9,14663.9
Haryana,Karnal,2009,Rabi,Onion,3584.5,57975.5
Tamil Nadu,Coimbatore,2004,Whole Year,Rice,2136.3,6659.0
Karnataka,Hassan,2009,Whole Year,Sugarcane,3115.6,225554.7
Tamil Nadu,Coimbatore,2010,Whole Year,Sugarcane,2441.2,139994.1
Maharashtra,Nashik,2004,Kharif,Maize,980.1,2494.5
Madhya Pradesh,Bhopal,2008,Kharif,Onion,2248.1,48949.9
Maharashtra,Pune,2008,Kharif,Bajra,2252.1,4387.5
Karnataka,Hassan,2001,Kharif,Soyabean,3704.4,3039.6
Karnataka,Mysore,2013,Rabi,Gram,5094.5,4934.2
Punjab,Ludhiana,2008,Rabi,Groundnut,2257.4,2708.0
Tamil Nadu,Thanjavur,2013,Rabi,Wheat,2718.4,7635.3
Uttar Pradesh,Lucknow,2002,Kharif,Bajra,2390.4,2534.8
Bihar,Gaya,2013,Rabi,Mustard,2153.1,2680.4
Bihar,Gaya,2004,Kharif,Cotton,1414.3,544.6
Tamil Nadu,Thanjavur,2003,Rabi,Potato,1897.0,35744.5
Punjab,Patiala,2010,Kharif,Rice,4437.2,12819.9
Tamil Nadu,Coimbatore,2007,Kharif,Rice,874.1,2140.8
Maharashtra,Nagpur,2003,Rabi,Onion,1481.3,22580.8
Andhra Pradesh,Nellore,2008,Kharif,Bajra,1648.0,2732.7
Karnataka,Belgaum,2003,Rabi,Mustard,1959.8,1907.6
Andhra Pradesh,Guntur,2008,Kharif,Groundnut,5863.7,
Haryana,Rohtak,2013,Rabi,Potato,3543.8,66804.9
Karnataka,Hassan,2005,Rabi,Groundnut,7419.4,
Karnataka,Hassan,2001,Rabi,Onion,1695.2,30388.4
Andhra Pradesh,Krishna,2002,Rabi,Gram,6616.9,6991.5
Bihar,Patna,2013,Kharif,Cotton,7366.4,3998.3
Punjab,Patiala,2003,Rabi,Gram,3495.9,3507.4
Bihar,Gaya,2002,Kharif,Cotton,3741.0,1461.3
Madhya Pradesh,Indore,2002,Rabi,Onion,1288.5,22724.1
Karnataka,Hassan,2001,Whole Year,Sugarcane,2584.1,123651.0
Karnataka,Mysore,2007,Kharif,Tur,1785.0,1845.8
West Bengal,Nadia,2012,Rabi,Potato,6143.0,174504.9
Bihar,Bhagalpur,2012,Kharif,Groundnut,5006.9,4646.4
Uttar Pradesh,Meerut,2007,Rabi,Groundnut,6408.5,9044.3
Maharashtra,Nashik,2009,Whole Year,Rice,2517.5,
Tamil Nadu,Salem,2001,Kharif,Maize,3625.0,5665.7
Bihar,Bhagalpur,2012,Kharif,Cotton,4219.2,1988.8
Haryana,Karnal,2008,Rabi,Onion,1673.9,18233.4
Maharashtra,Nashik,2004,Rabi,Potato,3333.8,80671.1
Maharashtra,Pune,2005,Rabi,Wheat,3802.9,13207.5
Madhya Pradesh,Bhopal,2012,Rabi,Gram,2058.2,2513.6
West Bengal,Nadia,2002,Kharif,Cotton,4481.4,2731.4
Punjab,Amritsar,2007,Kharif,Bajra,4044.2,6441.4
Haryana,Rohtak,2001,Kharif,Soyabean,2836.3,2995.6
Madhya Pradesh,Bhopal,2010,Whole Year,Sugarcane,1244.2,105406.9
Karnataka,Belgaum,2005,Rabi,Jowar,2964.5,2604.2
Karnataka,Mysore,2006,Kharif,Cotton,5340.5,2177.7
Karnataka,Hassan,2012,Kharif,Soyabean,7621.8,3705.5
Andhra Pradesh,Nellore,2006,Rabi,Gram,2669.3,3222.8
Uttar Pradesh,Lucknow,2001,Rabi,Gram,2600.3,1542.6
Punjab,Patiala,2003,Rabi,Groundnut,1092.1,1399.7
Tamil Nadu,Coimbatore,2001,Rabi,Maize,2966.6,7071.0
Karnataka,Mysore,2008,Kharif,Tur,1366.5,1221.7
Uttar Pradesh,Kanpur,2006,Whole Year,Potato,4173.8,81985.1
Haryana,Karnal,2005,Kharif,Onion,1587.1,16868.9
West Bengal,Hooghly,2006,Whole Year,Potato,4907.6,118551.8
Tamil Nadu,Salem,2005,Rabi,Potato,3727.0,63833.7
Maharashtra,Nagpur,2001,Kharif,Rice,8542.5,27349.7
Maharashtra,Nashik,2014,Rabi,Potato,1859.3,43728.5
West Bengal,Nadia,2014,Rabi,Potato,2288.4,66321.1
Madhya Pradesh,Bhopal,2010,Rabi,Gram,3210.6,4662.5
Madhya Pradesh,Indore,2004,Kharif,Groundnut,3524.7,6777.5
Haryana,Rohtak,2013,Kharif,Maize,1290.3,4208.1
Uttar Pradesh,Kanpur,2002,Rabi,Wheat,4657.3,13745.7
Karnataka,Hassan,2010,Kharif,Onion,2679.1,41231.6
Madhya Pradesh,Bhopal,2003,Kharif,Jowar,1004.2,1117.6
Andhra Pradesh,Guntur,2011,Kharif,Groundnut,6934.4,13986.9
Karnataka,Hassan,2009,Kharif,Maize,2100.6,4885.7
West Bengal,Bardhaman,2012,Kharif,Cotton,1524.0,853.8
Karnataka,Mysore,2008,Whole Year,Rice,4362.4,11619.9
West Bengal,Hooghly,2006,Kharif,Jowar,917.8,1022.7
Maharashtra,Nagpur,2005,Rabi,Potato,1053.1,31788.8
Bihar,Bhagalpur,2004,Kharif,Cotton,2392.5,927.8
Karnataka,Hassan,2010,Kharif,Jowar,5953.1,5069.5
Bihar,Bhagalpur,2004,Kharif,Groundnut,5734.6,4786.0
Andhra Pradesh,Nellore,2011,Kharif,Jowar,5466.9,5179.6
Karnataka,Mysore,2013,Whole Year,Sugarcane,2863.9,217900.0
Madhya Pradesh,Bhopal,2012,Kharif,Rice,4388.5,14809.0
Andhra Pradesh,Krishna,2010,Rabi,Jowar,3120.6,4014.5
Karnataka,Mysore,2014,Rabi,Groundnut,1638.5,2442.7
Andhra Pradesh,Krishna,2013,Kharif,Tur,3771.4,3064.9
Madhya Pradesh,Indore,2001,Kharif,Onion,3520.8,60122.7
West Bengal,Hooghly,2013,Kharif,Soyabean,2414.4,3604.5
Andhra Pradesh,Krishna,2006,Rabi,Onion,1763.3,26263.2
Maharashtra,Pune,2009,Whole Year,Sugarcane,3715.9,301758.9
Uttar Pradesh,Lucknow,2014,Kharif,Rice,1556.0,4617.5
Tamil Nadu,Salem,2005,Kharif,Jowar,841.2,438.6
Maharashtra,Nagpur,2009,Kharif,Onion,3443.9,58965.5
Madhya Pradesh,Indore,2001,Rabi,Maize,7329.7,22677.4
West Bengal,Nadia,2014,Kharif,Rice,2388.8,
Uttar Pradesh,Kanpur,2006,Kharif,Groundnut,1510.8,1870.7
Uttar Pradesh,Kanpur,2008,Rabi,Onion,2393.3,40676.4
Madhya Pradesh,Bhopal,2003,Kharif,Onion,1939.6,38599.2
Karnataka,Belgaum,2011,Rabi,Groundnut,2791.1,4474.3
West Bengal,Hooghly,2002,Kharif,Onion,2021.7,33446.2
Punjab,Patiala,2008,Kharif,Rice,2101.2,8158.5
Bihar,Patna,2008,Rabi,Mustard,3586.8,5034.1
Haryana,Hisar,2013,Kharif,Soyabean,1176.2,1412.9
Bihar,Patna,2011,Kharif,Bajra,4556.3,7360.4
Maharashtra,Nagpur,2006,Whole Year,Potato,2006.3,36628.9
West Bengal,Bardhaman,2014,Kharif,Jowar,2709.7,3334.6
Maharashtra,Nashik,2010,Kharif,Jowar,2016.1,2226.6
Maharashtra,Nagpur,2007,Whole Year,Banana,1203.6,39579.8
Uttar Pradesh,Meerut,2009,Rabi,Groundnut,780.2,913.0
Punjab,Ludhiana,2013,Whole Year,Rice,2225.3,6378.3
Maharashtra,Nagpur,2002,Kharif,Cotton,4955.3,2973.9
Haryana,Rohtak,2011,Rabi,Maize,3535.1,9199.8
Bihar,Gaya,2002,Rabi,Mustard,4788.3,6740.0
Uttar Pradesh,Kanpur,2013,Rabi,Wheat,3774.2,12265.0
Bihar,Gaya,2008,Rabi,Wheat,,8563.7
Madhya Pradesh,Indore,2014,Kharif,Onion,350.2,6373.9
Andhra Pradesh,Nellore,2008,Rabi,Groundnut,3455.9,5144.9
Punjab,Amritsar,2007,Rabi,Onion,1660.2,21268.7
Tamil Nadu,Thanjavur,2005,Whole Year,Potato,2763.9,62121.5
Karnataka,Belgaum,2012,Rabi,Jowar,1362.6,1456.3
Tamil Nadu,Thanjavur,2003,Rabi,Wheat,2351.3,6158.3
West Bengal,Hooghly,2009,Whole Year,Potato,5292.5,119935.4
Tamil Nadu,Coimbatore,2005,Kharif,Rice,1252.4,2935.8
Madhya Pradesh,Ujjain,2005,Kharif,Onion,3959.8,68966.3
Tamil Nadu,Salem,2012,Kharif,Jowar,1516.8,866.2
Madhya Pradesh,Indore,2009,Rabi,Mustard,832.9,939.1
Tamil Nadu,Coimbatore,2014,Rabi,Maize,2824.9,6249.6
Maharashtra,Nagpur,2014,Rabi,Potato,796.3,16974.3
Andhra Pradesh,Nellore,2007,Kharif,Onion,2568.4,55050.2
Haryana,Rohtak,2006,Kharif,Maize,2065.5,4412.3
Karnataka,Mysore,2012,Rabi,Groundnut,1938.5,3161.0
Tamil Nadu,Coimbatore,2009,Whole Year,Sugarcane,1914.1,93956.6
Tamil Nadu,Coimbatore,2013,Rabi,Onion,3217.3,44443.4
Madhya Pradesh,Bhopal,2001,Kharif,Bajra,2225.6,4594.0
Andhra Pradesh,Krishna,2010,Kharif,Cotton,3823.4,2262.1
Punjab,Ludhiana,2007,Kharif,Onion,3575.0,62553.1
Punjab,Patiala,2014,Kharif,Soyabean,5503.4,9216.7
Punjab,Patiala,2007,Whole Year,Potato,1331.8,39209.5
Madhya Pradesh,Indore,2005,Rabi,Maize,5668.6,18586.3
Tamil Nadu,Coimbatore,2004,Kharif,Bajra,2025.2,2044.9
Bihar,Patna,2012,Kharif,Onion,1052.2,22574.1
Punjab,Amritsar,2012,Kharif,Groundnut,6581.7,8012.5
Maharashtra,Nashik,2012,Whole Year,Rice,4457.7,19717.8
West Bengal,Hooghly,2012,Rabi,Maize,7748.1,19613.9
Tamil Nadu,Coimbatore,2012,Rabi,Jowar,4508.0,3661.1
Karnataka,Belgaum,2011,Rabi,Gram,551.3,492.7
Tamil Nadu,Salem,2004,Rabi,Potato,1559.6,24097.7
Punjab,Patiala,2004,Whole Year,Rice,786.8,2556.8
Maharashtra,Nagpur,2013,Kharif,Cotton,3160.7,1727.4
Karnataka,Belgaum,2007,Kharif,Groundnut,6497.4,9342.0
Haryana,Karnal,2003,Whole Year,Rice,575.5,1785.1
Bihar,Patna,2009,Kharif,Cotton,2889.6,2024.8
Maharashtra,Pune,2002,Kharif,Cotton,3157.5,1566.3
Karnataka,Belgaum,2005,Rabi,Wheat,1538.2,5363.8
West Bengal,Hooghly,2005,Kharif,Jowar,1031.0,1054.8
Punjab,Ludhiana,2003,Kharif,Maize,6413.7,19095.5
Punjab,Patiala,2004,Kharif,Onion,1258.9,26735.1
Madhya Pradesh,Bhopal,2004,Whole Year,Banana,2358.7,120711.3
West Bengal,Bardhaman,2009,Rabi,Mustard,1154.3,1726.7
Uttar Pradesh,Meerut,2003,Kharif,Bajra,4085.0,4123.5
Tamil Nadu,Salem,2008,Kharif,Jowar,658.2,605.7
Tamil Nadu,Thanjavur,2013,Rabi,Mustard,2410.5,3099.8
Andhra Pradesh,Nellore,2009,Kharif,Groundnut,1864.6,3412.3
Uttar Pradesh,Kanpur,2013,Whole Year,Potato,2783.7,56113.8
Karnataka,Mysore,2002,Whole Year,Sugarcane,2700.3,181048.2
Tamil Nadu,Thanjavur,2007,Rabi,Gram,2331.9,2365.6
Bihar,Bhagalpur,2011,Kharif,Rice,3900.9,9868.8
Punjab,Ludhiana,2007,Kharif,Bajra,1702.2,3282.7
Maharashtra,Nashik,2010,Kharif,Soyabean,4521.0,7098.7
Uttar Pradesh,Meerut,2001,Rabi,Groundnut,1777.6,2021.4
Andhra Pradesh,Guntur,2014,Whole Year,Sugarcane,2966.2,229133.6
Maharashtra,Nagpur,2007,Kharif,Soyabean,5238.1,7350.4
Punjab,Ludhiana,2009,Rabi,Potato,4146.3,101061.3
Punjab,Patiala,2012,Kharif,Maize,2222.5,7732.3
Tamil Nadu,Coimbatore,2009,Whole Year,Potato,4616.7,84266.6
Bihar,Patna,2001,Kharif,Rice,2020.1,4459.8
Bihar,Patna,2012,Rabi,Wheat,1733.3,5762.1
Tamil Nadu,Coimbatore,2004,Kharif,Maize,4458.7,9629.3
Karnataka,Hassan,2012,Rabi,Gram,2912.3,2972.6
Punjab,Patiala,2009,Kharif,Onion,4134.8,63619.2
Tamil Nadu,Thanjavur,2011,Rabi,Mustard,1207.6,1704.1
Madhya Pradesh,Indore,2010,Rabi,Wheat,3155.1,11872.9
Uttar Pradesh,Lucknow,2012,Rabi,Maize,2673.6,6823.1
Bihar,Bhagalpur,2006,Kharif,Groundnut,5187.7,5035.7
Maharashtra,Pune,2001,Kharif,Soyabean,4683.6,7251.3
Andhra Pradesh,Guntur,2002,Rabi,Maize,602.9,2128.1
Andhra Pradesh,Nellore,2005,Rabi,Potato,7506.9,175406.8
Bihar,Patna,2003,Kharif,Onion,2857.3,47270.5
Maharashtra,Pune,2002,Kharif,Soyabean,1821.0,2410.8
Bihar,Patna,2005,Kharif,Tur,1911.1,2007.5
Bihar,Bhagalpur,2010,Rabi,Potato,4840.5,81154.0
Uttar Pradesh,Kanpur,2009,Rabi,Wheat,2821.4,9489.8
Tamil Nadu,Coimbatore,2009,Kharif,Rice,1006.5,2451.1
West Bengal,Hooghly,2011,Kharif,Soyabean,4184.9,4201.8
Punjab,Amritsar,2006,Kharif,Bajra,1526.0,2215.1
Tamil Nadu,Salem,2009,Kharif,Tur,3904.1,2812.7
Karnataka,Hassan,2009,Rabi,Jowar,633.1,
West Bengal,Hooghly,2001,Whole Year,Banana,1380.8,53362.6
Maharashtra,Nagpur,2008,Rabi,Onion,3259.8,76330.1
Bihar,Bhagalpur,2001,Rabi,Groundnut,4207.7,3305.4
Madhya Pradesh,Indore,2006,Whole Year,Rice,1592.4,4423.3
Maharashtra,Nashik,2011,Whole Year,Potato,606.5,12540.6
Haryana,Hisar,2008,Rabi,Onion,2693.3,30462.3
Maharashtra,Nashik,2013,Rabi,Jowar,1999.1,2185.5
Andhra Pradesh,Guntur,2014,Rabi,Wheat,5266.7,19121.2
West Bengal,Hooghly,2001,Whole Year,Rice,6637.7,16449.5
Uttar Pradesh,Lucknow,2001,Whole Year,Rice,9179.3,19963.4
Karnataka,Mysore,2002,Rabi,Jowar,2028.4,2390.7
Uttar Pradesh,Lucknow,2012,Kharif,Rice,5143.1,14164.6
Haryana,Rohtak,2004,Kharif,Jowar,6855.0,6828.2
Uttar Pradesh,Lucknow,2003,Kharif,Bajra,1377.1,1550.6
Karnataka,Belgaum,2009,Rabi,Gram,2727.9,1422.0
Maharashtra,Pune,2001,Kharif,Maize,4321.0,13115.8
Maharashtra,Pune,2004,Rabi,Wheat,3304.6,11315.3
Madhya Pradesh,Ujjain,2013,Kharif,Onion,1749.8,31771.7
Uttar Pradesh,Meerut,2014,Kharif,Jowar,1124.6,1155.7
Punjab,Amritsar,2011,Kharif,Groundnut,3667.1,5345.5
Punjab,Patiala,2010,Rabi,Potato,877.9,
Tamil Nadu,Coimbatore,2008,Rabi,Onion,4434.2,47184.4
Haryana,Rohtak,2004,Whole Year,Sugarcane,7717.8,498592.4
West Bengal,Bardhaman,2008,Kharif,Tur,3372.3,3139.9
Bihar,Patna,2003,Rabi,Wheat,3834.5,13575.8
Andhra Pradesh,Krishna,2007,Rabi,Onion,1400.2,21486.1
Andhra Pradesh,Guntur,2005,Rabi,Jowar,4484.2,4681.4
Bihar,Patna,2002,Kharif,Tur,2903.1,2304.9
Bihar,Patna,2014,Kharif,Jowar,3963.6,4218.1
Haryana,Rohtak,2007,Whole Year,Potato,1082.3,15705.2
Bihar,Bhagalpur,2003,Whole Year,Sugarcane,2182.4,119052.5
West Bengal,Bardhaman,2008,Whole Year,Sugarcane,1501.9,126947.4
West Bengal,Hooghly,2010,Whole Year,Potato,2699.8,74045.4
Uttar Pradesh,Meerut,2011,Rabi,Onion,2164.0,42137.6
Uttar Pradesh,Meerut,2007,Whole Year,Sugarcane,4800.3,285459.0
Madhya Pradesh,Indore,2014,Kharif,Groundnut,4125.7,7302.4
Haryana,Hisar,2002,Rabi,Mustard,2725.7,2998.4
Tamil Nadu,Thanjavur,2010,Kharif,Cotton,1552.2,515.2
Tamil Nadu,Thanjavur,2003,Rabi,Jowar,13028.8,10064.5
Madhya Pradesh,Indore,2002,Whole Year,Rice,1447.7,3841.0
Andhra Pradesh,Guntur,2006,Kharif,Groundnut,5060.7,6563.9
Haryana,Hisar,2009,Kharif,Rice,170.4,438.2
West Bengal,Nadia,2013,Rabi,Onion,1903.1,52654.7
Uttar Pradesh,Kanpur,2010,Rabi,Mustard,2071.0,3357.0
Uttar Pradesh,Kanpur,2011,Kharif,Tur,1778.7,1785.9
West Bengal,Bardhaman,2005,Whole Year,Sugarcane,5230.3,406770.0
Uttar Pradesh,Kanpur,2001,Kharif,Tur,1643.0,1277.6
Uttar Pradesh,Kanpur,2003,Rabi,Jowar,1287.7,1204.0
Bihar,Bhagalpur,2011,Rabi,Gram,4050.5,4374.6
Punjab,Amritsar,2006,Kharif,Onion,4300.1,77078.3
Uttar Pradesh,Lucknow,2009,Kharif,Maize,1237.9,2585.5
Madhya Pradesh,Indore,2006,Rabi,Gram,672.5,786.7
Andhra Pradesh,Krishna,2013,Kharif,Soyabean,149.9,216.5
West Bengal,Bardhaman,2007,Rabi,Wheat,4982.5,17281.8
West Bengal,Bardhaman,2004,Rabi,Mustard,6694.9,10002.4
West Bengal,Bardhaman,2008,Rabi,Jowar,1143.9,1393.4
Maharashtra,Nashik,2006,Kharif,Maize,1846.8,6077.6
Andhra Pradesh,Krishna,2002,Kharif,Soyabean,4214.1,3988.9
Madhya Pradesh,Ujjain,2011,Kharif,Cotton,2025.7,1189.6
Tamil Nadu,Salem,2003,Rabi,Maize,3158.4,6106.8
Bihar,Bhagalpur,2010,Kharif,Jowar,3158.9,3237.3
Uttar Pradesh,Lucknow,2003,Whole Year,Banana,3865.8,131860.5
Madhya Pradesh,Bhopal,2008,Rabi,Groundnut,2810.0,2036.7
Andhra Pradesh,Nellore,2007,Whole Year,Banana,2326.0,71592.9
Tamil Nadu,Salem,2001,Rabi,Onion,2670.5,28305.7
Andhra Pradesh,Guntur,2006,Kharif,Cotton,2329.1,1468.6
Maharashtra,Pune,2011,Whole Year,Rice,564.5,1885.8
Karnataka,Belgaum,2012,Rabi,Gram,2565.0,2813.5
Tamil Nadu,Coimbatore,2014,Kharif,Onion,2314.7,30716.7
Maharashtra,Nashik,2007,Kharif,Maize,2857.4,7989.0
Haryana,Rohtak,2008,Kharif,Maize,,
Bihar,Patna,2013,Whole Year,Sugarcane,3734.5,306720.9
Haryana,Karnal,2011,Kharif,Jowar,2256.1,2109.6
Tamil Nadu,Thanjavur,2007,Whole Year,Banana,1021.8,32753.3
Madhya Pradesh,Bhopal,2011,Kharif,Jowar,2578.5,3986.0
Madhya Pradesh,Indore,2002,Rabi,Groundnut,2784.0,4384.0
Uttar Pradesh,Kanpur,2009,Whole Year,Potato,2071.8,28336.6
Karnataka,Mysore,2011,Kharif,Onion,3343.6,56438.3
Punjab,Ludhiana,2011,Rabi,Gram,6059.4,7061.8
Tamil Nadu,Salem,2007,Rabi,Maize,13837.4,23551.7
Madhya Pradesh,Bhopal,2004,Kharif,Jowar,675.2,673.1
West Bengal,Bardhaman,2014,Rabi,Mustard,3687.8,4102.3
Bihar,Bhagalpur,2005,Rabi,Groundnut,3169.7,3528.9
Haryana,Rohtak,2005,Kharif,Bajra,3318.6,5559.4
West Bengal,Nadia,2014,Kharif,Onion,6176.5,130196.7
Haryana,Karnal,2007,Whole Year,Banana,7033.0,203277.7
Karnataka,Hassan,2006,Rabi,Groundnut,3195.2,3516.5
Maharashtra,Nagpur,2008,Rabi,Groundnut,2681.3,3917.7
Madhya Pradesh,Bhopal,2011,Rabi,Maize,1676.0,5231.5
Madhya Pradesh,Bhopal,2010,Kharif,Groundnut,2646.9,3186.3
Haryana,Karnal,2010,Rabi,Jowar,1794.9,1799.9
Haryana,Rohtak,2010,Rabi,Maize,1262.0,3133.7
Madhya Pradesh,Bhopal,2007,Kharif,Rice,3295.4,10029.5
Maharashtra,Nashik,2004,Rabi,Mustard,1160.3,1712.0
Andhra Pradesh,Nellore,2008,Rabi,Wheat,8650.4,32663.6
West Bengal,Hooghly,2004,Whole Year,Sugarcane,3695.4,305403.0
Haryana,Rohtak,2010,Rabi,Potato,5404.0,75041.0
Haryana,Hisar,2013,Kharif,Groundnut,3052.2,3493.8
Tamil Nadu,Salem,2005,Rabi,Maize,965.5,1252.3
Uttar Pradesh,Kanpur,2004,Kharif,Tur,2976.2,2484.2
Andhra Pradesh,Nellore,2011,Kharif,Soyabean,2648.4,4123.8
Punjab,Amritsar,2004,Kharif,Bajra,938.2,1465.1
Madhya Pradesh,Bhopal,2001,Kharif,Groundnut,3893.7,5210.4
Karnataka,Mysore,2011,Kharif,Bajra,1145.0,2105.5
West Bengal,Nadia,2005,Whole Year,Potato,2350.9,60825.3
Uttar Pradesh,Meerut,2006,Rabi,Gram,3244.7,2949.1
West Bengal,Hooghly,2008,Rabi,Gram,467.1,468.3
West Bengal,Hooghly,2011,Rabi,Jowar,,4324.7
Haryana,Rohtak,2011,Rabi,Gram,4894.2,3562.7
Bihar,Patna,2009,Rabi,Onion,4082.4,76975.7
Karnataka,Mysore,2012,Kharif,Jowar,1110.7,954.3
Andhra Pradesh,Nellore,2010,Whole Year,Potato,1268.4,33890.1
Andhra Pradesh,Krishna,2002,Kharif,Cotton,3064.9,1857.1
Andhra Pradesh,Guntur,2014,Whole Year,Banana,2479.6,103520.9
Punjab,Ludhiana,2013,Kharif,Maize,1742.9,5016.0
Tamil Nadu,Coimbatore,2007,Rabi,Gram,983.5,647.4
West Bengal,Nadia,2007,Kharif,Soyabean,1092.8,1565.3
Punjab,Ludhiana,2003,Whole Year,Potato,863.2,15719.2
Andhra Pradesh,Nellore,2011,Whole Year,Potato,552.8,15717.8
Uttar Pradesh,Kanpur,2003,Rabi,Groundnut,5435.4,5084.1
Uttar Pradesh,Kanpur,2004,Rabi,Groundnut,1785.7,2049.2
Uttar Pradesh,Meerut,2012,Rabi,Jowar,3940.6,4834.7
Uttar Pradesh,Meerut,2007,Rabi,Jowar,4217.5,3807.2
Madhya Pradesh,Indore,2014,Kharif,Jowar,3282.5,4105.6
West Bengal,Nadia,2011,Rabi,Onion,1052.5,23190.1
Andhra Pradesh,Krishna,2002,Rabi,Wheat,1052.4,3014.4
Maharashtra,Pune,2004,Kharif,Groundnut,6227.9,7641.2
Andhra Pradesh,Nellore,2002,Kharif,Bajra,3220.0,4960.7
West Bengal,Bardhaman,2005,Rabi,Jowar,597.0,606.0
Andhra Pradesh,Nellore,2002,Rabi,Gram,5752.7,6933.9
Karnataka,Hassan,2001,Kharif,Maize,2427.1,4803.9
Karnataka,Mysore,2001,Whole Year,Sugarcane,9069.2,547124.6
Punjab,Amritsar,2009,Kharif,Onion,2271.1,36294.4
Madhya Pradesh,Indore,2005,Kharif,Cotton,3351.3,1607.8
West Bengal,Hooghly,2012,Kharif,Bajra,925.3,1660.3
Uttar Pradesh,Kanpur,2004,Kharif,Groundnut,2888.7,3464.4
Karnataka,Mysore,2005,Kharif,Rice,1244.4,2771.6
Madhya Pradesh,Bhopal,2001,Rabi,Gram,2962.7,3581.4
Uttar Pradesh,Kanpur,2005,Kharif,Groundnut,2175.6,2011.7
Tamil Nadu,Salem,2014,Rabi,Maize,1726.2,3582.6
Haryana,Hisar,2004,Rabi,Groundnut,2809.1,2495.7
Haryana,Rohtak,2007,Rabi,Mustard,1988.7,2011.6
Maharashtra,Nashik,2005,Rabi,Mustard,2578.4,4989.2
Tamil Nadu,Coimbatore,2011,Kharif,Bajra,11410.8,16057.2
Andhra Pradesh,Guntur,2011,Rabi,Potato,4047.3,116590.1
West Bengal,Bardhaman,2012,Whole Year,Banana,3698.4,161295.4
Andhra Pradesh,Krishna,2001,Rabi,Onion,4501.5,53050.7
Maharashtra,Nashik,2010,Rabi,Maize,1166.4,3514.7
Tamil Nadu,Coimbatore,2011,Kharif,Soyabean,4620.3,5210.7
Uttar Pradesh,Meerut,2014,Rabi,Gram,375.1,317.0
Punjab,Amritsar,2002,Whole Year,Banana,6415.5,254825.4
Maharashtra,Nashik,2009,Whole Year,Potato,2445.6,60017.3
Tamil Nadu,Salem,2006,Kharif,Tur,2971.0,1824.7
Maharashtra,Nagpur,2001,Kharif,Groundnut,1817.5,2181.3
Bihar,Bhagalpur,2014,Rabi,Mustard,4551.1,4736.2
Tamil Nadu,Coimbatore,2014,Rabi,Wheat,659.6,2088.2
Uttar Pradesh,Kanpur,2012,Rabi,Wheat,2906.1,9384.3
Bihar,Bhagalpur,2006,Rabi,Groundnut,2957.9,2761.6
Haryana,Rohtak,2007,Kharif,Groundnut,1279.3,1606.4
West Bengal,Hooghly,2012,Kharif,Maize,3288.3,8557.0
Maharashtra,Pune,2011,Kharif,Groundnut,3505.1,5025.0
Uttar Pradesh,Meerut,2006,Whole Year,Rice,1773.8,4633.5
Maharashtra,Pune,2014,Rabi,Wheat,6163.9,23440.6
Tamil Nadu,Salem,2003,Rabi,Jowar,1291.8,831.8
West Bengal,Nadia,2009,Whole Year,Banana,1331.1,59164.7
Tamil Nadu,Coimbatore,2008,Rabi,Maize,3104.8,7480.2
Uttar Pradesh,Meerut,2010,Whole Year,Sugarcane,2048.9,
Tamil Nadu,Salem,2012,Rabi,Maize,613.0,1082.3
Punjab,Amritsar,2011,Whole Year,Potato,1607.7,24560.3
Haryana,Hisar,2009,Rabi,Maize,8253.9,
Haryana,Karnal,2002,Rabi,Jowar,6562.9,7409.0
Karnataka,Belgaum,2007,Whole Year,Banana,15788.9,555641.2
Madhya Pradesh,Indore,2009,Whole Year,Rice,,4796.6
Tamil Nadu,Salem,2009,Rabi,Mustard,2719.6,3087.8
Punjab,Amritsar,2003,Kharif,Maize,2239.2,5566.3
Andhra Pradesh,Nellore,2014,Kharif,Bajra,3441.7,5689.2
Maharashtra,Nashik,2012,Rabi,Maize,10381.3,28003.3
Punjab,Patiala,2009,Whole Year,Potato,2514.3,72960.8
Uttar Pradesh,Lucknow,2009,Whole Year,Rice,2990.3,6882.1
West Bengal,Hooghly,2011,Whole Year,Banana,2520.3,113006.0
Karnataka,Mysore,2006,Rabi,Gram,3975.6,3253.8
Bihar,Patna,2010,Kharif,Rice,3713.4,12547.9
Karnataka,Hassan,2010,Whole Year,Sugarcane,2912.5,157058.9
Punjab,Ludhiana,2013,Kharif,Rice,3575.1,13800.9
Haryana,Rohtak,2011,Rabi,Wheat,843.1,2882.1
Tamil Nadu,Thanjavur,2006,Kharif,Cotton,2694.3,1313.0
Karnataka,Belgaum,2004,Rabi,Potato,2873.1,32431.7
Karnataka,Hassan,2014,Whole Year,Sugarcane,3253.9,250253.6
Punjab,Ludhiana,2001,Kharif,Bajra,1617.1,1968.2
Karnataka,Mysore,2014,Whole Year,Sugarcane,7022.8,461539.5
Maharashtra,Nashik,2008,Rabi,Jowar,1717.9,
Andhra Pradesh,Nellore,2001,Rabi,Groundnut,711.6,1168.0
Punjab,Ludhiana,2001,Kharif,Cotton,1389.0,537.8
Uttar Pradesh,Meerut,2004,Whole Year,Rice,1035.9,3162.2
Punjab,Patiala,2010,Whole Year,Banana,4028.8,215531.4
Madhya Pradesh,Indore,2006,Rabi,Groundnut,8058.0,11441.7
Haryana,Rohtak,2010,Rabi,Gram,1210.8,1052.2
Maharashtra,Pune,2013,Whole Year,Rice,1917.4,7056.3
Punjab,Amritsar,2013,Kharif,Maize,3681.4,10829.9
Karnataka,Hassan,2009,Rabi,Groundnut,2411.6,2448.7
West Bengal,Hooghly,2013,Rabi,Onion,2310.1,49565.1
Uttar Pradesh,Lucknow,2014,Whole Year,Sugarcane,1416.0,81695.2
Madhya Pradesh,Ujjain,2007,Kharif,Maize,952.3,3022.6
Punjab,Patiala,2013,Kharif,Onion,3188.0,66757.1
West Bengal,Bardhaman,2004,Rabi,Gram,1311.3,1639.1
Madhya Pradesh,Ujjain,2012,Kharif,Maize,2443.0,5970.2
Bihar,Patna,2008,Rabi,Wheat,3717.1,13559.0
Haryana,Rohtak,2002,Rabi,Groundnut,2284.9,3135.6
Karnataka,Belgaum,2010,Kharif,Tur,8261.6,6467.1
West Bengal,Hooghly,2008,Rabi,Jowar,3026.8,3046.8
West Bengal,Bardhaman,2012,Kharif,Jowar,1552.7,1615.4
Tamil Nadu,Coimbatore,2010,Kharif,Maize,8945.2,21425.3
West Bengal,Hooghly,2014,Rabi,Mustard,2733.1,4514.5
West Bengal,Nadia,2001,Kharif,Bajra,4154.2,
Madhya Pradesh,Ujjain,2003,Rabi,Mustard,2111.4,2872.5
Uttar Pradesh,Meerut,2002,Kharif,Maize,3796.3,8976.4
West Bengal,Nadia,2008,Whole Year,Rice,1262.6,4446.2
Madhya Pradesh,Ujjain,2008,Rabi,Mustard,4867.3,8814.4
Karnataka,Mysore,2007,Kharif,Rice,4553.2,12180.2
Tamil Nadu,Thanjavur,2012,Whole Year,Rice,4638.0,10954.8
Maharashtra,Nagpur,2003,Kharif,Rice,2532.6,7880.3
Punjab,Ludhiana,2004,Kharif,Bajra,3405.1,5209.7
West Bengal,Nadia,2004,Kharif,Bajra,3316.2,6546.0
Andhra Pradesh,Nellore,2004,Rabi,Onion,1285.3,21943.2
Bihar,Gaya,2012,Rabi,Mustard,1864.4,2719.4
Karnataka,Hassan,2008,Kharif,Maize,1190.0,2733.5
Tamil Nadu,Salem,2014,Kharif,Tur,6223.0,4480.7
Karnataka,Mysore,2010,Rabi,Maize,3422.2,10123.3
Karnataka,Hassan,2006,Kharif,Rice,1314.7,2964.3
Bihar,Bhagalpur,2014,Kharif,Maize,,4814.8
Bihar,Patna,2007,Kharif,Bajra,2042.8,3339.5
Bihar,Patna,2013,Rabi,Wheat,2478.4,7816.0
Punjab,Ludhiana,2006,Rabi,Groundnut,1923.8,3082.8
Uttar Pradesh,Lucknow,2013,Kharif,Tur,1904.4,1415.7
Uttar Pradesh,Kanpur,2004,Kharif,Onion,3245.7,42474.4
West Bengal,Bardhaman,2009,Whole Year,Banana,3343.5,117998.5
Madhya Pradesh,Bhopal,2010,Kharif,Cotton,5145.7,3077.1
Tamil Nadu,Thanjavur,2007,Kharif,Rice,2366.5,5295.4
Bihar,Bhagalpur,2005,Kharif,Jowar,1873.8,2280.3
Uttar Pradesh,Lucknow,2001,Whole Year,Banana,3053.8,44465.7
Tamil Nadu,Salem,2012,Rabi,Potato,957.8,19558.5
Tamil Nadu,Salem,2013,Rabi,Maize,1108.9,2945.3
West Bengal,Nadia,2003,Whole Year,Potato,3220.5,79158.0
Uttar Pradesh,Kanpur,2001,Kharif,Bajra,5679.8,5645.9
Tamil Nadu,Salem,2008,Rabi,Maize,,4590.2
Tamil Nadu,Thanjavur,2011,Rabi,Jowar,,2729.1
West Bengal,Bardhaman,2001,Kharif,Rice,3004.7,7365.5
Andhra Pradesh,Nellore,2001,Kharif,Soyabean,321.5,208.5
Tamil Nadu,Thanjavur,2013,Rabi,Gram,2805.9,1879.7
Madhya Pradesh,Bhopal,2008,Kharif,Jowar,2931.4,2946.3
Bihar,Bhagalpur,2012,Rabi,Gram,1255.6,1266.4
Punjab,Patiala,2004,Rabi,Onion,4671.5,78849.5
Maharashtra,Nashik,2006,Kharif,Rice,1494.3,5567.1
Madhya Pradesh,Bhopal,2005,Rabi,Potato,1926.8,42666.7
Bihar,Gaya,2006,Whole Year,Rice,2318.7,7026.8
Haryana,Hisar,2010,Rabi,Gram,3918.9,3210.1
Punjab,Patiala,2012,Whole Year,Sugarcane,2747.3,243797.8
Bihar,Gaya,2001,Kharif,Tur,1513.6,1206.5
West Bengal,Hooghly,2011,Rabi,Maize,4116.7,9961.9
Haryana,Rohtak,2009,Rabi,Jowar,1463.8,1648.4
Tamil Nadu,Thanjavur,2013,Kharif,Groundnut,2569.6,3555.3
Andhra Pradesh,Guntur,2001,Kharif,Groundnut,4034.8,5691.9
Uttar Pradesh,Meerut,2007,Kharif,Onion,4520.3,76177.7
West Bengal,Hooghly,2010,Kharif,Groundnut,848.6,1248.4
West Bengal,Hooghly,2011,Rabi,Wheat,1027.8,3427.2
Andhra Pradesh,Nellore,2012,Whole Year,Banana,3244.2,138318.3
West Bengal,Hooghly,2008,Kharif,Onion,2121.4,26663.7
Punjab,Amritsar,2008,Kharif,Maize,2178.1,6525.5
Karnataka,Hassan,2005,Kharif,Jowar,2543.7,2237.2
Madhya Pradesh,Bhopal,2008,Whole Year,Banana,1841.7,73818.8
Maharashtra,Pune,2012,Kharif,Soyabean,5018.5,6704.2
Tamil Nadu,Thanjavur,2001,Whole Year,Banana,1787.6,63703.5
Uttar Pradesh,Lucknow,2006,Rabi,Mustard,7514.0,10642.2
Tamil Nadu,Coimbatore,2008,Rabi,Jowar,2767.1,2688.8
Bihar,Gaya,2014,Kharif,Rice,8070.5,22102.4
Punjab,Patiala,2014,Rabi,Potato,2783.0,71515.0
West Bengal,Hooghly,2012,Rabi,Gram,1705.0,2058.5
West Bengal,Nadia,2006,Rabi,Onion,771.8,16042.5
West Bengal,Hooghly,2014,Whole Year,Potato,1653.7,34396.7
Haryana,Hisar,2005,Kharif,Soyabean,3419.6,2110.7
Andhra Pradesh,Guntur,2011,Rabi,Wheat,998.7,4008.0
Karnataka,Mysore,2007,Whole Year,Sugarcane,1669.8,120382.4
Karnataka,Mysore,2005,Rabi,Maize,2039.9,6339.0
Uttar Pradesh,Lucknow,2007,Rabi,Wheat,1177.9,2702.6
Haryana,Rohtak,2006,Rabi,Mustard,1680.8,2832.5
Bihar,Patna,2010,Kharif,Bajra,2583.3,4919.0
Tamil Nadu,Coimbatore,2006,Kharif,Maize,7194.6,12686.1
West Bengal,Hooghly,2002,Kharif,Bajra,5394.2,6532.3
Madhya Pradesh,Ujjain,2013,Rabi,Onion,965.9,17194.3
Andhra Pradesh,Nellore,2011,Rabi,Gram,3577.7,4868.1
Maharashtra,Nashik,2002,Kharif,Rice,1144.2,2779.7
Karnataka,Mysore,2001,Rabi,Jowar,1452.9,1284.8
West Bengal,Bardhaman,2004,Kharif,Jowar,4765.8,4833.2
Haryana,Hisar,2007,Kharif,Rice,3381.6,7214.3
West Bengal,Hooghly,2004,Kharif,Groundnut,3134.0,4069.4
Uttar Pradesh,Meerut,2001,Whole Year,Rice,2795.6,5668.0
Andhra Pradesh,Guntur,2012,Whole Year,Potato,3498.5,96108.1
Uttar Pradesh,Kanpur,2002,Rabi,Jowar,4098.5,2836.6
Uttar Pradesh,Meerut,2013,Kharif,Onion,3907.0,40007.5
Haryana,Karnal,2005,Whole Year,Potato,1896.1,29860.8
Punjab,Amritsar,2009,Kharif,Bajra,2392.8,3553.7
Punjab,Ludhiana,2013,Rabi,Gram,3092.6,3209.1
Punjab,Amritsar,2006,Kharif,Cotton,1185.1,434.2
Uttar Pradesh,Kanpur,2003,Whole Year,Sugarcane,1872.2,105129.0
Haryana,Hisar,2010,Kharif,Soyabean,4272.5,4944.3
Punjab,Amritsar,2010,Kharif,Jowar,4302.2,2109.5
West Bengal,Bardhaman,2007,Whole Year,Rice,5355.0,14371.1
Tamil Nadu,Thanjavur,2008,Kharif,Rice,3302.1,6914.9
Haryana,Karnal,2003,Rabi,Maize,2204.2,4839.2
Andhra Pradesh,Krishna,2006,Whole Year,Sugarcane,1836.7,132459.0
Tamil Nadu,Thanjavur,2012,Whole Year,Banana,8254.9,246949.9
Tamil Nadu,Coimbatore,2008,Rabi,Gram,4078.7,
Tamil Nadu,Thanjavur,2007,Whole Year,Potato,941.7,17325.8
Madhya Pradesh,Ujjain,2003,Rabi,Onion,4163.6,66070.1
West Bengal,Hooghly,2011,Kharif,Tur,1732.0,1883.8
Uttar Pradesh,Meerut,2002,Kharif,Groundnut,5624.3,7112.4
Tamil Nadu,Thanjavur,2009,Rabi,Gram,1407.4,1132.8
Bihar,Gaya,2004,Kharif,Groundnut,1976.8,2647.2
Karnataka,Belgaum,2003,Rabi,Onion,1355.2,24226.2
Uttar Pradesh,Lucknow,2008,Rabi,Potato,2580.9,56408.0
Tamil Nadu,Salem,2010,Whole Year,Rice,1942.4,4351.0
Tamil Nadu,Thanjavur,2002,Rabi,Gram,2601.3,1023.9
Andhra Pradesh,Nellore,2005,Whole Year,Rice,3285.3,9636.0
Karnataka,Hassan,2004,Rabi,Wheat,1873.5,4977.5
Andhra Pradesh,Guntur,2002,Kharif,Cotton,1856.8,949.3
Bihar,Patna,2010,Kharif,Cotton,1698.7,832.2
West Bengal,Hooghly,2004,Kharif,Bajra,2546.8,4225.9
Karnataka,Belgaum,2012,Rabi,Mustard,2089.4,2993.5
Karnataka,Hassan,2013,Rabi,Onion,2366.5,26459.2
Punjab,Ludhiana,2003,Kharif,Cotton,,1480.3
Punjab,Ludhiana,2004,Kharif,Groundnut,4320.0,4182.4
Haryana,Karnal,2013,Kharif,Cotton,1620.6,740.2
Maharashtra,Nagpur,2009,Kharif,Cotton,2460.2,1378.0
Tamil Nadu,Coimbatore,2006,Rabi,Wheat,3214.2,8527.3
Andhra Pradesh,Krishna,2003,Kharif,Onion,1931.9,27108.9
Haryana,Karnal,2002,Kharif,Cotton,6147.9,2532.2
Tamil Nadu,Thanjavur,2003,Rabi,Gram,2695.8,1969.2
Andhra Pradesh,Nellore,2005,Kharif,Groundnut,3628.2,4619.7
West Bengal,Hooghly,2008,Whole Year,Potato,3773.8,59635.5
Maharashtra,Nashik,2003,Rabi,Maize,2389.9,7718.7
Madhya Pradesh,Ujjain,2004,Kharif,Cotton,1666.3,860.9
Bihar,Patna,2008,Kharif,Bajra,1663.9,1703.6
Bihar,Gaya,2013,Kharif,Tur,1823.8,1881.5
Andhra Pradesh,Krishna,2012,Kharif,Soyabean,4071.3,5471.5
Bihar,Bhagalpur,2009,Kharif,Rice,2614.4,6660.5
Madhya Pradesh,Bhopal,2010,Rabi,Jowar,2662.9,2806.9
Haryana,Hisar,2008,Kharif,Rice,5940.3,13576.9
Maharashtra,Pune,2009,Kharif,Onion,6956.9,129597.7
Uttar Pradesh,Lucknow,2002,Kharif,Groundnut,2250.8,2751.1
Maharashtra,Nashik,2007,Rabi,Jowar,2809.9,3972.7
Andhra Pradesh,Guntur,2002,Kharif,Tur,3417.4,3084.3
Haryana,Rohtak,2006,Whole Year,Potato,5829.7,98401.3
Maharashtra,Nagpur,2002,Whole Year,Potato,3153.0,75720.1
Madhya Pradesh,Bhopal,2001,Kharif,Maize,1439.4,4644.1
West Bengal,Bardhaman,2004,Whole Year,Banana,2909.2,101839.5
Haryana,Rohtak,2003,Kharif,Bajra,3027.0,3860.1
Madhya Pradesh,Bhopal,2011,Kharif,Rice,2471.4,
Bihar,Bhagalpur,2004,Rabi,Mustard,1213.4,1615.3
Punjab,Amritsar,2012,Kharif,Onion,4127.7,69486.8
Uttar Pradesh,Meerut,2014,Kharif,Cotton,2154.5,1061.3
Tamil Nadu,Salem,2012,Kharif,Bajra,2923.5,4398.8
Tamil Nadu,Coimbatore,2005,Rabi,Maize,3498.1,9698.8
Madhya Pradesh,Bhopal,2011,Rabi,Mustard,5797.7,12158.3
Tamil Nadu,Salem,2013,Rabi,Mustard,2705.2,3376.8
Andhra Pradesh,Krishna,2008,Rabi,Jowar,1044.4,1456.2
Haryana,Hisar,2010,Kharif,Onion,2099.8,39591.2
Karnataka,Hassan,2014,Kharif,Groundnut,1192.6,1556.3
Andhra Pradesh,Guntur,2007,Rabi,Wheat,725.8,3004.3
Madhya Pradesh,Ujjain,2009,Kharif,Tur,5062.4,5130.1
Uttar Pradesh,Meerut,2008,Rabi,Groundnut,1468.4,1891.5
Maharashtra,Nashik,2011,Rabi,Potato,4168.8,117817.3
West Bengal,Nadia,2007,Kharif,Onion,3096.5,
Tamil Nadu,Coimbatore,2011,Kharif,Rice,1851.0,4985.4
Bihar,Patna,2003,Rabi,Gram,4845.6,3536.9
Tamil Nadu,Thanjavur,2002,Whole Year,Rice,1936.8,4230.5
Andhra Pradesh,Krishna,2007,Kharif,Jowar,1084.1,1000.1
Madhya Pradesh,Indore,2003,Rabi,Maize,918.0,2610.5
Uttar Pradesh,Meerut,2003,Kharif,Onion,5002.6,62059.8
Madhya Pradesh,Ujjain,2012,Kharif,Soyabean,3751.4,6598.1
Tamil Nadu,Coimbatore,2013,Rabi,Jowar,1249.9,1120.7
West Bengal,Hooghly,2005,Kharif,Soyabean,5428.8,6315.2
Maharashtra,Pune,2010,Rabi,Wheat,854.6,3280.1
Madhya Pradesh,Bhopal,2014,Kharif,Maize,1422.0,4418.8
Tamil Nadu,Coimbatore,2002,Kharif,Soyabean,3364.6,
West Bengal,Bardhaman,2009,Whole Year,Potato,2336.8,64028.5
Madhya Pradesh,Ujjain,2006,Rabi,Mustard,4272.7,4370.5
Madhya Pradesh,Bhopal,2006,Rabi,Maize,3973.9,10046.7
West Bengal,Bardhaman,2012,Rabi,Jowar,6684.3,10137.3
Punjab,Ludhiana,2004,Kharif,Rice,1279.0,3887.1
Karnataka,Mysore,2014,Rabi,Potato,2191.0,40251.7
Maharashtra,Nagpur,2010,Rabi,Mustard,3215.8,4687.5
Punjab,Patiala,2011,Kharif,Onion,3253.8,57910.7
Uttar Pradesh,Lucknow,2013,Whole Year,Potato,1458.2,26459.4
Madhya Pradesh,Bhopal,2012,Rabi,Onion,4283.6,
Andhra Pradesh,Guntur,2012,Kharif,Groundnut,1220.6,2086.9
Tamil Nadu,Salem,2004,Kharif,Onion,4227.5,50820.7
Madhya Pradesh,Bhopal,2006,Kharif,Bajra,1636.4,2450.9
West Bengal,Hooghly,2005,Whole Year,Sugarcane,2364.3,215129.4
Karnataka,Belgaum,2009,Rabi,Groundnut,2431.8,3628.9
Andhra Pradesh,Guntur,2009,Kharif,Maize,980.9,3274.6
West Bengal,Hooghly,2003,Whole Year,Sugarcane,1055.0,59217.2
Andhra Pradesh,Guntur,2010,Kharif,Groundnut,1555.6,3148.4
Andhra Pradesh,Krishna,2014,Whole Year,Sugarcane,1927.2,175769.6
Haryana,Hisar,2001,Kharif,Tur,4462.3,3091.0
Karnataka,Mysore,2011,Kharif,Soyabean,5126.9,5869.5
Bihar,Patna,2007,Kharif,Onion,2368.9,41025.8
Maharashtra,Nashik,2003,Whole Year,Sugarcane,4504.7,414333.4
Uttar Pradesh,Meerut,2010,Kharif,Jowar,7164.4,7623.2
Madhya Pradesh,Indore,2002,Rabi,Mustard,1656.0,2931.3
Uttar Pradesh,Lucknow,2014,Kharif,Bajra,3514.0,4159.5
Andhra Pradesh,Guntur,2010,Kharif,Bajra,2740.2,4374.5
Maharashtra,Pune,2003,Rabi,Maize,5796.8,17213.4
Madhya Pradesh,Ujjain,2005,Kharif,Tur,2791.5,1870.9
Madhya Pradesh,Indore,2005,Kharif,Rice,2838.1,8125.4
Karnataka,Belgaum,2014,Kharif,Jowar,5079.0,5452.3
Maharashtra,Nagpur,2004,Kharif,Bajra,3774.2,4941.8
Karnataka,Hassan,2011,Kharif,Onion,9886.8,105517.1
Haryana,Rohtak,2011,Whole Year,Sugarcane,4229.4,309805.0
Uttar Pradesh,Meerut,2003,Rabi,Jowar,3703.0,4630.4
Tamil Nadu,Coimbatore,2012,Whole Year,Potato,1063.5,16669.9
Bihar,Bhagalpur,2008,Kharif,Tur,6125.8,5552.9
Bihar,Bhagalpur,2012,Rabi,Maize,4080.2,10891.0
Bihar,Gaya,2010,Rabi,Gram,3562.0,4122.0
Karnataka,Mysore,2008,Rabi,Potato,1770.4,41911.6
Punjab,Ludhiana,2013,Whole Year,Banana,4897.0,172700.9
Andhra Pradesh,Krishna,2014,Kharif,Cotton,2654.5,1578.7
Punjab,Ludhiana,2011,Kharif,Maize,2440.5,5998.6
Punjab,Patiala,2014,Kharif,Cotton,5232.3,3554.2
Haryana,Rohtak,2005,Rabi,Mustard,2136.2,3132.4
Madhya Pradesh,Bhopal,2003,Kharif,Cotton,4076.4,2694.3
Karnataka,Hassan,2005,Whole Year,Rice,2816.9,7279.6
Andhra Pradesh,Nellore,2006,Rabi,Wheat,1145.6,3920.4
Bihar,Bhagalpur,2002,Rabi,Potato,1884.9,21732.6
Maharashtra,Nashik,2001,Kharif,Bajra,7761.6,10103.7
West Bengal,Hooghly,2007,Whole Year,Potato,4155.1,70416.6
Punjab,Amritsar,2008,Rabi,Maize,1426.0,4084.0
Haryana,Rohtak,2007,Kharif,Maize,716.9,1792.2
Maharashtra,Nashik,2005,Rabi,Jowar,4213.1,5192.8
Madhya Pradesh,Bhopal,2002,Whole Year,Banana,5733.4,214563.6
Uttar Pradesh,Lucknow,2009,Whole Year,Potato,4248.6,67647.6
Punjab,Amritsar,2012,Kharif,Jowar,1287.3,1854.8
Uttar Pradesh,Kanpur,2011,Whole Year,Potato,3759.0,83257.6
Uttar Pradesh,Kanpur,2003,Kharif,Jowar,1812.1,1728.1
Andhra Pradesh,Guntur,2011,Kharif,Cotton,1790.8,1495.3
Karnataka,Belgaum,2014,Rabi,Potato,2936.8,72322.1
West Bengal,Bardhaman,2005,Kharif,Tur,1878.3,1563.4
West Bengal,Nadia,2012,Whole Year,Banana,3690.2,195081.8
Bihar,Bhagalpur,2008,Kharif,Rice,2571.1,5485.8
Uttar Pradesh,Kanpur,2010,Whole Year,Sugarcane,1690.4,87384.9
Karnataka,Belgaum,2003,Kharif,Tur,2687.3,1761.4
Karnataka,Hassan,2013,Rabi,Jowar,612.8,741.5
West Bengal,Bardhaman,2008,Whole Year,Banana,6619.8,231863.4
Punjab,Ludhiana,2014,Rabi,Onion,6775.0,140912.9
Haryana,Hisar,2007,Whole Year,Rice,2050.8,5119.7
Haryana,Rohtak,2002,Kharif,Tur,1680.3,1498.1
Madhya Pradesh,Bhopal,2005,Kharif,Maize,2257.9,6404.7
Uttar Pradesh,Lucknow,2010,Kharif,Groundnut,1459.4,1375.4
Uttar Pradesh,Lucknow,2009,Kharif,Cotton,2242.2,891.5
Maharashtra,Nagpur,2003,Whole Year,Potato,2390.8,58328.2
Andhra Pradesh,Guntur,2005,Kharif,Jowar,2879.8,4288.0
Punjab,Ludhiana,2007,Kharif,Soyabean,2326.4,3421.1
Haryana,Hisar,2007,Whole Year,Sugarcane,4101.0,276794.4
Uttar Pradesh,Lucknow,2001,Rabi,Maize,968.9,2100.9
Maharashtra,Pune,2009,Kharif,Groundnut,2966.6,4068.9
Karnataka,Belgaum,2008,Rabi,Potato,3036.4,60893.6
Punjab,Amritsar,2012,Rabi,Groundnut,3922.5,3735.2
Tamil Nadu,Salem,2007,Kharif,Onion,3869.1,42155.1
Madhya Pradesh,Indore,2004,Kharif,Cotton,5243.9,2600.1
Madhya Pradesh,Indore,2013,Kharif,Tur,,2432.4
Maharashtra,Nagpur,2010,Kharif,Soyabean,5863.9,7282.5
Uttar Pradesh,Lucknow,2013,Kharif,Rice,1084.1,3405.9
Andhra Pradesh,Krishna,2003,Kharif,Soyabean,3527.9,5274.2
Bihar,Patna,2012,Kharif,Rice,4568.2,14052.0
West Bengal,Hooghly,2005,Kharif,Maize,898.2,2142.8
Tamil Nadu,Salem,2002,Kharif,Maize,2201.2,4943.1
Madhya Pradesh,Ujjain,2014,Rabi,Onion,1003.3,21508.7
Tamil Nadu,Thanjavur,2014,Kharif,Groundnut,1470.5,1281.5
Andhra Pradesh,Nellore,2004,Whole Year,Banana,4246.8,185987.3
Karnataka,Mysore,2014,Kharif,Soyabean,9114.6,13233.0
Tamil Nadu,Thanjavur,2004,Rabi,Wheat,2041.1,6481.0
Uttar Pradesh,Kanpur,2002,Kharif,Onion,7322.1,84211.7
Madhya Pradesh,Bhopal,2005,Kharif,Groundnut,3867.6,5619.4
Maharashtra,Nagpur,2001,Rabi,Mustard,3045.2,3838.8
Madhya Pradesh,Indore,2007,Kharif,Maize,3023.5,10361.0
Uttar Pradesh,Meerut,2012,Kharif,Maize,2590.6,3991.2
Punjab,Ludhiana,2010,Whole Year,Potato,2921.2,77323.0
Haryana,Karnal,2003,Kharif,Onion,4891.4,77377.3
Madhya Pradesh,Indore,2001,Rabi,Jowar,5713.0,5289.8
Madhya Pradesh,Indore,2007,Kharif,Jowar,812.3,1425.1
Tamil Nadu,Thanjavur,2001,Rabi,Gram,3941.8,2631.4
Bihar,Bhagalpur,2001,Rabi,Jowar,2905.7,3148.3
West Bengal,Bardhaman,2013,Whole Year,Sugarcane,2625.6,231382.2
Uttar Pradesh,Lucknow,2007,Whole Year,Banana,1865.6,59113.0
Tamil Nadu,Salem,2007,Kharif,Rice,5136.7,12258.4
Bihar,Bhagalpur,2012,Kharif,Maize,5121.8,9414.8
Maharashtra,Pune,2011,Kharif,Maize,3158.6,9993.8
Madhya Pradesh,Bhopal,2006,Rabi,Onion,4902.6,77965.2
Bihar,Bhagalpur,2004,Rabi,Gram,2917.5,2374.3
Madhya Pradesh,Indore,2006,Kharif,Bajra,1795.3,3456.9
Punjab,Ludhiana,2010,Kharif,Rice,1653.0,4621.0
Madhya Pradesh,Bhopal,2012,Kharif,Tur,3294.0,3972.6
Punjab,Ludhiana,2001,Kharif,Rice,6821.7,20698.0
Maharashtra,Pune,2010,Kharif,Onion,937.9,17133.3
Uttar Pradesh,Meerut,2007,Kharif,Maize,2380.6,6289.2
Bihar,Patna,2012,Rabi,Jowar,472.5,441.3
Andhra Pradesh,Krishna,2004,Rabi,Gram,8834.8,
Karnataka,Mysore,2014,Kharif,Maize,2956.8,7963.1
Tamil Nadu,Coimbatore,2002,Kharif,Onion,591.8,7403.2
Punjab,Amritsar,2003,Rabi,Potato,2121.6,37684.6
Madhya Pradesh,Bhopal,2007,Whole Year,Rice,2174.0,6551.7
Karnataka,Hassan,2005,Kharif,Cotton,2438.5,1291.0
Madhya Pradesh,Indore,2007,Kharif,Cotton,1758.4,772.2
Bihar,Gaya,2003,Kharif,Bajra,12014.7,14061.4
Uttar Pradesh,Lucknow,2011,Kharif,Maize,2479.1,6867.3
West Bengal,Bardhaman,2011,Kharif,Tur,1322.4,1132.4
Madhya Pradesh,Indore,2009,Kharif,Cotton,980.2,604.7
Haryana,Karnal,2010,Kharif,Jowar,1394.3,1261.9
Uttar Pradesh,Kanpur,2005,Kharif,Cotton,1063.5,328.1
Madhya Pradesh,Bhopal,2004,Rabi,Jowar,5825.8,
Uttar Pradesh,Lucknow,2005,Kharif,Maize,,14400.5
Maharashtra,Nashik,2013,Kharif,Soyabean,4819.1,6137.1
Maharashtra,Nagpur,2004,Rabi,Groundnut,5361.0,6773.7
Bihar,Gaya,2002,Kharif,Groundnut,7474.3,6593.7
West Bengal,Hooghly,2006,Rabi,Jowar,3430.7,4843.1
Madhya Pradesh,Bhopal,2008,Rabi,Maize,1855.2,5983.5
West Bengal,Nadia,2006,Whole Year,Rice,1413.2,5027.9
Andhra Pradesh,Krishna,2004,Rabi,Jowar,1549.6,1311.0
West Bengal,Hooghly,2012,Kharif,Soyabean,8212.2,11992.3
Bihar,Bhagalpur,2003,Kharif,Rice,2820.6,7261.2
Tamil Nadu,Salem,2008,Whole Year,Potato,1439.4,23113.7
Bihar,Patna,2007,Rabi,Groundnut,5531.7,6762.4
West Bengal,Nadia,2008,Rabi,Gram,8940.3,11098.0
Madhya Pradesh,Indore,2012,Rabi,Wheat,707.3,2729.6
Punjab,Patiala,2009,Whole Year,Sugarcane,4494.0,388374.3
Haryana,Rohtak,2013,Rabi,Groundnut,2458.0,3217.9
Haryana,Rohtak,2012,Rabi,Jowar,2447.8,1969.7
Tamil Nadu,Coimbatore,2005,Kharif,Tur,3795.4,2961.3
Uttar Pradesh,Meerut,2012,Whole Year,Rice,3036.4,7434.6
Andhra Pradesh,Nellore,2003,Rabi,Jowar,7150.7,7548.0
Tamil Nadu,Salem,2002,Whole Year,Banana,3407.3,137110.6
Punjab,Patiala,2001,Kharif,Tur,7102.7,7123.2
Karnataka,Belgaum,2007,Rabi,Potato,2721.4,45570.8
Madhya Pradesh,Indore,2006,Rabi,Wheat,1061.5,3862.6
Uttar Pradesh,Lucknow,2014,Kharif,Cotton,2906.0,1012.5
Madhya Pradesh,Ujjain,2004,Kharif,Tur,3135.3,2132.9
Karnataka,Mysore,2013,Kharif,Rice,2881.0,7789.5
Uttar Pradesh,Meerut,2014,Kharif,Bajra,1852.1,2157.5
Bihar,Patna,2013,Kharif,Jowar,2514.3,3001.4
Andhra Pradesh,Guntur,2006,Kharif,Maize,1488.2,4531.4
Bihar,Gaya,2001,Rabi,Groundnut,1936.6,2262.7
Haryana,Karnal,2007,Kharif,Onion,3204.4,22130.2
Madhya Pradesh,Bhopal,2007,Rabi,Groundnut,1802.0,3143.2
Uttar Pradesh,Kanpur,2011,Kharif,Jowar,8004.5,8141.5
Maharashtra,Pune,2013,Rabi,Gram,8611.0,10193.3
West Bengal,Hooghly,2004,Rabi,Potato,2517.8,76713.9
Madhya Pradesh,Bhopal,2010,Rabi,Maize,3422.5,11586.5
Uttar Pradesh,Meerut,2007,Rabi,Gram,2980.2,3092.5
Tamil Nadu,Coimbatore,2009,Kharif,Bajra,1017.2,937.1
Haryana,Karnal,2008,Whole Year,Rice,8404.3,20037.2
Madhya Pradesh,Ujjain,2006,Kharif,Onion,1191.7,21861.6
Haryana,Karnal,2012,Rabi,Maize,2843.9,
Karnataka,Belgaum,2003,Kharif,Soyabean,1840.6,2205.1
Uttar Pradesh,Lucknow,2010,Rabi,Potato,1112.4,19785.5
Tamil Nadu,Coimbatore,2009,Rabi,Potato,5096.6,109479.6
Haryana,Rohtak,2010,Kharif,Maize,1492.3,4270.9
Madhya Pradesh,Ujjain,2003,Whole Year,Banana,1953.7,89891.8
Bihar,Bhagalpur,2001,Rabi,Gram,2248.6,2360.7
Karnataka,Mysore,2009,Kharif,Onion,2183.6,21309.0
Maharashtra,Nagpur,2008,Kharif,Rice,2619.4,8347.7
Haryana,Rohtak,2010,Kharif,Bajra,342.6,520.5
Maharashtra,Pune,2006,Rabi,Wheat,3819.3,14422.7
Punjab,Ludhiana,2006,Rabi,Onion,2817.6,52582.7
Uttar Pradesh,Meerut,2009,Rabi,Onion,1688.7,25615.6
Madhya Pradesh,Ujjain,2001,Kharif,Groundnut,4672.3,6723.0
Punjab,Patiala,2003,Kharif,Groundnut,3947.5,5256.3
Maharashtra,Pune,2010,Kharif,Bajra,3114.7,3759.6
Uttar Pradesh,Meerut,2002,Kharif,Soyabean,3225.7,3863.9
Haryana,Karnal,2008,Rabi,Maize,,2805.1
Karnataka,Belgaum,2012,Kharif,Cotton,2231.0,1300.3
Maharashtra,Nagpur,2008,Whole Year,Rice,2711.1,9703.1
Andhra Pradesh,Nellore,2003,Rabi,Potato,8822.4,199481.1
Uttar Pradesh,Lucknow,2013,Kharif,Cotton,12312.3,5207.2
Punjab,Ludhiana,2006,Rabi,Gram,1506.6,2028.6
Punjab,Ludhiana,2013,Rabi,Potato,6738.5,141335.0
Andhra Pradesh,Nellore,2002,Kharif,Rice,1030.2,3435.5
Uttar Pradesh,Lucknow,2010,Rabi,Maize,577.3,1587.0
West Bengal,Bardhaman,2001,Whole Year,Banana,1249.3,42069.3
Karnataka,Belgaum,2005,Kharif,Cotton,2515.2,1000.2
Bihar,Gaya,2006,Kharif,Soyabean,4386.4,4403.9
Tamil Nadu,Salem,2008,Whole Year,Banana,3662.8,104839.3
Karnataka,Belgaum,2011,Kharif,Jowar,1123.0,751.9
West Bengal,Hooghly,2009,Rabi,Gram,1846.6,1560.7
Maharashtra,Pune,2001,Rabi,Groundnut,3033.7,3370.1
Punjab,Patiala,2001,Kharif,Onion,2459.0,49208.9
Uttar Pradesh,Lucknow,2007,Rabi,Gram,2654.6,2203.0
Madhya Pradesh,Indore,2002,Kharif,Jowar,2104.6,2307.9
Karnataka,Belgaum,2009,Kharif,Groundnut,6558.8,9406.9
Maharashtra,Nashik,2005,Rabi,Maize,1943.7,4937.0
Andhra Pradesh,Krishna,2012,Whole Year,Sugarcane,1273.7,96278.7
Maharashtra,Nashik,2014,Whole Year,Potato,2315.9,75100.3
Uttar Pradesh,Meerut,2006,Kharif,Bajra,2597.9,4416.9
Punjab,Amritsar,2007,Kharif,Soyabean,6296.6,4542.3
West Bengal,Bardhaman,2009,Kharif,Tur,3851.3,3937.3
Andhra Pradesh,Guntur,2009,Whole Year,Sugarcane,1831.7,182158.8
Maharashtra,Nagpur,2004,Rabi,Onion,2702.2,56833.0
Haryana,Karnal,2007,Whole Year,Rice,3310.5,6200.0
Madhya Pradesh,Bhopal,2006,Whole Year,Banana,5575.6,296357.5
Haryana,Hisar,2006,Kharif,Groundnut,1225.0,1250.8
Madhya Pradesh,Bhopal,2012,Rabi,Maize,2598.2,8644.4
Andhra Pradesh,Guntur,2005,Whole Year,Banana,1273.7,57986.0
Uttar Pradesh,Lucknow,2006,Rabi,Potato,2845.0,33910.2
Andhra Pradesh,Krishna,2014,Rabi,Onion,1189.0,18289.6
West Bengal,Hooghly,2002,Rabi,Maize,3369.4,8987.4
Andhra Pradesh,Nellore,2005,Rabi,Groundnut,3442.7,5599.1
Andhra Pradesh,Krishna,2009,Rabi,Onion,2703.6,47903.1
Haryana,Rohtak,2012,Kharif,Tur,1098.3,787.4
West Bengal,Nadia,2014,Kharif,Soyabean,3268.9,4393.7
Andhra Pradesh,Guntur,2005,Kharif,Groundnut,1905.5,2746.0
Punjab,Patiala,2002,Kharif,Onion,5612.9,120460.6
Uttar Pradesh,Lucknow,2013,Rabi,Wheat,2094.1,6416.4
West Bengal,Bardhaman,2011,Kharif,Rice,5985.2,18791.9
Andhra Pradesh,Krishna,2003,Kharif,Jowar,3974.8,4157.1
Punjab,Patiala,2009,Whole Year,Rice,5745.8,19625.3
Tamil Nadu,Coimbatore,2013,Kharif,Onion,2572.1,40112.9
Andhra Pradesh,Nellore,2008,Rabi,Gram,3947.2,5020.7
Tamil Nadu,Coimbatore,2011,Kharif,Jowar,1029.5,939.5
Andhra Pradesh,Guntur,2009,Rabi,Gram,,993.0
Andhra Pradesh,Guntur,2013,Kharif,Groundnut,2764.8,5143.0
Bihar,Patna,2004,Kharif,Tur,5057.1,4398.4
Haryana,Rohtak,2008,Rabi,Wheat,836.3,2852.9
Andhra Pradesh,Krishna,2009,Rabi,Wheat,2798.6,10003.6
Tamil Nadu,Coimbatore,2012,Rabi,Groundnut,2064.3,2480.5
Punjab,Patiala,2009,Whole Year,Banana,908.0,44986.3
Haryana,Rohtak,2005,Whole Year,Banana,1541.3,47781.1
Karnataka,Hassan,2007,Rabi,Gram,9099.9,6048.7
West Bengal,Nadia,2003,Kharif,Onion,1766.4,38241.3
Uttar Pradesh,Kanpur,2012,Kharif,Bajra,2465.4,3677.4
Maharashtra,Nagpur,2014,Whole Year,Banana,3445.1,137931.8
West Bengal,Nadia,2002,Rabi,Gram,2512.3,2508.8
Madhya Pradesh,Ujjain,2007,Kharif,Tur,,4324.8
Punjab,Ludhiana,2012,Kharif,Cotton,1356.5,906.9
Uttar Pradesh,Kanpur,2012,Rabi,Onion,2585.4,30946.6
Tamil Nadu,Coimbatore,2011,Kharif,Maize,,16518.1
Maharashtra,Nashik,2002,Kharif,Soyabean,920.9,1072.6
West Bengal,Nadia,2011,Whole Year,Potato,3431.6,109109.0
West Bengal,Nadia,2012,Kharif,Soyabean,2500.6,3740.4
Andhra Pradesh,Guntur,2002,Kharif,Maize,8614.8,28101.3
Haryana,Karnal,2012,Kharif,Jowar,4007.6,4090.9
Haryana,Rohtak,2009,Rabi,Gram,1787.5,941.3
Uttar Pradesh,Kanpur,2012,Rabi,Mustard,2730.1,3869.4
Bihar,Patna,2009,Kharif,Jowar,2494.3,1964.4
Karnataka,Mysore,2006,Rabi,Groundnut,2417.2,2906.3
Madhya Pradesh,Indore,2011,Rabi,Groundnut,1155.7,1346.6
Maharashtra,Nashik,2008,Whole Year,Potato,1410.9,35047.5
Madhya Pradesh,Bhopal,2011,Kharif,Groundnut,4018.7,6827.9
West Bengal,Hooghly,2011,Kharif,Bajra,1171.8,1827.2
Maharashtra,Nagpur,2011,Rabi,Potato,1632.4,35800.6
Madhya Pradesh,Bhopal,2005,Rabi,Mustard,2818.4,3438.7
Karnataka,Belgaum,2004,Rabi,Onion,7505.2,122216.7
Andhra Pradesh,Krishna,2009,Kharif,Soyabean,1515.8,2153.7
Bihar,Gaya,2008,Whole Year,Rice,2914.1,8296.5
Madhya Pradesh,Indore,2014,Rabi,Jowar,2910.7,4159.6
Haryana,Rohtak,2005,Rabi,Groundnut,1857.5,2350.5
Punjab,Amritsar,2003,Whole Year,Potato,1866.3,44721.1
Andhra Pradesh,Guntur,2002,Kharif,Bajra,2284.8,4055.4
Tamil Nadu,Coimbatore,2014,Whole Year,Sugarcane,1481.9,88541.0
Haryana,Karnal,2003,Kharif,Cotton,5238.1,2744.6
Bihar,Gaya,2012,Kharif,Cotton,1008.8,354.1
Madhya Pradesh,Bhopal,2009,Rabi,Groundnut,4588.3,
Uttar Pradesh,Meerut,2013,Kharif,Cotton,990.8,451.4
Uttar Pradesh,Kanpur,2008,Rabi,Gram,1644.1,1447.2
Tamil Nadu,Salem,2005,Rabi,Onion,3569.1,27916.6
Madhya Pradesh,Indore,2012,Kharif,Cotton,749.4,382.5
Karnataka,Hassan,2007,Kharif,Groundnut,5033.9,7103.5
Tamil Nadu,Thanjavur,2013,Kharif,Jowar,3323.1,2483.0
Maharashtra,Nashik,2005,Kharif,Maize,1618.0,6117.0
Haryana,Hisar,2007,Rabi,Groundnut,858.9,738.4
Maharashtra,Nashik,2008,Rabi,Gram,3901.1,4952.2
Haryana,Rohtak,2011,Kharif,Tur,3978.6,2899.1
Andhra Pradesh,Nellore,2010,Whole Year,Banana,4537.0,121685.4
Madhya Pradesh,Ujjain,2008,Rabi,Maize,3168.9,9064.5
Madhya Pradesh,Indore,2001,Rabi,Onion,2167.6,36590.8
Punjab,Ludhiana,2007,Kharif,Groundnut,1837.6,2276.4
West Bengal,Hooghly,2004,Kharif,Tur,2000.1,1388.1
West Bengal,Bardhaman,2005,Rabi,Mustard,1575.1,2745.3
Madhya Pradesh,Bhopal,2014,Whole Year,Potato,1101.4,28440.6
Madhya Pradesh,Indore,2010,Kharif,Groundnut,6398.6,8701.4
Madhya Pradesh,Bhopal,2005,Whole Year,Banana,618.3,24559.6
Tamil Nadu,Salem,2001,Kharif,Bajra,1060.5,
Karnataka,Mysore,2006,Kharif,Bajra,1789.0,2342.6
Punjab,Amritsar,2002,Rabi,Onion,3550.4,54995.3
Bihar,Gaya,2013,Kharif,Bajra,1160.3,1428.0
Uttar Pradesh,Lucknow,2001,Rabi,Mustard,1594.6,1850.0
Andhra Pradesh,Krishna,2011,Rabi,Gram,3135.2,2992.7
Uttar Pradesh,Meerut,2005,Kharif,Tur,3635.1,2509.4
Andhra Pradesh,Guntur,2002,Kharif,Groundnut,305.3,543.2
Uttar Pradesh,Kanpur,2012,Whole Year,Sugarcane,1696.6,139194.9
Madhya Pradesh,Indore,2003,Rabi,Gram,2766.9,3389.6
Karnataka,Belgaum,2006,Whole Year,Banana,5659.7,231403.8
Haryana,Karnal,2007,Whole Year,Potato,3515.0,71950.9
Punjab,Patiala,2013,Kharif,Rice,1769.0,7298.1
Tamil Nadu,Salem,2007,Kharif,Jowar,2191.7,1936.6
Punjab,Ludhiana,2002,Rabi,Mustard,1718.1,3110.5
Bihar,Patna,2008,Kharif,Cotton,8391.3,4130.9
Karnataka,Belgaum,2008,Rabi,Groundnut,2819.2,2371.0
Bihar,Patna,2004,Whole Year,Sugarcane,1602.7,113447.8
Uttar Pradesh,Meerut,2006,Whole Year,Sugarcane,2416.3,188219.7
Madhya Pradesh,Bhopal,2012,Rabi,Mustard,7920.3,12274.0
Andhra Pradesh,Nellore,2009,Kharif,Bajra,1343.7,2173.6
Maharashtra,Nashik,2013,Kharif,Cotton,3406.3,1824.0
Tamil Nadu,Thanjavur,2005,Whole Year,Sugarcane,2022.8,132747.4
Tamil Nadu,Coimbatore,2005,Kharif,Cotton,685.2,364.7
Haryana,Rohtak,2003,Kharif,Groundnut,2299.6,798.5
Maharashtra,Nashik,2004,Kharif,Cotton,4592.7,2862.4
Bihar,Bhagalpur,2001,Whole Year,Rice,9797.1,22339.2
Haryana,Karnal,2010,Rabi,Potato,6549.9,94912.1
Uttar Pradesh,Lucknow,2010,Rabi,Wheat,2270.3,5757.6
Bihar,Bhagalpur,2003,Kharif,Groundnut,8902.3,12489.4
Punjab,Patiala,2005,Whole Year,Sugarcane,1855.2,176514.4
Andhra Pradesh,Nellore,2004,Kharif,Soyabean,2093.2,2902.1
Punjab,Amritsar,2012,Whole Year,Banana,3369.1,76225.8
Maharashtra,Pune,2002,Rabi,Maize,2090.7,4515.5
Tamil Nadu,Salem,2008,Rabi,Mustard,7478.7,13635.3
Haryana,Hisar,2013,Kharif,Maize,4173.1,7292.0
Tamil Nadu,Salem,2002,Rabi,Wheat,1366.2,3704.8
Tamil Nadu,Coimbatore,2006,Rabi,Gram,7395.1,6512.5
Punjab,Patiala,2008,Kharif,Maize,2464.6,7648.6
Karnataka,Hassan,2001,Kharif,Tur,2886.0,2917.8
Madhya Pradesh,Bhopal,2013,Kharif,Rice,1702.5,6044.2
Uttar Pradesh,Lucknow,2010,Whole Year,Sugarcane,1116.7,84450.4
West Bengal,Nadia,2003,Kharif,Bajra,3115.5,4877.2
Bihar,Bhagalpur,2011,Whole Year,Sugarcane,2709.9,192481.7
Madhya Pradesh,Ujjain,2007,Whole Year,Sugarcane,1685.9,144782.1
West Bengal,Nadia,2006,Kharif,Bajra,9146.6,9479.2
Uttar Pradesh,Kanpur,2011,Kharif,Groundnut,3814.4,6374.1
Maharashtra,Nashik,2014,Kharif,Maize,3143.0,
Punjab,Patiala,2005,Whole Year,Potato,1641.8,39372.4
Andhra Pradesh,Nellore,2006,Kharif,Rice,2202.3,5971.9
Haryana,Hisar,2001,Rabi,Groundnut,4517.1,4126.8
Bihar,Patna,2010,Kharif,Onion,775.8,13366.7
Punjab,Ludhiana,2012,Kharif,Bajra,4509.8,5600.0
Uttar Pradesh,Kanpur,2002,Whole Year,Potato,4862.4,117552.4
Maharashtra,Nashik,2009,Whole Year,Sugarcane,6936.7,681953.6
Madhya Pradesh,Bhopal,2003,Rabi,Mustard,3174.8,5497.5
Bihar,Bhagalpur,2014,Rabi,Jowar,2791.8,3517.4
Tamil Nadu,Salem,2012,Whole Year,Banana,1972.5,64509.2
Punjab,Ludhiana,2001,Whole Year,Potato,1705.7,45884.9
Maharashtra,Nashik,2014,Kharif,Bajra,3848.9,7148.5
West Bengal,Bardhaman,2013,Whole Year,Potato,2681.1,61191.2
Madhya Pradesh,Bhopal,2013,Kharif,Bajra,1522.4,2336.2
Haryana,Rohtak,2012,Rabi,Wheat,3053.2,8807.6
West Bengal,Hooghly,2014,Rabi,Maize,4668.9,14152.4
Maharashtra,Nashik,2012,Rabi,Jowar,3921.5,3750.4
Karnataka,Mysore,2001,Rabi,Gram,8960.8,6190.0
Bihar,Patna,2012,Rabi,Onion,1442.5,22792.0
Punjab,Amritsar,2009,Whole Year,Sugarcane,2277.9,189225.8
Haryana,Hisar,2004,Kharif,Maize,1252.0,2322.4
Karnataka,Mysore,2012,Kharif,Bajra,5317.1,7751.3
Andhra Pradesh,Guntur,2008,Kharif,Tur,1997.0,1795.0
Andhra Pradesh,Krishna,2006,Kharif,Rice,2369.3,7433.0
Karnataka,Mysore,2001,Kharif,Soyabean,3094.0,4512.5
West Bengal,Bardhaman,2004,Whole Year,Rice,2187.3,7818.8
Andhra Pradesh,Guntur,2010,Whole Year,Potato,3106.1,74396.9
Karnataka,Hassan,2014,Rabi,Onion,2687.7,36697.0
Andhra Pradesh,Guntur,2009,Rabi,Wheat,3452.0,12306.1
Karnataka,Mysore,2010,Kharif,Onion,4176.6,
Bihar,Bhagalpur,2013,Whole Year,Sugarcane,4717.9,300429.3
Tamil Nadu,Salem,2003,Whole Year,Banana,3668.1,88616.1
Andhra Pradesh,Nellore,2004,Rabi,Gram,7406.1,9468.2
Haryana,Hisar,2010,Kharif,Maize,575.5,1216.8
Maharashtra,Nashik,2002,Rabi,Potato,3077.9,73456.3
Madhya Pradesh,Ujjain,2013,Kharif,Maize,1360.8,2770.2
Bihar,Gaya,2008,Kharif,Soyabean,971.1,1069.0
Andhra Pradesh,Guntur,2008,Whole Year,Potato,2569.7,58295.5
Uttar Pradesh,Kanpur,2010,Rabi,Potato,4594.5,80890.0
Andhra Pradesh,Krishna,2010,Whole Year,Rice,2009.2,6284.9
West Bengal,Nadia,2011,Kharif,Rice,3240.9,11047.6
Andhra Pradesh,Nellore,2002,Kharif,Onion,1105.3,21522.6
Bihar,Bhagalpur,2007,Kharif,Rice,3484.7,9337.1
Madhya Pradesh,Ujjain,2006,Kharif,Groundnut,7261.2,6925.6
Andhra Pradesh,Guntur,2007,Rabi,Maize,4029.4,11930.1
Haryana,Hisar,2010,Rabi,Groundnut,699.3,822.4
Uttar Pradesh,Lucknow,2002,Whole Year,Sugarcane,5643.8,346451.7
Bihar,Patna,2001,Rabi,Gram,2786.0,2705.4
Tamil Nadu,Coimbatore,2005,Kharif,Onion,2566.7,33188.5
Andhra Pradesh,Krishna,2012,Kharif,Jowar,2309.5,2266.3
Haryana,Hisar,2008,Rabi,Groundnut,2115.1,2071.0
West Bengal,Hooghly,2010,Rabi,Potato,4345.1,113618.2
Tamil Nadu,Salem,2013,Kharif,Bajra,4164.4,
Andhra Pradesh,Guntur,2005,Rabi,Maize,1346.2,3989.3
West Bengal,Bardhaman,2014,Kharif,Bajra,1339.7,2446.4
Andhra Pradesh,Krishna,2001,Whole Year,Sugarcane,7660.3,627871.4
West Bengal,Bardhaman,2005,Rabi,Potato,2729.8,57127.5
Uttar Pradesh,Meerut,2009,Rabi,Jowar,1372.5,1413.4
Madhya Pradesh,Bhopal,2005,Whole Year,Sugarcane,4903.6,408512.6
West Bengal,Bardhaman,2003,Whole Year,Sugarcane,4954.3,308241.0
Bihar,Patna,2001,Kharif,Jowar,4822.3,4139.0
Madhya Pradesh,Ujjain,2009,Rabi,Maize,5500.5,16842.8
Uttar Pradesh,Meerut,2001,Rabi,Jowar,1611.4,1498.5
Tamil Nadu,Coimbatore,2002,Kharif,Cotton,3059.3,1479.9
Uttar Pradesh,Meerut,2010,Kharif,Cotton,3493.0,1851.8
Punjab,Amritsar,2007,Kharif,Maize,2537.7,7994.0
Tamil Nadu,Coimbatore,2007,Whole Year,Sugarcane,1560.0,100484.9
Tamil Nadu,Coimbatore,2006,Whole Year,Sugarcane,484.6,
Karnataka,Belgaum,2005,Whole Year,Banana,3877.7,141292.3
Madhya Pradesh,Bhopal,2014,Rabi,Maize,499.7,1695.4
Karnataka,Belgaum,2003,Rabi,Potato,1839.4,21196.9
West Bengal,Bardhaman,2003,Rabi,Potato,399.1,7603.6
Madhya Pradesh,Indore,2008,Rabi,Wheat,1584.0,6244.2
Haryana,Hisar,2003,Rabi,Maize,1420.4,2647.2
West Bengal,Nadia,2012,Whole Year,Potato,2357.4,63483.2
Tamil Nadu,Salem,2004,Rabi,Maize,6028.2,14055.1
Maharashtra,Nagpur,2011,Kharif,Rice,1814.1,6292.9
Maharashtra,Pune,2012,Kharif,Onion,5777.0,111039.9
Madhya Pradesh,Bhopal,2005,Kharif,Cotton,2000.3,1131.4
Punjab,Amritsar,2009,Rabi,Wheat,2789.6,8964.1
Uttar Pradesh,Kanpur,2007,Kharif,Groundnut,1881.5,2442.4
Uttar Pradesh,Lucknow,2005,Kharif,Rice,5029.6,13356.8
Andhra Pradesh,Nellore,2014,Whole Year,Sugarcane,5051.6,352837.9
West Bengal,Hooghly,2009,Rabi,Mustard,2775.7,4179.3
Haryana,Hisar,2014,Whole Year,Rice,5666.3,13248.7
Tamil Nadu,Salem,2014,Whole Year,Potato,3360.2,61896.5
Bihar,Patna,2005,Kharif,Onion,2523.8,42769.3
Punjab,Amritsar,2009,Kharif,Maize,5089.6,13430.8
Punjab,Patiala,2006,Rabi,Onion,1695.4,35409.0
West Bengal,Hooghly,2007,Kharif,Bajra,6068.6,7783.3
Uttar Pradesh,Lucknow,2007,Rabi,Mustard,3163.4,3952.8
Madhya Pradesh,Ujjain,2005,Whole Year,Sugarcane,4221.6,297657.7
Madhya Pradesh,Bhopal,2012,Whole Year,Banana,812.2,38039.2
Haryana,Rohtak,2010,Kharif,Groundnut,6939.6,5714.0
Andhra Pradesh,Guntur,2004,Kharif,Groundnut,1889.3,1986.2
Andhra Pradesh,Nellore,2003,Kharif,Soyabean,3849.8,4942.7
Andhra Pradesh,Krishna,2003,Kharif,Tur,704.3,621.3
Madhya Pradesh,Bhopal,2004,Kharif,Rice,6054.3,21305.5
Karnataka,Belgaum,2005,Rabi,Potato,2670.9,62135.5
Karnataka,Belgaum,2001,Rabi,Groundnut,5240.9,6025.2
Bihar,Patna,2013,Kharif,Onion,3130.5,58022.1
Uttar Pradesh,Lucknow,2004,Rabi,Wheat,4674.9,9164.0
Maharashtra,Nagpur,2006,Kharif,Cotton,4157.4,2036.4
Karnataka,Mysore,2004,Kharif,Tur,661.2,599.2
Bihar,Bhagalpur,2004,Whole Year,Rice,1829.4,5150.5
Maharashtra,Nashik,2006,Rabi,Jowar,1764.4,1888.0
Madhya Pradesh,Indore,2013,Rabi,Mustard,2708.3,5061.3
Punjab,Patiala,2002,Whole Year,Banana,4828.1,200559.4
Uttar Pradesh,Lucknow,2012,Rabi,Mustard,2398.1,2470.6
Andhra Pradesh,Krishna,2010,Kharif,Rice,6115.0,18432.5
Punjab,Patiala,2011,Kharif,Soyabean,2118.8,2851.6
Bihar,Gaya,2003,Rabi,Groundnut,2330.3,2240.1
Karnataka,Hassan,2003,Rabi,Maize,1133.5,2339.6
Andhra Pradesh,Nellore,2004,Kharif,Jowar,1504.0,1401.2
Karnataka,Hassan,2009,Rabi,Gram,3337.8,2581.1
Maharashtra,Nashik,2014,Kharif,Cotton,1218.1,470.8
Andhra Pradesh,Krishna,2005,Rabi,Onion,1102.0,21139.5
Maharashtra,Nagpur,2007,Rabi,Onion,3630.6,54690.2
Punjab,Ludhiana,2006,Rabi,Maize,1962.8,5775.7
Uttar Pradesh,Lucknow,2009,Rabi,Gram,1642.3,1209.1
Uttar Pradesh,Kanpur,2013,Rabi,Jowar,3104.3,
West Bengal,Nadia,2002,Whole Year,Potato,5245.3,111495.1
Punjab,Amritsar,2004,Kharif,Maize,1165.1,3411.4
Karnataka,Mysore,2007,Kharif,Jowar,3497.8,4448.2
Maharashtra,Nagpur,2007,Kharif,Groundnut,1121.4,1618.8
Haryana,Karnal,2011,Whole Year,Potato,2028.7,36361.5
Karnataka,Mysore,2012,Kharif,Maize,3019.0,8014.5
Andhra Pradesh,Guntur,2007,Rabi,Gram,3219.5,4388.2
Tamil Nadu,Thanjavur,2008,Kharif,Cotton,5031.4,3428.5
Tamil Nadu,Coimbatore,2006,Rabi,Maize,2907.3,7231.9
Andhra Pradesh,Nellore,2008,Whole Year,Sugarcane,773.3,55226.6
Madhya Pradesh,Indore,2003,Kharif,Jowar,2167.8,3053.4
West Bengal,Hooghly,2010,Kharif,Rice,2442.7,7956.8
Haryana,Rohtak,2002,Rabi,Mustard,2882.8,4404.2
Haryana,Rohtak,2008,Whole Year,Sugarcane,1640.2,103001.9
West Bengal,Bardhaman,2013,Rabi,Mustard,6429.6,12144.9
Uttar Pradesh,Lucknow,2008,Kharif,Tur,4715.7,3598.0
Punjab,Patiala,2013,Whole Year,Sugarcane,3215.8,327920.1
Haryana,Hisar,2005,Kharif,Rice,3864.5,11414.9
Karnataka,Belgaum,2013,Kharif,Groundnut,5792.1,7957.9
Karnataka,Hassan,2011,Rabi,Groundnut,3516.7,3251.5
Punjab,Patiala,2005,Kharif,Rice,7272.0,24937.2
Maharashtra,Nashik,2014,Whole Year,Rice,1143.8,4253.3
Uttar Pradesh,Meerut,2010,Kharif,Rice,2916.3,7455.9
Madhya Pradesh,Indore,2005,Kharif,Tur,1226.4,1057.6
Maharashtra,Nagpur,2008,Whole Year,Banana,4369.6,224736.4
Punjab,Ludhiana,2004,Whole Year,Rice,1727.1,5646.2
Maharashtra,Nashik,2010,Rabi,Jowar,2024.2,2458.0
Bihar,Patna,2003,Kharif,Tur,4402.8,3129.1
Madhya Pradesh,Indore,2002,Kharif,Soyabean,1038.8,1664.7
Madhya Pradesh,Indore,2009,Kharif,Maize,5792.8,16449.2
Bihar,Bhagalpur,2006,Kharif,Maize,3431.0,6431.6
Uttar Pradesh,Meerut,2009,Kharif,Bajra,1556.2,2234.9
Haryana,Rohtak,2006,Rabi,Jowar,4019.8,4298.2
Maharashtra,Nagpur,2003,Kharif,Groundnut,3277.7,4937.9
Karnataka,Belgaum,2009,Kharif,Jowar,3599.6,3574.0
Uttar Pradesh,Lucknow,2012,Kharif,Maize,1095.4,1987.3
Bihar,Patna,2008,Whole Year,Rice,2460.0,6139.1
Karnataka,Belgaum,2006,Kharif,Onion,3242.1,50919.2
Haryana,Karnal,2009,Rabi,Maize,3243.6,7902.8
Maharashtra,Nashik,2007,Kharif,Soyabean,2770.6,3544.7
Haryana,Hisar,2004,Rabi,Gram,2696.3,2671.5
West Bengal,Hooghly,2001,Rabi,Potato,2873.7,66453.9
Karnataka,Hassan,2003,Kharif,Jowar,2517.5,2225.0
West Bengal,Bardhaman,2014,Rabi,Jowar,3339.7,3686.9
Maharashtra,Pune,2009,Whole Year,Rice,4498.6,16150.5
Haryana,Rohtak,2004,Whole Year,Banana,1932.6,53229.1
Uttar Pradesh,Lucknow,2006,Rabi,Wheat,1984.9,6270.2
West Bengal,Nadia,2004,Whole Year,Banana,4691.5,165734.4
Punjab,Amritsar,2014,Kharif,Onion,3613.4,61376.7
Haryana,Karnal,2014,Kharif,Onion,2067.9,37567.5
West Bengal,Nadia,2011,Rabi,Gram,4855.0,6979.8
Bihar,Bhagalpur,2008,Kharif,Jowar,3053.0,2089.4
Karnataka,Belgaum,2006,Rabi,Onion,3524.9,57008.0
Karnataka,Hassan,2013,Kharif,Rice,2418.9,5927.6
Madhya Pradesh,Ujjain,2011,Kharif,Groundnut,5706.1,5909.0
Haryana,Karnal,2013,Rabi,Maize,878.9,1848.2
Karnataka,Belgaum,2010,Rabi,Jowar,3754.0,4334.0
Andhra Pradesh,Nellore,2005,Whole Year,Sugarcane,1386.7,108425.8
Uttar Pradesh,Kanpur,2014,Kharif,Tur,811.8,560.6
Maharashtra,Pune,2013,Kharif,Bajra,1532.5,
Maharashtra,Nashik,2007,Kharif,Cotton,4625.8,
Karnataka,Mysore,2010,Whole Year,Rice,1725.7,4827.5
Maharashtra,Nagpur,2001,Rabi,Groundnut,1515.2,2219.2
Andhra Pradesh,Nellore,2011,Rabi,Groundnut,2126.8,3647.4
Bihar,Gaya,2002,Kharif,Soyabean,3670.3,4229.6
Haryana,Karnal,2002,Whole Year,Banana,2092.6,62726.5
Tamil Nadu,Salem,2010,Whole Year,Banana,4053.2,150216.7
Haryana,Rohtak,2014,Rabi,Wheat,2387.8,7916.2
Madhya Pradesh,Indore,2001,Kharif,Cotton,4479.7,2587.1
West Bengal,Nadia,2003,Whole Year,Rice,1550.4,6119.4
Punjab,Patiala,2007,Rabi,Maize,3404.9,11650.7
Bihar,Gaya,2007,Whole Year,Rice,4363.3,12931.9
Maharashtra,Nagpur,2009,Kharif,Groundnut,4059.7,5836.2
Madhya Pradesh,Ujjain,2011,Rabi,Onion,3418.1,61466.8
Madhya Pradesh,Indore,2004,Rabi,Jowar,5311.6,6515.4
Karnataka,Belgaum,2010,Kharif,Groundnut,4288.0,4099.9
Andhra Pradesh,Guntur,2002,Whole Year,Potato,5038.2,112710.8
Maharashtra,Nashik,2009,Kharif,Bajra,2882.0,4465.1
Uttar Pradesh,Kanpur,2010,Rabi,Onion,2044.8,30452.0
Punjab,Patiala,2009,Kharif,Soyabean,1995.7,3255.2
Punjab,Patiala,2011,Kharif,Cotton,3055.4,1599.1
Maharashtra,Pune,2003,Whole Year,Rice,1619.9,5383.2
Uttar Pradesh,Meerut,2008,Whole Year,Rice,2696.1,7992.3
Punjab,Amritsar,2008,Kharif,Soyabean,3876.7,4151.6
Punjab,Patiala,2007,Rabi,Groundnut,245.4,357.2
Madhya Pradesh,Bhopal,2008,Rabi,Potato,4327.6,133698.0
Punjab,Patiala,2004,Rabi,Potato,1262.3,34859.5
Punjab,Amritsar,2008,Kharif,Onion,1082.1,19086.2
Uttar Pradesh,Lucknow,2014,Rabi,Gram,2363.7,2531.6
Karnataka,Hassan,2010,Rabi,Mustard,1233.6,1757.8
Punjab,Ludhiana,2014,Rabi,Groundnut,8131.5,12092.7
West Bengal,Bardhaman,2013,Kharif,Onion,1793.6,25480.5
West Bengal,Bardhaman,2008,Kharif,Cotton,2913.3,1128.2
West Bengal,Bardhaman,2006,Kharif,Rice,3205.9,10038.2
Andhra Pradesh,Krishna,2005,Rabi,Jowar,5693.0,6181.1
Maharashtra,Pune,2012,Kharif,Cotton,1984.2,826.5
Uttar Pradesh,Meerut,2012,Kharif,Tur,1348.4,1010.2
Tamil Nadu,Coimbatore,2010,Kharif,Groundnut,4731.2,3645.0
Tamil Nadu,Salem,2008,Whole Year,Rice,2338.1,5140.1
West Bengal,Nadia,2008,Kharif,Rice,3940.6,15651.8
Tamil Nadu,Coimbatore,2012,Kharif,Jowar,756.0,722.9
Madhya Pradesh,Ujjain,2004,Whole Year,Sugarcane,1724.4,133076.1
Tamil Nadu,Salem,2001,Kharif,Onion,3154.1,42722.4
Uttar Pradesh,Meerut,2010,Rabi,Onion,2666.5,39595.7
Haryana,Hisar,2014,Whole Year,Sugarcane,1675.6,122735.0
Bihar,Bhagalpur,2010,Kharif,Maize,3840.2,7155.4
Punjab,Patiala,2006,Kharif,Maize,3387.6,12839.2
Punjab,Ludhiana,2012,Rabi,Potato,1895.2,34033.3
Tamil Nadu,Coimbatore,2001,Whole Year,Potato,5671.2,119968.2
Maharashtra,Nagpur,2007,Kharif,Bajra,3242.4,5048.3
Andhra Pradesh,Nellore,2001,Rabi,Gram,1299.7,1121.3
Maharashtra,Pune,2010,Kharif,Groundnut,2797.7,4279.2
Karnataka,Mysore,2010,Rabi,Onion,3741.0,61632.0
Bihar,Gaya,2006,Kharif,Cotton,1683.4,1243.5
Tamil Nadu,Thanjavur,2010,Rabi,Mustard,3858.6,4930.1
Punjab,Patiala,2013,Kharif,Cotton,3472.5,1763.9
Andhra Pradesh,Nellore,2013,Kharif,Soyabean,4010.7,5277.5
Bihar,Gaya,2008,Rabi,Gram,5273.3,6411.5
Punjab,Patiala,2010,Kharif,Groundnut,6191.4,10378.2
Bihar,Patna,2011,Kharif,Groundnut,2591.0,3669.6
Karnataka,Hassan,2011,Rabi,Wheat,3352.9,9121.6
Andhra Pradesh,Guntur,2003,Rabi,Maize,2076.3,6673.1
Maharashtra,Nashik,2012,Rabi,Potato,497.2,13339.0
Karnataka,Hassan,2013,Rabi,Wheat,1577.1,5047.5
Andhra Pradesh,Guntur,2013,Kharif,Tur,6696.7,7095.4
Madhya Pradesh,Indore,2007,Kharif,Tur,3785.7,3826.6
Madhya Pradesh,Bhopal,2005,Whole Year,Potato,3737.1,89745.9
West Bengal,Nadia,2014,Rabi,Gram,1899.5,2527.3
Maharashtra,Nashik,2013,Kharif,Rice,2378.4,9203.5
West Bengal,Hooghly,2007,Kharif,Rice,2414.6,8200.3
Maharashtra,Nagpur,2001,Rabi,Potato,9126.5,156558.0
West Bengal,Hooghly,2003,Rabi,Jowar,4303.1,4122.8
Punjab,Amritsar,2010,Rabi,Jowar,5952.2,5244.5
Haryana,Karnal,2014,Rabi,Potato,3532.2,49662.5
Uttar Pradesh,Lucknow,2005,Kharif,Bajra,1361.8,1299.9
Punjab,Amritsar,2004,Kharif,Jowar,1386.4,1249.0
Tamil Nadu,Salem,2003,Kharif,Tur,4266.1,1989.8
West Bengal,Nadia,2004,Kharif,Onion,2136.6,39148.4
Bihar,Gaya,2001,Rabi,Mustard,1417.0,1820.0
Bihar,Gaya,2005,Kharif,Soyabean,2964.8,3307.7
Tamil Nadu,Coimbatore,2002,Rabi,Potato,2573.0,53229.9
Andhra Pradesh,Nellore,2012,Whole Year,Potato,1909.6,43186.2
Tamil Nadu,Coimbatore,2014,Kharif,Jowar,2419.1,
Haryana,Rohtak,2007,Rabi,Maize,4962.8,15459.2
Maharashtra,Pune,2011,Kharif,Cotton,,806.2
Maharashtra,Nashik,2005,Whole Year,Potato,832.6,24158.8
Andhra Pradesh,Guntur,2014,Whole Year,Potato,4895.7,132243.8
Uttar Pradesh,Meerut,2007,Rabi,Wheat,2885.3,9723.8
Maharashtra,Nashik,2003,Whole Year,Rice,1245.6,4910.2
Andhra Pradesh,Guntur,2001,Rabi,Groundnut,781.6,1132.4
Bihar,Bhagalpur,2011,Rabi,Potato,3749.0,85532.8
Tamil Nadu,Coimbatore,2014,Kharif,Tur,2854.4,2532.9
Tamil Nadu,Salem,2010,Rabi,Mustard,4938.4,5072.3
Maharashtra,Nashik,2007,Whole Year,Sugarcane,1089.2,90034.7
West Bengal,Hooghly,2012,Kharif,Tur,4801.2,4124.3
West Bengal,Nadia,2014,Whole Year,Rice,6442.4,23953.8
Andhra Pradesh,Nellore,2002,Rabi,Wheat,7085.2,26601.2
Haryana,Rohtak,2010,Kharif,Soyabean,1994.1,2650.6
Karnataka,Hassan,2013,Kharif,Tur,4809.2,3249.9
Andhra Pradesh,Krishna,2012,Whole Year,Rice,3112.2,8563.7
Maharashtra,Pune,2014,Whole Year,Rice,2089.7,8442.8
Uttar Pradesh,Meerut,2012,Kharif,Groundnut,1359.0,1516.7
Karnataka,Belgaum,2013,Rabi,Mustard,5049.2,8568.5
Bihar,Bhagalpur,2008,Rabi,Mustard,1572.4,2522.1
Tamil Nadu,Coimbatore,2011,Kharif,Groundnut,2661.5,3651.0
Tamil Nadu,Salem,2012,Whole Year,Potato,6646.1,144676.5
West Bengal,Hooghly,2013,Rabi,Maize,2377.0,5827.5
Bihar,Patna,2010,Kharif,Groundnut,2469.4,2206.7
Tamil Nadu,Coimbatore,2007,Kharif,Soyabean,1339.3,1484.7
Uttar Pradesh,Meerut,2005,Kharif,Jowar,2299.6,1775.0
Haryana,Karnal,2011,Kharif,Onion,2028.1,39239.1
Maharashtra,Nashik,2001,Rabi,Jowar,4196.0,5098.3
Karnataka,Belgaum,2006,Rabi,Jowar,3585.9,3708.0
Tamil Nadu,Salem,2003,Whole Year,Potato,895.8,10118.3
Bihar,Gaya,2014,Kharif,Bajra,981.4,1412.2
Haryana,Rohtak,2003,Whole Year,Potato,2649.4,31095.7
West Bengal,Bardhaman,2009,Rabi,Wheat,4451.4,17392.1
Haryana,Karnal,2008,Rabi,Potato,2487.5,48419.4
West Bengal,Nadia,2002,Rabi,Onion,3185.5,47102.8
Punjab,Patiala,2004,Rabi,Groundnut,3014.0,3653.7
Punjab,Ludhiana,2012,Kharif,Onion,2479.2,41978.7
Tamil Nadu,Salem,2011,Kharif,Maize,977.6,2183.5
Uttar Pradesh,Kanpur,2009,Rabi,Jowar,3597.7,4006.2
Maharashtra,Pune,2013,Rabi,Wheat,1171.6,4534.2
Karnataka,Hassan,2006,Whole Year,Banana,2232.0,74684.8
Tamil Nadu,Salem,2008,Rabi,Potato,1422.4,30534.7
Haryana,Hisar,2005,Whole Year,Rice,1574.6,3827.9
Punjab,Patiala,2001,Whole Year,Potato,5534.3,121880.6
Bihar,Bhagalpur,2012,Whole Year,Rice,3207.4,8580.8
Andhra Pradesh,Guntur,2014,Rabi,Gram,6498.5,9132.0
Maharashtra,Pune,2001,Kharif,Rice,1626.2,4336.4
Punjab,Ludhiana,2005,Rabi,Potato,3791.4,85559.0
Madhya Pradesh,Indore,2002,Rabi,Maize,4025.0,13027.9
West Bengal,Hooghly,2005,Rabi,Onion,5183.4,
Bihar,Bhagalpur,2001,Whole Year,Potato,3878.9,75809.5
West Bengal,Hooghly,2001,Kharif,Soyabean,9253.4,8959.4
Punjab,Patiala,2002,Rabi,Gram,1789.6,1615.8
Haryana,Karnal,2011,Rabi,Onion,2934.7,36308.5
Uttar Pradesh,Meerut,2004,Kharif,Soyabean,3544.2,4752.7
Karnataka,Mysore,2010,Whole Year,Potato,2356.6,38492.7
West Bengal,Nadia,2001,Kharif,Cotton,5620.8,3184.6
Punjab,Patiala,2002,Whole Year,Sugarcane,2568.2,198251.2
Madhya Pradesh,Indore,2008,Rabi,Jowar,2237.4,3019.1
Andhra Pradesh,Guntur,2001,Kharif,Maize,3066.2,7574.4
Bihar,Patna,2014,Rabi,Mustard,8072.6,13638.0
Tamil Nadu,Coimbatore,2003,Kharif,Bajra,5770.6,6671.7
Madhya Pradesh,Bhopal,2005,Rabi,Onion,3557.6,68812.6
Madhya Pradesh,Bhopal,2001,Rabi,Mustard,3911.5,5475.5
Tamil Nadu,Thanjavur,2003,Whole Year,Potato,1049.8,18117.3
Uttar Pradesh,Lucknow,2002,Rabi,Groundnut,2449.6,1524.6
West Bengal,Bardhaman,2009,Rabi,Potato,2309.6,55036.6
Madhya Pradesh,Ujjain,2014,Kharif,Tur,2056.2,2179.7
Karnataka,Mysore,2001,Kharif,Groundnut,2255.7,3417.1
Uttar Pradesh,Lucknow,2007,Rabi,Groundnut,1566.1,1436.3
Karnataka,Belgaum,2014,Rabi,Jowar,2050.2,2591.0
Tamil Nadu,Thanjavur,2006,Kharif,Jowar,1057.2,700.5
Andhra Pradesh,Guntur,2003,Rabi,Groundnut,4834.9,5847.6
Punjab,Patiala,2006,Rabi,Potato,4202.4,114268.5
West Bengal,Hooghly,2008,Kharif,Groundnut,2141.3,3409.6
Haryana,Hisar,2002,Rabi,Gram,2268.8,1587.6
Tamil Nadu,Thanjavur,2011,Kharif,Groundnut,4606.2,5520.8
Andhra Pradesh,Nellore,2014,Rabi,Groundnut,2382.4,3654.3
Punjab,Patiala,2004,Whole Year,Potato,1634.1,33390.2
Tamil Nadu,Thanjavur,2014,Whole Year,Sugarcane,1317.0,88076.9
Bihar,Patna,2006,Kharif,Rice,3124.2,9846.1
Tamil Nadu,Coimbatore,2014,Rabi,Jowar,1539.7,1311.6
Madhya Pradesh,Bhopal,2006,Kharif,Rice,3549.7,11127.5
Maharashtra,Nashik,2007,Kharif,Jowar,768.4,1070.1
West Bengal,Nadia,2009,Kharif,Soyabean,5288.6,6278.0
Karnataka,Hassan,2012,Rabi,Groundnut,3190.4,3563.5
West Bengal,Hooghly,2002,Kharif,Groundnut,525.1,894.9
Maharashtra,Pune,2013,Kharif,Groundnut,2451.9,3824.5
Maharashtra,Pune,2002,Rabi,Wheat,5294.6,17148.6
Uttar Pradesh,Lucknow,2011,Whole Year,Banana,954.1,33775.6
Uttar Pradesh,Meerut,2001,Whole Year,Sugarcane,1968.6,111891.6
Andhra Pradesh,Guntur,2003,Kharif,Jowar,997.1,1348.8
Haryana,Hisar,2013,Whole Year,Rice,5847.9,13519.9
Andhra Pradesh,Guntur,2008,Whole Year,Sugarcane,4847.6,383415.9
Punjab,Patiala,2001,Whole Year,Sugarcane,7273.3,581602.0
Uttar Pradesh,Meerut,2008,Kharif,Bajra,2694.9,3155.8
Karnataka,Mysore,2003,Kharif,Maize,3773.9,8798.3
Karnataka,Belgaum,2011,Kharif,Groundnut,3957.0,4061.1
Uttar Pradesh,Lucknow,2011,Rabi,Gram,1942.9,1595.6
Karnataka,Belgaum,2014,Whole Year,Banana,7505.0,264538.4
Maharashtra,Pune,2007,Kharif,Maize,2548.6,7272.6
Madhya Pradesh,Ujjain,2008,Whole Year,Banana,5629.0,268010.3
Maharashtra,Nashik,2003,Rabi,Jowar,1598.8,1879.8
Uttar Pradesh,Lucknow,2010,Kharif,Bajra,5755.2,7520.3
Andhra Pradesh,Nellore,2010,Kharif,Rice,4964.8,15648.3
Uttar Pradesh,Kanpur,2010,Kharif,Jowar,1344.4,1795.1
Haryana,Hisar,2004,Kharif,Groundnut,949.0,866.1
Andhra Pradesh,Krishna,2012,Kharif,Onion,4645.5,67275.7
Maharashtra,Pune,2013,Rabi,Groundnut,1911.9,3593.9
Bihar,Gaya,2006,Rabi,Mustard,723.3,1133.1
Bihar,Bhagalpur,2005,Kharif,Tur,3368.0,2756.7
Bihar,Bhagalpur,2001,Rabi,Potato,962.5,11714.0
Andhra Pradesh,Nellore,2013,Rabi,Potato,2045.9,60517.4
Haryana,Karnal,2006,Rabi,Potato,4401.1,84571.2
Tamil Nadu,Thanjavur,2014,Whole Year,Banana,1426.1,51266.3
Punjab,Patiala,2014,Rabi,Groundnut,9979.4,15400.2
Maharashtra,Nashik,2001,Kharif,Rice,2690.8,8494.0
Madhya Pradesh,Ujjain,2001,Whole Year,Sugarcane,2418.4,159336.5
Maharashtra,Pune,2008,Rabi,Onion,1543.0,38688.1
Bihar,Gaya,2005,Kharif,Groundnut,2976.7,3250.5
Uttar Pradesh,Kanpur,2001,Kharif,Groundnut,2731.6,3535.5
Bihar,Gaya,2007,Kharif,Rice,1132.7,3223.0
Punjab,Amritsar,2004,Rabi,Potato,4049.0,76640.5
Maharashtra,Pune,2009,Rabi,Wheat,3391.7,
Haryana,Hisar,2007,Kharif,Tur,2371.6,1775.0
Uttar Pradesh,Lucknow,2013,Whole Year,Rice,6412.7,12293.3
Andhra Pradesh,Krishna,2011,Rabi,Onion,3827.1,79093.2
Haryana,Rohtak,2010,Whole Year,Banana,819.0,24405.8
Bihar,Patna,2006,Kharif,Bajra,2991.3,3602.0
Bihar,Bhagalpur,2014,Whole Year,Potato,1152.2,20916.2
Andhra Pradesh,Krishna,2007,Kharif,Soyabean,1493.5,1698.5
Uttar Pradesh,Lucknow,2003,Kharif,Cotton,1366.4,709.7
Bihar,Patna,2013,Rabi,Onion,2757.5,66636.5
Haryana,Hisar,2012,Rabi,Gram,1770.5,1989.7
Tamil Nadu,Salem,2003,Kharif,Onion,1885.9,14029.2
Haryana,Hisar,2003,Kharif,Groundnut,3395.3,3515.6
Uttar Pradesh,Meerut,2013,Kharif,Rice,3361.2,8407.4
Tamil Nadu,Salem,2006,Rabi,Onion,1619.3,23114.0
Punjab,Amritsar,2014,Kharif,Tur,2752.1,2296.9
Karnataka,Mysore,2006,Kharif,Maize,1549.5,2883.5
Bihar,Gaya,2009,Kharif,Tur,762.0,811.1
Uttar Pradesh,Kanpur,2014,Rabi,Jowar,3464.2,3041.1
Andhra Pradesh,Guntur,2005,Rabi,Gram,2351.2,2922.7
Andhra Pradesh,Nellore,2001,Kharif,Rice,3198.7,10619.8
Maharashtra,Nagpur,2005,Kharif,Onion,2907.3,43179.0
Haryana,Rohtak,2009,Kharif,Jowar,2004.7,1705.5
West Bengal,Bardhaman,2008,Whole Year,Potato,604.4,14002.5
Punjab,Ludhiana,2001,Kharif,Onion,3911.2,89130.9
Uttar Pradesh,Meerut,2002,Whole Year,Sugarcane,3981.9,249413.8
Haryana,Karnal,2013,Whole Year,Rice,2837.5,5809.1
Bihar,Patna,2003,Kharif,Groundnut,4957.1,6542.2
Madhya Pradesh,Bhopal,2012,Kharif,Bajra,3393.4,
West Bengal,Bardhaman,2009,Kharif,Jowar,2404.9,2080.1
Bihar,Bhagalpur,2011,Kharif,Cotton,2623.3,1033.3
Haryana,Karnal,2007,Rabi,Onion,2964.6,41793.2
Karnataka,Mysore,2011,Rabi,Potato,6112.0,151357.3
Haryana,Rohtak,2004,Kharif,Groundnut,4890.8,6556.6
Haryana,Hisar,2004,Kharif,Soyabean,2428.7,2133.7
Uttar Pradesh,Meerut,2008,Rabi,Wheat,5504.5,15464.1
Punjab,Patiala,2012,Rabi,Maize,2376.0,7958.2
Haryana,Rohtak,2004,Rabi,Maize,1074.1,2380.6
Haryana,Rohtak,2013,Whole Year,Sugarcane,1378.5,106310.5
Andhra Pradesh,Nellore,2007,Rabi,Wheat,1849.6,6206.9
West Bengal,Hooghly,2004,Kharif,Soyabean,1952.6,2416.2
Maharashtra,Nashik,2005,Kharif,Cotton,2165.5,1366.1
Madhya Pradesh,Ujjain,2013,Rabi,Mustard,4600.0,8059.7
Tamil Nadu,Thanjavur,2009,Kharif,Jowar,4491.9,5848.5
Madhya Pradesh,Indore,2002,Kharif,Maize,5399.0,10639.7
Karnataka,Mysore,2005,Rabi,Potato,3299.1,69380.0
Punjab,Ludhiana,2004,Kharif,Cotton,3335.1,1820.9
Karnataka,Hassan,2012,Whole Year,Banana,6900.5,276914.3
Maharashtra,Nashik,2012,Kharif,Rice,10892.6,37458.0
Uttar Pradesh,Lucknow,2011,Rabi,Potato,5437.0,117191.0
West Bengal,Hooghly,2012,Kharif,Rice,2436.0,7373.1
Madhya Pradesh,Bhopal,2008,Kharif,Rice,3923.7,11382.2
Andhra Pradesh,Nellore,2014,Rabi,Gram,9049.6,12573.7
Andhra Pradesh,Nellore,2007,Rabi,Groundnut,2634.6,2831.0
Karnataka,Mysore,2007,Rabi,Maize,3846.0,12161.6
Bihar,Gaya,2001,Rabi,Gram,3425.3,3026.4
West Bengal,Bardhaman,2003,Kharif,Cotton,4169.5,1922.2
Haryana,Rohtak,2001,Rabi,Wheat,1627.6,4905.7
Madhya Pradesh,Bhopal,2007,Kharif,Maize,2704.7,7895.4
Andhra Pradesh,Guntur,2003,Kharif,Groundnut,2134.6,3545.4
Bihar,Gaya,2010,Kharif,Rice,4090.0,11245.4
Tamil Nadu,Salem,2010,Rabi,Maize,4392.0,7756.0
Tamil Nadu,Coimbatore,2009,Kharif,Groundnut,2475.0,3405.1
Madhya Pradesh,Bhopal,2008,Whole Year,Sugarcane,1132.0,83081.5
West Bengal,Hooghly,2006,Kharif,Maize,4106.8,13758.8
Bihar,Bhagalpur,2007,Whole Year,Potato,3171.7,56549.9
Karnataka,Belgaum,2013,Kharif,Soyabean,1814.6,2498.0
Madhya Pradesh,Ujjain,2005,Rabi,Groundnut,2328.9,2991.3
West Bengal,Nadia,2011,Kharif,Cotton,2652.8,1631.7
Andhra Pradesh,Krishna,2010,Kharif,Jowar,,1360.0
Haryana,Hisar,2009,Kharif,Maize,3976.7,7489.0
Haryana,Rohtak,2003,Rabi,Wheat,3131.7,8006.0
Punjab,Ludhiana,2003,Rabi,Onion,2505.5,43012.0
Uttar Pradesh,Lucknow,2002,Rabi,Maize,1708.8,4733.9
West Bengal,Nadia,2007,Kharif,Rice,4156.0,17425.6
Maharashtra,Pune,2007,Rabi,Groundnut,6797.4,12193.3
Maharashtra,Nashik,2010,Whole Year,Sugarcane,,281075.6
Maharashtra,Nagpur,2003,Kharif,Soyabean,7426.2,8250.0
Andhra Pradesh,Nellore,2007,Kharif,Soyabean,2541.8,3173.9
Maharashtra,Pune,2004,Rabi,Maize,5114.7,15553.8
West Bengal,Nadia,2004,Kharif,Cotton,6451.5,2394.6
Uttar Pradesh,Meerut,2009,Rabi,Gram,1548.7,1253.4
Tamil Nadu,Salem,2006,Kharif,Bajra,865.0,1134.7
Madhya Pradesh,Bhopal,2005,Kharif,Bajra,1193.3,1434.1
West Bengal,Hooghly,2001,Rabi,Onion,1684.1,21597.1
Punjab,Ludhiana,2003,Kharif,Tur,3519.7,3127.9
Haryana,Hisar,2006,Rabi,Gram,1137.2,1035.5
Karnataka,Belgaum,2008,Kharif,Cotton,2129.3,1226.9
Uttar Pradesh,Lucknow,2006,Whole Year,Potato,10465.6,202542.6
West Bengal,Nadia,2010,Rabi,Potato,3493.4,77602.2
Bihar,Bhagalpur,2010,Rabi,Mustard,2075.5,3120.9
Uttar Pradesh,Meerut,2003,Kharif,Groundnut,4610.1,3807.8
Bihar,Gaya,2013,Kharif,Groundnut,2577.0,3085.5
Maharashtra,Pune,2012,Rabi,Onion,3457.5,57947.7
Punjab,Patiala,2012,Whole Year,Banana,3970.4,190830.6
Haryana,Rohtak,2005,Whole Year,Sugarcane,1973.5,138102.8
Tamil Nadu,Thanjavur,2004,Kharif,Rice,1265.7,2852.0
Tamil Nadu,Salem,2002,Rabi,Onion,4060.1,51353.1
Haryana,Rohtak,2001,Rabi,Maize,2782.5,7308.9
West Bengal,Hooghly,2005,Kharif,Tur,3322.6,2667.1
Tamil Nadu,Salem,2014,Kharif,Maize,2675.5,4913.1
Uttar Pradesh,Lucknow,2001,Rabi,Wheat,5411.9,15395.1
West Bengal,Bardhaman,2002,Rabi,Onion,,33777.7
Karnataka,Belgaum,2002,Kharif,Jowar,8044.6,9337.7
Karnataka,Hassan,2013,Rabi,Maize,3536.6,8128.8
Bihar,Gaya,2009,Whole Year,Rice,2089.6,6093.2
Madhya Pradesh,Bhopal,2010,Rabi,Potato,1934.4,50641.9
Tamil Nadu,Coimbatore,2009,Whole Year,Rice,2641.6,5423.9
Uttar Pradesh,Kanpur,2005,Rabi,Gram,2634.0,2793.9
Haryana,Hisar,2001,Rabi,Onion,1451.9,17015.3
Bihar,Patna,2013,Kharif,Bajra,1295.8,2448.7
Maharashtra,Nashik,2003,Kharif,Cotton,808.3,297.1
West Bengal,Hooghly,2004,Kharif,Jowar,5037.5,5780.4
Andhra Pradesh,Nellore,2006,Rabi,Mustard,3861.9,6663.5
Punjab,Amritsar,2003,Rabi,Groundnut,1167.3,1102.2
Karnataka,Belgaum,2009,Rabi,Jowar,1082.8,1751.3
Maharashtra,Nashik,2014,Kharif,Soyabean,1916.8,2564.6
Bihar,Patna,2008,Kharif,Rice,2171.3,6202.0
Madhya Pradesh,Indore,2014,Whole Year,Rice,1622.9,
Maharashtra,Nagpur,2014,Rabi,Onion,1087.5,20203.3
Uttar Pradesh,Meerut,2009,Kharif,Groundnut,1205.1,1580.8
Haryana,Hisar,2001,Kharif,Onion,954.7,12584.1
Maharashtra,Pune,2002,Rabi,Onion,1644.3,16594.3
Karnataka,Mysore,2002,Kharif,Onion,1101.1,21941.4
Karnataka,Hassan,2008,Rabi,Groundnut,1730.3,1212.1
Bihar,Patna,2014,Rabi,Groundnut,3960.2,6500.1
Uttar Pradesh,Lucknow,2003,Kharif,Rice,3492.2,9568.1
West Bengal,Nadia,2013,Whole Year,Banana,4862.8,231267.9
West Bengal,Hooghly,2012,Rabi,Mustard,8659.1,14834.7
West Bengal,Bardhaman,2010,Whole Year,Rice,2754.0,8960.3
Uttar Pradesh,Meerut,2001,Kharif,Soyabean,3296.5,3345.2
West Bengal,Nadia,2012,Kharif,Onion,8308.2,180756.4
Maharashtra,Nagpur,2001,Kharif,Onion,2316.1,36544.6
Madhya Pradesh,Bhopal,2001,Kharif,Tur,1391.1,1438.5
Tamil Nadu,Salem,2004,Kharif,Tur,2479.4,1561.0
Haryana,Karnal,2010,Rabi,Onion,2011.7,13644.3
Madhya Pradesh,Indore,2012,Rabi,Jowar,2722.7,1982.1
Bihar,Bhagalpur,2009,Rabi,Gram,1866.1,1487.7
Uttar Pradesh,Meerut,2005,Kharif,Onion,2517.7,42050.0
Andhra Pradesh,Guntur,2009,Kharif,Tur,3016.7,3537.5
Uttar Pradesh,Lucknow,2003,Whole Year,Potato,1568.6,19676.4
Punjab,Amritsar,2001,Whole Year,Banana,4611.7,
West Bengal,Bardhaman,2010,Rabi,Jowar,4962.6,4993.7
Haryana,Rohtak,2011,Whole Year,Banana,2032.3,74754.7
Andhra Pradesh,Nellore,2014,Rabi,Potato,2822.9,75732.7
Maharashtra,Pune,2011,Kharif,Onion,1335.9,21737.9
Tamil Nadu,Coimbatore,2002,Rabi,Gram,1548.7,1156.0
Tamil Nadu,Coimbatore,2004,Kharif,Tur,4924.1,4053.8
Karnataka,Hassan,2010,Whole Year,Banana,7206.7,376793.7
Punjab,Amritsar,2012,Kharif,Bajra,4325.8,6297.9
Maharashtra,Pune,2014,Rabi,Onion,3882.5,89197.7
Haryana,Rohtak,2001,Kharif,Groundnut,2957.7,3017.2
Madhya Pradesh,Ujjain,2014,Kharif,Soyabean,1772.4,2117.2
Karnataka,Hassan,2008,Rabi,Gram,2605.8,2433.4
Madhya Pradesh,Ujjain,2012,Whole Year,Sugarcane,4579.9,404014.1
Tamil Nadu,Thanjavur,2005,Rabi,Potato,933.1,21844.6
Maharashtra,Pune,2014,Rabi,Mustard,2916.2,5201.9
Uttar Pradesh,Lucknow,2011,Whole Year,Sugarcane,2057.6,126528.6
Haryana,Hisar,2009,Rabi,Onion,4692.2,67161.4
Maharashtra,Nagpur,2011,Kharif,Soyabean,1207.7,1695.6
Punjab,Ludhiana,2012,Kharif,Rice,1498.7,5095.1
Maharashtra,Pune,2009,Kharif,Cotton,1274.8,925.4
Uttar Pradesh,Kanpur,2002,Rabi,Gram,2006.2,1645.3
Punjab,Patiala,2003,Kharif,Tur,1908.5,2007.3
Madhya Pradesh,Indore,2005,Whole Year,Sugarcane,4002.7,343101.6
Karnataka,Belgaum,2014,Rabi,Onion,1885.1,33415.4
Uttar Pradesh,Meerut,2005,Whole Year,Sugarcane,3316.1,222632.3
Bihar,Bhagalpur,2005,Rabi,Jowar,4551.2,3236.0
Maharashtra,Nagpur,2005,Kharif,Bajra,2680.5,2835.2
Tamil Nadu,Salem,2009,Kharif,Rice,2334.4,5420.6
Maharashtra,Nashik,2002,Rabi,Gram,1500.6,1917.7
Punjab,Amritsar,2013,Whole Year,Banana,3497.0,138601.7
Haryana,Hisar,2004,Kharif,Tur,1564.8,613.6
Punjab,Ludhiana,2009,Rabi,Groundnut,4502.4,7505.4
Uttar Pradesh,Meerut,2003,Kharif,Soyabean,3122.5,3200.8
Uttar Pradesh,Meerut,2003,Rabi,Gram,2014.6,1739.2
Tamil Nadu,Coimbatore,2006,Rabi,Potato,2395.3,20920.9
Madhya Pradesh,Indore,2005,Rabi,Jowar,5023.2,5322.1
Punjab,Amritsar,2003,Whole Year,Sugarcane,3764.3,278905.6
Maharashtra,Nagpur,2006,Rabi,Mustard,2158.9,3844.1
Punjab,Amritsar,2001,Kharif,Tur,3243.5,3705.3
Punjab,Ludhiana,2003,Whole Year,Banana,2969.3,143590.9
Karnataka,Belgaum,2013,Kharif,Cotton,2821.0,
Bihar,Gaya,2005,Rabi,Groundnut,3625.3,
Tamil Nadu,Coimbatore,2012,Rabi,Maize,1963.7,5108.1
Tamil Nadu,Salem,2003,Rabi,Mustard,2624.3,3150.1
West Bengal,Nadia,2001,Whole Year,Potato,2824.1,65858.0
Karnataka,Mysore,2010,Kharif,Bajra,,8417.9
Karnataka,Belgaum,2006,Kharif,Cotton,829.0,442.9
Uttar Pradesh,Meerut,2013,Kharif,Maize,4068.3,10713.8
Punjab,Ludhiana,2011,Kharif,Tur,2216.3,2758.4
West Bengal,Hooghly,2010,Rabi,Jowar,3189.5,3248.6
Punjab,Patiala,2012,Rabi,Groundnut,2946.7,4472.2
Bihar,Bhagalpur,2014,Whole Year,Sugarcane,1911.9,111369.3
Maharashtra,Nashik,2011,Whole Year,Sugarcane,3379.8,257596.1
Madhya Pradesh,Ujjain,2002,Whole Year,Banana,4895.2,190338.8
Maharashtra,Nashik,2002,Kharif,Bajra,2457.2,4205.6
Punjab,Patiala,2003,Kharif,Onion,1709.4,32703.5
Andhra Pradesh,Nellore,2011,Rabi,Potato,1589.0,32387.7
Maharashtra,Nashik,2004,Kharif,Bajra,1321.5,1748.1
Tamil Nadu,Thanjavur,2001,Whole Year,Potato,1792.5,28532.2
Andhra Pradesh,Krishna,2001,Rabi,Wheat,1777.3,6100.3
Madhya Pradesh,Indore,2011,Rabi,Maize,1715.0,6139.9
Bihar,Bhagalpur,2007,Rabi,Gram,2147.9,1763.8
West Bengal,Hooghly,2010,Rabi,Wheat,577.7,2207.5
Andhra Pradesh,Guntur,2013,Whole Year,Potato,3967.9,89526.2
Tamil Nadu,Thanjavur,2011,Whole Year,Banana,6342.9,167780.8
West Bengal,Bardhaman,2006,Kharif,Onion,1760.4,24847.1
Tamil Nadu,Coimbatore,2004,Kharif,Soyabean,2043.8,2244.5
Karnataka,Mysore,2005,Kharif,Onion,3860.1,65425.7
Bihar,Bhagalpur,2014,Rabi,Groundnut,3085.1,4656.2
Maharashtra,Nagpur,2013,Kharif,Onion,1116.3,27547.0
Bihar,Bhagalpur,2003,Rabi,Maize,4852.9,12439.9
Madhya Pradesh,Indore,2007,Kharif,Soyabean,1480.8,2608.8
West Bengal,Bardhaman,2007,Rabi,Gram,4456.7,2786.3
West Bengal,Bardhaman,2013,Rabi,Wheat,5639.1,23319.7
Andhra Pradesh,Nellore,2008,Kharif,Rice,2202.7,7204.3
Punjab,Patiala,2014,Rabi,Onion,11461.7,255718.3
Andhra Pradesh,Nellore,2007,Rabi,Onion,1619.9,32365.7
Karnataka,Hassan,2012,Rabi,Onion,3751.9,45180.3
Madhya Pradesh,Bhopal,2003,Rabi,Gram,5248.5,4956.3
West Bengal,Bardhaman,2010,Rabi,Mustard,2116.3,4481.0
Karnataka,Mysore,2010,Whole Year,Sugarcane,2345.5,161059.8
Tamil Nadu,Coimbatore,2001,Rabi,Onion,1042.0,11622.0
West Bengal,Bardhaman,2005,Kharif,Jowar,5890.8,6823.0
Maharashtra,Nashik,2010,Kharif,Maize,2144.9,5986.2
Andhra Pradesh,Krishna,2009,Rabi,Jowar,1602.0,2116.8
Maharashtra,Nashik,2013,Kharif,Jowar,4692.1,5496.4
Punjab,Patiala,2002,Rabi,Maize,4248.0,14521.3
Punjab,Patiala,2003,Kharif,Maize,2567.1,8000.3
Madhya Pradesh,Bhopal,2010,Whole Year,Potato,2864.6,58597.0
Madhya Pradesh,Ujjain,2009,Kharif,Soyabean,3150.4,4028.8
Madhya Pradesh,Ujjain,2006,Kharif,Soyabean,3775.0,4922.8
Madhya Pradesh,Bhopal,2014,Kharif,Rice,2540.0,8487.6
Haryana,Karnal,2013,Kharif,Maize,912.8,1710.6
Madhya Pradesh,Bhopal,2014,Rabi,Potato,2298.2,62378.1
West Bengal,Hooghly,2003,Whole Year,Potato,4140.5,87649.5
Punjab,Patiala,2011,Whole Year,Potato,1783.7,58270.4
Madhya Pradesh,Indore,2005,Rabi,Onion,2966.5,44459.0
Maharashtra,Nashik,2007,Kharif,Rice,5558.9,19034.8
Punjab,Amritsar,2003,Rabi,Jowar,1250.7,1126.8
Punjab,Amritsar,2007,Rabi,Jowar,3937.9,5018.8
Maharashtra,Nashik,2003,Kharif,Maize,1818.6,5007.1
Madhya Pradesh,Bhopal,2014,Whole Year,Sugarcane,3481.6,286628.5
Uttar Pradesh,Kanpur,2004,Kharif,Bajra,2826.3,3463.0
Bihar,Bhagalpur,2009,Rabi,Mustard,516.9,539.0
Tamil Nadu,Coimbatore,2004,Kharif,Jowar,652.1,372.7
Haryana,Hisar,2011,Whole Year,Sugarcane,3367.3,192841.3
Bihar,Bhagalpur,2007,Rabi,Potato,1277.3,27113.7
Andhra Pradesh,Krishna,2001,Kharif,Rice,2145.9,5939.8
Andhra Pradesh,Guntur,2007,Whole Year,Potato,4654.1,126384.8
Punjab,Amritsar,2010,Kharif,Bajra,,1359.9
Tamil Nadu,Salem,2009,Rabi,Jowar,1714.3,1630.9
West Bengal,Hooghly,2003,Kharif,Jowar,4068.8,4412.8
Haryana,Rohtak,2001,Rabi,Potato,7664.9,118663.2
West Bengal,Nadia,2011,Kharif,Soyabean,3410.2,5193.7
Tamil Nadu,Coimbatore,2014,Rabi,Potato,976.0,12096.0
Bihar,Patna,2008,Rabi,Onion,790.2,15192.8
Karnataka,Belgaum,2006,Rabi,Wheat,4133.5,12780.8
Tamil Nadu,Thanjavur,2008,Rabi,Mustard,1454.3,2344.0
Maharashtra,Pune,2011,Rabi,Maize,4454.0,14069.6
Haryana,Karnal,2009,Kharif,Maize,,3617.0
Andhra Pradesh,Guntur,2007,Kharif,Groundnut,2707.3,4084.1
Tamil Nadu,Coimbatore,2007,Kharif,Cotton,3745.9,1517.3
Andhra Pradesh,Krishna,2013,Whole Year,Sugarcane,4186.1,289864.0
Andhra Pradesh,Guntur,2006,Whole Year,Sugarcane,2245.3,190943.6
Uttar Pradesh,Kanpur,2009,Rabi,Mustard,1384.8,2352.7
Punjab,Amritsar,2001,Rabi,Jowar,8475.8,9819.1
Bihar,Patna,2004,Rabi,Gram,3409.7,4359.0
Madhya Pradesh,Indore,2004,Rabi,Gram,2853.8,3134.7
Punjab,Ludhiana,2008,Rabi,Mustard,4105.1,7213.0
Bihar,Bhagalpur,2005,Rabi,Maize,2487.4,
Karnataka,Hassan,2012,Kharif,Maize,3099.5,8413.7
Bihar,Patna,2011,Rabi,Wheat,2318.6,6884.7
Punjab,Amritsar,2008,Whole Year,Potato,5579.9,105579.1
Andhra Pradesh,Nellore,2003,Kharif,Bajra,3351.7,5284.6
Tamil Nadu,Thanjavur,2014,Rabi,Potato,1686.6,33414.4
Tamil Nadu,Coimbatore,2004,Kharif,Groundnut,4527.6,4566.9
Karnataka,Hassan,2010,Kharif,Tur,5322.0,4124.9
Haryana,Hisar,2010,Rabi,Mustard,1720.2,2102.8
West Bengal,Hooghly,2008,Kharif,Maize,5698.0,17613.4
Haryana,Karnal,2001,Rabi,Onion,2780.4,28200.3
Tamil Nadu,Salem,2007,Whole Year,Banana,4911.9,144902.5
Punjab,Ludhiana,2005,Kharif,Groundnut,4033.9,6281.8
Maharashtra,Nashik,2008,Whole Year,Sugarcane,2491.1,213856.3
Madhya Pradesh,Bhopal,2009,Rabi,Jowar,2027.6,2552.0
Andhra Pradesh,Guntur,2014,Rabi,Maize,3399.6,9259.0
Andhra Pradesh,Guntur,2008,Rabi,Groundnut,5870.7,8935.4
West Bengal,Hooghly,2001,Kharif,Tur,879.7,758.3
Haryana,Karnal,2005,Kharif,Cotton,2692.0,1016.9
Maharashtra,Nashik,2012,Kharif,Soyabean,2656.6,3802.6
West Bengal,Bardhaman,2004,Whole Year,Potato,2218.2,55271.1
Tamil Nadu,Salem,2003,Rabi,Onion,2756.9,7778.3
West Bengal,Hooghly,2006,Rabi,Wheat,1661.7,5609.8
Bihar,Patna,2012,Rabi,Groundnut,1575.1,1250.7
Tamil Nadu,Coimbatore,2003,Rabi,Jowar,5021.6,3527.3
Bihar,Bhagalpur,2012,Rabi,Potato,1062.6,22006.7
Punjab,Amritsar,2003,Kharif,Onion,3452.4,57672.7
Punjab,Amritsar,2001,Rabi,Potato,2393.4,44694.6
Andhra Pradesh,Guntur,2006,Whole Year,Potato,5654.6,105554.9
Andhra Pradesh,Krishna,2012,Rabi,Wheat,2980.5,11649.9
Karnataka,Belgaum,2013,Rabi,Gram,3705.9,3482.7
Andhra Pradesh,Guntur,2011,Whole Year,Sugarcane,2376.2,202638.5
Madhya Pradesh,Bhopal,2006,Rabi,Jowar,1397.1,1550.2
Tamil Nadu,Coimbatore,2011,Whole Year,Rice,3735.2,8011.5
Uttar Pradesh,Meerut,2002,Rabi,Jowar,2101.5,2000.7
Madhya Pradesh,Indore,2011,Kharif,Maize,1282.2,3652.9
West Bengal,Hooghly,2013,Kharif,Groundnut,1039.9,1025.8
Tamil Nadu,Salem,2007,Rabi,Jowar,929.7,1055.1
Madhya Pradesh,Bhopal,2004,Rabi,Gram,472.0,340.0
Andhra Pradesh,Krishna,2005,Kharif,Jowar,1648.8,1525.5
Maharashtra,Nashik,2002,Whole Year,Potato,3845.9,86321.2
Maharashtra,Nagpur,2011,Kharif,Groundnut,2105.5,3096.5
Madhya Pradesh,Bhopal,2014,Rabi,Mustard,3023.3,4993.5
Punjab,Amritsar,2003,Kharif,Tur,4186.1,3553.1
Punjab,Ludhiana,2005,Whole Year,Potato,1266.4,26603.0
Bihar,Gaya,2007,Kharif,Bajra,1311.1,1620.5
Andhra Pradesh,Krishna,2004,Kharif,Onion,891.7,18044.4
Andhra Pradesh,Nellore,2006,Whole Year,Potato,2916.6,62238.0
Maharashtra,Pune,2008,Rabi,Wheat,5273.7,19727.7
Karnataka,Hassan,2010,Kharif,Maize,1689.0,4286.7
Haryana,Hisar,2003,Kharif,Rice,2538.3,5871.2
Madhya Pradesh,Bhopal,2001,Rabi,Onion,4809.3,62846.2
Maharashtra,Nashik,2012,Kharif,Bajra,,3895.6
Tamil Nadu,Coimbatore,2011,Kharif,Onion,6614.8,99749.1
Bihar,Patna,2009,Rabi,Groundnut,2393.6,3524.9
Uttar Pradesh,Lucknow,2008,Kharif,Rice,4766.2,14941.4
Uttar Pradesh,Kanpur,2010,Rabi,Wheat,3961.3,12140.4
Karnataka,Hassan,2003,Whole Year,Rice,6676.1,15391.6
Madhya Pradesh,Bhopal,2002,Kharif,Maize,1429.6,3840.1
Maharashtra,Pune,2001,Whole Year,Sugarcane,4963.2,466696.3
Haryana,Karnal,2006,Rabi,Maize,5514.4,11481.1
Uttar Pradesh,Meerut,2006,Kharif,Onion,1780.9,23078.6
Andhra Pradesh,Nellore,2009,Whole Year,Potato,1300.1,31961.1
West Bengal,Hooghly,2003,Rabi,Maize,4916.1,12662.8
Bihar,Patna,2014,Kharif,Groundnut,2602.7,4064.7
West Bengal,Hooghly,2008,Rabi,Groundnut,1928.7,2861.8
Tamil Nadu,Thanjavur,2009,Kharif,Rice,1583.0,3993.0
Haryana,Karnal,2011,Rabi,Jowar,8855.0,3694.1
Uttar Pradesh,Meerut,2002,Rabi,Groundnut,8151.9,8339.7
Uttar Pradesh,Meerut,2011,Whole Year,Sugarcane,5193.1,308677.6
Maharashtra,Pune,2007,Rabi,Mustard,3289.6,4635.9
Uttar Pradesh,Kanpur,2008,Kharif,Jowar,2055.3,2830.3
Andhra Pradesh,Krishna,2001,Kharif,Tur,2858.9,2431.0
Punjab,Amritsar,2004,Whole Year,Potato,2401.8,52041.3
Haryana,Karnal,2001,Whole Year,Banana,4356.6,144887.0
Tamil Nadu,Coimbatore,2010,Kharif,Cotton,6879.8,
Haryana,Rohtak,2004,Kharif,Bajra,3537.8,4425.6
West Bengal,Hooghly,2005,Kharif,Onion,2123.2,42921.9
Maharashtra,Pune,2003,Rabi,Gram,5973.4,4727.8
Punjab,Amritsar,2009,Whole Year,Banana,5053.4,261797.1
Uttar Pradesh,Lucknow,2005,Whole Year,Banana,8883.4,285632.7
Punjab,Patiala,2004,Whole Year,Banana,2419.4,
Madhya Pradesh,Bhopal,2009,Kharif,Tur,3003.3,3688.8
Uttar Pradesh,Lucknow,2008,Whole Year,Banana,1727.5,59054.0
Karnataka,Belgaum,2012,Rabi,Potato,2071.3,50737.8
Andhra Pradesh,Nellore,2011,Whole Year,Banana,6677.4,328841.4
Bihar,Gaya,2009,Rabi,Gram,1706.4,1887.3
Uttar Pradesh,Lucknow,2009,Kharif,Bajra,8903.2,12129.7
Madhya Pradesh,Bhopal,2009,Kharif,Rice,1813.0,5237.7
Maharashtra,Nagpur,2002,Rabi,Potato,1485.3,37417.7
Karnataka,Hassan,2007,Kharif,Rice,2519.9,5531.6
Tamil Nadu,Coimbatore,2006,Kharif,Soyabean,2869.0,2852.7
Haryana,Karnal,2010,Whole Year,Potato,2719.8,50712.0
Punjab,Patiala,2013,Kharif,Maize,3550.7,11961.4
Tamil Nadu,Coimbatore,2001,Kharif,Tur,2321.5,1711.8
West Bengal,Hooghly,2008,Whole Year,Rice,2960.0,8401.8
Tamil Nadu,Coimbatore,2006,Whole Year,Potato,3513.7,71830.3
Madhya Pradesh,Ujjain,2009,Kharif,Cotton,2827.4,1633.5
Bihar,Patna,2006,Whole Year,Rice,2202.7,5953.7
Madhya Pradesh,Indore,2012,Kharif,Soyabean,4158.6,7438.7
Karnataka,Mysore,2006,Rabi,Potato,2786.3,51432.5
Maharashtra,Nagpur,2005,Rabi,Onion,3723.2,57964.8
Haryana,Hisar,2007,Kharif,Onion,2763.5,38377.1
Uttar Pradesh,Lucknow,2001,Kharif,Tur,1909.7,1113.1
Maharashtra,Nagpur,2006,Kharif,Onion,,30874.4
Madhya Pradesh,Indore,2002,Rabi,Jowar,816.2,1041.9
Punjab,Ludhiana,2014,Kharif,Tur,3852.5,3393.5
Haryana,Rohtak,2014,Whole Year,Sugarcane,8252.2,519900.8
Bihar,Patna,2002,Kharif,Groundnut,10780.7,11286.5
West Bengal,Hooghly,2002,Rabi,Groundnut,2419.6,3529.9
Madhya Pradesh,Indore,2011,Rabi,Jowar,1158.5,1693.1
Madhya Pradesh,Bhopal,2003,Kharif,Rice,1366.9,3632.9
Karnataka,Mysore,2013,Rabi,Potato,3029.9,83258.2
Madhya Pradesh,Ujjain,2003,Kharif,Maize,5218.9,16124.1
West Bengal,Hooghly,2002,Whole Year,Potato,5045.5,90629.9
Tamil Nadu,Salem,2014,Rabi,Onion,6712.4,96675.3
Karnataka,Hassan,2009,Kharif,Groundnut,3699.1,4331.2
Bihar,Bhagalpur,2008,Rabi,Jowar,3848.0,2695.3
West Bengal,Bardhaman,2014,Rabi,Gram,1573.3,1673.2
Bihar,Bhagalpur,2014,Kharif,Rice,1776.4,5587.9
Karnataka,Hassan,2005,Rabi,Onion,8640.5,120167.8
Uttar Pradesh,Lucknow,2007,Whole Year,Sugarcane,3411.0,240099.5
Punjab,Patiala,2010,Rabi,Groundnut,4421.8,6321.9
Karnataka,Belgaum,2005,Rabi,Onion,2928.9,49894.1
West Bengal,Bardhaman,2011,Rabi,Onion,2727.2,45065.2
Punjab,Patiala,2001,Kharif,Cotton,4950.6,2301.8
Madhya Pradesh,Bhopal,2004,Rabi,Onion,664.5,10065.2
Punjab,Amritsar,2006,Rabi,Wheat,1594.1,4576.7
Madhya Pradesh,Indore,2002,Kharif,Rice,4105.6,11846.0
Punjab,Amritsar,2007,Whole Year,Potato,4350.4,87018.2
Uttar Pradesh,Meerut,2001,Kharif,Bajra,2174.8,3232.2
Punjab,Amritsar,2005,Rabi,Maize,744.9,1879.4
Andhra Pradesh,Guntur,2011,Kharif,Maize,3054.4,9678.8
Uttar Pradesh,Kanpur,2005,Whole Year,Potato,6526.5,134281.4
Uttar Pradesh,Kanpur,2009,Rabi,Onion,1970.7,21251.6
Maharashtra,Nagpur,2003,Rabi,Potato,7038.0,161601.3
West Bengal,Hooghly,2014,Kharif,Jowar,3833.0,4251.3
Punjab,Amritsar,2005,Kharif,Soyabean,1451.8,1532.6
West Bengal,Nadia,2013,Kharif,Soyabean,6237.9,10395.9
Uttar Pradesh,Kanpur,2010,Rabi,Groundnut,3956.3,5775.4
Tamil Nadu,Coimbatore,2002,Kharif,Tur,1646.4,1541.1
Andhra Pradesh,Nellore,2002,Whole Year,Potato,,133027.0
Karnataka,Mysore,2007,Whole Year,Rice,2392.7,5812.5
Uttar Pradesh,Meerut,2013,Rabi,Onion,1698.5,35943.2
Madhya Pradesh,Bhopal,2003,Rabi,Potato,750.8,18698.9
Bihar,Bhagalpur,2007,Rabi,Groundnut,1525.5,2091.1
Andhra Pradesh,Guntur,2011,Rabi,Jowar,1445.2,2329.8
Uttar Pradesh,Lucknow,2009,Kharif,Rice,4351.9,13915.7
West Bengal,Bardhaman,2003,Rabi,Jowar,2319.8,3285.1
Madhya Pradesh,Bhopal,2010,Kharif,Tur,9252.7,9768.6
Madhya Pradesh,Ujjain,2008,Rabi,Onion,4190.8,56294.9
Andhra Pradesh,Guntur,2007,Whole Year,Banana,2399.6,
Punjab,Amritsar,2014,Kharif,Bajra,4182.3,5926.6
Andhra Pradesh,Nellore,2010,Rabi,Mustard,1437.3,2698.3
Bihar,Bhagalpur,2005,Whole Year,Potato,1667.6,29935.1
Madhya Pradesh,Ujjain,2013,Whole Year,Sugarcane,3582.2,279032.8
Andhra Pradesh,Guntur,2001,Kharif,Jowar,4694.9,5611.7
Karnataka,Belgaum,2001,Rabi,Wheat,1977.3,5792.2
West Bengal,Nadia,2008,Kharif,Bajra,5425.4,8835.8
Andhra Pradesh,Guntur,2012,Kharif,Cotton,668.4,337.2
Karnataka,Hassan,2009,Rabi,Maize,4953.6,12501.5
Andhra Pradesh,Guntur,2014,Kharif,Groundnut,2143.3,2637.1
Maharashtra,Pune,2003,Kharif,Soyabean,1788.8,1945.4
Punjab,Patiala,2002,Rabi,Potato,3295.1,73988.8
Maharashtra,Nagpur,2001,Whole Year,Potato,,50353.2
Karnataka,Belgaum,2006,Rabi,Gram,2079.4,1045.6
Madhya Pradesh,Indore,2012,Whole Year,Sugarcane,4741.5,448424.5
Andhra Pradesh,Krishna,2002,Whole Year,Sugarcane,1145.7,77187.9
West Bengal,Nadia,2013,Kharif,Onion,6226.3,128366.8
Maharashtra,Nashik,2011,Rabi,Gram,2941.1,2702.5
Madhya Pradesh,Bhopal,2012,Rabi,Groundnut,2093.8,2877.6
Tamil Nadu,Coimbatore,2008,Kharif,Bajra,2457.3,2710.4
Tamil Nadu,Salem,2010,Whole Year,Potato,1532.5,23371.2
West Bengal,Hooghly,2009,Rabi,Potato,3454.4,88477.9
West Bengal,Hooghly,2012,Rabi,Wheat,3678.2,12613.8
Uttar Pradesh,Meerut,2011,Rabi,Gram,3811.4,3429.1
Maharashtra,Nagpur,2011,Whole Year,Rice,3218.2,13546.7
Tamil Nadu,Salem,2006,Rabi,Potato,2189.7,31026.5
Haryana,Rohtak,2001,Rabi,Mustard,1849.2,1949.1
Karnataka,Belgaum,2002,Rabi,Gram,3944.2,2195.1
Karnataka,Mysore,2009,Rabi,Maize,2106.7,5029.9
Andhra Pradesh,Guntur,2003,Whole Year,Sugarcane,2090.2,164173.2
Madhya Pradesh,Ujjain,2011,Kharif,Maize,2576.9,7138.9
West Bengal,Bardhaman,2010,Whole Year,Banana,4221.5,168531.6
Madhya Pradesh,Indore,2004,Rabi,Onion,2261.9,36471.4
Karnataka,Hassan,2010,Rabi,Wheat,5027.2,15490.0
Bihar,Gaya,2009,Rabi,Wheat,1607.1,4988.9
Andhra Pradesh,Nellore,2011,Rabi,Mustard,812.2,1301.2
Uttar Pradesh,Kanpur,2014,Rabi,Onion,4831.3,75072.9
Karnataka,Mysore,2012,Rabi,Maize,4319.0,12466.6
Madhya Pradesh,Bhopal,2012,Kharif,Cotton,2621.7,1351.0
Bihar,Patna,2012,Rabi,Gram,2190.2,2274.4
Maharashtra,Nagpur,2012,Kharif,Bajra,2876.0,5465.7
Karnataka,Belgaum,2003,Rabi,Wheat,1160.4,4052.9
Bihar,Patna,2001,Kharif,Onion,1026.3,15559.3
Madhya Pradesh,Bhopal,2014,Rabi,Jowar,717.5,905.0
Punjab,Patiala,2008,Kharif,Tur,4390.0,4060.9
Karnataka,Hassan,2012,Kharif,Rice,2289.7,6471.7
Bihar,Gaya,2014,Whole Year,Rice,1870.8,7293.1
Madhya Pradesh,Bhopal,2002,Rabi,Groundnut,2828.9,5012.8
Punjab,Ludhiana,2002,Kharif,Groundnut,3339.6,4377.1
Andhra Pradesh,Guntur,2010,Whole Year,Banana,2459.9,115297.3
Haryana,Rohtak,2001,Kharif,Jowar,2846.6,2728.8
Karnataka,Belgaum,2006,Rabi,Groundnut,2897.8,2892.0
Haryana,Rohtak,2006,Whole Year,Sugarcane,,101576.9
Haryana,Rohtak,2010,Rabi,Mustard,2450.1,4252.8
Bihar,Bhagalpur,2014,Rabi,Gram,4323.1,3744.9
Bihar,Gaya,2001,Kharif,Cotton,1065.7,571.5
Tamil Nadu,Thanjavur,2003,Rabi,Groundnut,2204.8,2462.8
West Bengal,Bardhaman,2005,Kharif,Cotton,825.6,458.3
Uttar Pradesh,Kanpur,2010,Kharif,Cotton,268.8,121.6
Tamil Nadu,Salem,2008,Kharif,Onion,5204.7,79850.4
Tamil Nadu,Coimbatore,2006,Kharif,Tur,5348.2,5237.5
West Bengal,Hooghly,2005,Rabi,Mustard,994.5,1716.0
Uttar Pradesh,Meerut,2014,Rabi,Wheat,2273.4,7883.4
Andhra Pradesh,Nellore,2012,Rabi,Onion,2767.4,57058.5
Punjab,Amritsar,2011,Kharif,Onion,4047.8,61852.9
Haryana,Rohtak,2005,Kharif,Maize,4907.5,13113.3
Karnataka,Belgaum,2003,Rabi,Jowar,719.9,592.3
West Bengal,Nadia,2011,Rabi,Potato,1972.3,51732.4
Punjab,Patiala,2010,Whole Year,Potato,4868.4,106832.1
Uttar Pradesh,Kanpur,2007,Rabi,Wheat,2662.2,8773.7
Madhya Pradesh,Bhopal,2012,Whole Year,Sugarcane,2527.6,223686.9
Andhra Pradesh,Nellore,2011,Rabi,Jowar,1647.2,1231.8
Karnataka,Mysore,2011,Kharif,Cotton,5152.3,2484.6
Tamil Nadu,Coimbatore,2004,Rabi,Wheat,4641.6,15134.0
Madhya Pradesh,Indore,2007,Rabi,Maize,2722.4,6328.4
Punjab,Patiala,2001,Rabi,Potato,2008.7,44869.7
Haryana,Rohtak,2002,Whole Year,Potato,1578.7,32082.0
West Bengal,Hooghly,2012,Kharif,Onion,9010.6,158447.1
Punjab,Patiala,2004,Kharif,Rice,4646.9,16811.3
Uttar Pradesh,Kanpur,2002,Kharif,Groundnut,933.6,984.0
Uttar Pradesh,Meerut,2004,Kharif,Jowar,5699.8,4995.8
Karnataka,Hassan,2009,Kharif,Rice,2996.3,7355.2
Madhya Pradesh,Bhopal,2014,Kharif,Bajra,1907.5,2793.3
Karnataka,Hassan,2012,Kharif,Tur,11098.9,8148.8
Tamil Nadu,Coimbatore,2008,Whole Year,Potato,3031.1,56704.5
West Bengal,Bardhaman,2002,Whole Year,Banana,1732.6,59269.8
West Bengal,Nadia,2014,Rabi,Onion,2227.2,37683.1
Karnataka,Hassan,2003,Rabi,Onion,1826.7,25442.5
Haryana,Hisar,2009,Kharif,Tur,5053.7,4368.9
Karnataka,Belgaum,2014,Kharif,Soyabean,7901.1,10431.5
Uttar Pradesh,Kanpur,2009,Rabi,Gram,2353.4,3135.8
Maharashtra,Nagpur,2002,Rabi,Groundnut,1259.4,1310.6
Bihar,Patna,2004,Kharif,Onion,1896.3,33459.4
Karnataka,Hassan,2004,Whole Year,Sugarcane,4461.9,264460.1
West Bengal,Bardhaman,2001,Rabi,Wheat,6347.7,19060.4
Bihar,Bhagalpur,2008,Rabi,Gram,1030.0,740.1
Andhra Pradesh,Krishna,2004,Kharif,Soyabean,1573.4,1804.6
West Bengal,Nadia,2014,Whole Year,Banana,4976.9,217468.9
Madhya Pradesh,Ujjain,2006,Rabi,Maize,3027.9,6262.5
Uttar Pradesh,Meerut,2005,Kharif,Groundnut,7804.4,9197.0
Uttar Pradesh,Lucknow,2012,Kharif,Cotton,2461.5,1394.7
Uttar Pradesh,Lucknow,2004,Kharif,Maize,6506.8,11467.4
West Bengal,Bardhaman,2005,Whole Year,Rice,2421.1,7606.8
Uttar Pradesh,Meerut,2010,Rabi,Jowar,3922.9,
Punjab,Ludhiana,2004,Rabi,Maize,4316.4,11596.5
Punjab,Amritsar,2013,Kharif,Onion,1007.1,17528.1
Maharashtra,Nashik,2004,Whole Year,Potato,2885.8,72510.5
Tamil Nadu,Coimbatore,2001,Rabi,Gram,4940.5,4452.4
Karnataka,Hassan,2008,Rabi,Jowar,5993.9,5043.2
Haryana,Rohtak,2013,Whole Year,Banana,5320.6,247541.8
Madhya Pradesh,Indore,2007,Rabi,Onion,4136.6,73502.9
Tamil Nadu,Thanjavur,2001,Rabi,Mustard,1622.9,2061.3
Maharashtra,Pune,2010,Rabi,Gram,1644.4,2193.2
Karnataka,Belgaum,2003,Kharif,Jowar,3972.8,2652.4
West Bengal,Bardhaman,2013,Kharif,Cotton,1560.1,962.7
Andhra Pradesh,Nellore,2007,Whole Year,Rice,7370.2,25985.8
Uttar Pradesh,Kanpur,2001,Whole Year,Potato,3986.6,86596.4
Madhya Pradesh,Indore,2003,Rabi,Groundnut,2783.7,2370.4
Uttar Pradesh,Kanpur,2007,Rabi,Potato,1314.4,36060.0
Bihar,Gaya,2014,Kharif,Soyabean,1587.2,1470.8
Madhya Pradesh,Ujjain,2009,Whole Year,Sugarcane,2937.2,204960.1
Tamil Nadu,Coimbatore,2005,Rabi,Jowar,3463.5,2904.9
Punjab,Amritsar,2005,Kharif,Jowar,7902.5,8541.4
Madhya Pradesh,Bhopal,2008,Kharif,Bajra,1872.2,2712.2
Punjab,Ludhiana,2001,Rabi,Mustard,2802.1,3861.1
West Bengal,Hooghly,2012,Rabi,Onion,6677.0,141080.7
Andhra Pradesh,Guntur,2007,Rabi,Potato,1379.1,29133.6
Bihar,Patna,2010,Rabi,Wheat,5251.8,16352.0
Haryana,Karnal,2001,Kharif,Rice,2041.8,4757.7
Karnataka,Hassan,2013,Kharif,Jowar,2191.6,2334.1
Bihar,Bhagalpur,2012,Whole Year,Sugarcane,2867.4,238454.3
West Bengal,Hooghly,2008,Whole Year,Banana,1413.8,50755.1
Madhya Pradesh,Ujjain,2009,Rabi,Onion,8258.4,164895.0
Punjab,Amritsar,2008,Rabi,Potato,2870.4,51998.5
Punjab,Ludhiana,2011,Kharif,Rice,3254.5,9619.7
Haryana,Hisar,2011,Kharif,Soyabean,3108.8,3559.0
Maharashtra,Nagpur,2004,Kharif,Cotton,3389.6,2211.6
Maharashtra,Nagpur,2013,Rabi,Onion,1739.7,32444.3
Maharashtra,Nagpur,2006,Kharif,Rice,3975.2,10560.6
Madhya Pradesh,Ujjain,2010,Kharif,Soyabean,2979.1,3042.2
Punjab,Ludhiana,2008,Kharif,Maize,3001.3,10092.8
Karnataka,Mysore,2003,Whole Year,Sugarcane,2357.0,170131.6
Tamil Nadu,Thanjavur,2013,Rabi,Groundnut,5125.4,7195.9
Karnataka,Mysore,2013,Kharif,Tur,2769.8,2668.3
Tamil Nadu,Thanjavur,2010,Kharif,Groundnut,,3901.1
West Bengal,Hooghly,2002,Rabi,Onion,1618.7,20489.9
Punjab,Ludhiana,2006,Whole Year,Rice,1914.1,5783.7
Haryana,Rohtak,2002,Kharif,Bajra,2410.1,2953.6
Uttar Pradesh,Lucknow,2002,Whole Year,Banana,625.9,17043.6
Maharashtra,Nagpur,2005,Whole Year,Potato,3739.4,84583.0
Karnataka,Mysore,2004,Rabi,Groundnut,3830.0,3249.5
Tamil Nadu,Salem,2001,Whole Year,Potato,9696.1,180399.9
Haryana,Hisar,2005,Rabi,Mustard,2538.7,3970.4
Tamil Nadu,Salem,2014,Kharif,Jowar,5493.5,5413.0
Karnataka,Mysore,2004,Rabi,Onion,3294.0,67665.1
Haryana,Hisar,2010,Whole Year,Sugarcane,680.4,44931.6
Karnataka,Mysore,2006,Kharif,Soyabean,6893.5,9934.9
Karnataka,Mysore,2006,Kharif,Tur,2554.9,2251.2
Tamil Nadu,Thanjavur,2007,Kharif,Cotton,3678.2,2222.0
Madhya Pradesh,Indore,2009,Kharif,Onion,4280.4,77819.7
Haryana,Karnal,2011,Whole Year,Rice,2069.0,5090.4
West Bengal,Hooghly,2003,Kharif,Onion,2251.2,
Uttar Pradesh,Meerut,2013,Kharif,Soyabean,1966.9,2531.1
Karnataka,Mysore,2010,Rabi,Groundnut,6166.5,7775.1
West Bengal,Bardhaman,2011,Rabi,Wheat,6580.0,24447.5
Haryana,Hisar,2011,Kharif,Rice,3182.7,7318.8
Bihar,Patna,2004,Kharif,Jowar,4990.2,5709.4
West Bengal,Bardhaman,2001,Whole Year,Potato,2982.7,72172.0
Andhra Pradesh,Guntur,2002,Kharif,Jowar,3405.6,3970.2
Madhya Pradesh,Bhopal,2013,Rabi,Potato,2549.1,79095.5
Karnataka,Mysore,2001,Kharif,Rice,3569.5,11190.1
Uttar Pradesh,Kanpur,2001,Kharif,Jowar,1868.3,1914.9
Madhya Pradesh,Ujjain,2007,Rabi,Maize,3669.8,10907.0
Haryana,Karnal,2012,Rabi,Jowar,3301.5,3745.5
Uttar Pradesh,Meerut,2012,Rabi,Maize,3210.1,7975.8
Tamil Nadu,Coimbatore,2009,Kharif,Onion,3098.0,43915.5
Bihar,Bhagalpur,2002,Whole Year,Potato,2400.1,33479.8
Haryana,Karnal,2013,Rabi,Potato,5209.2,100885.7
Haryana,Hisar,2007,Kharif,Soyabean,3411.4,2657.4
Madhya Pradesh,Indore,2012,Rabi,Mustard,2536.3,5402.2
West Bengal,Bardhaman,2014,Rabi,Potato,2188.8,45601.7
Uttar Pradesh,Kanpur,2007,Rabi,Jowar,3005.8,3545.7
Uttar Pradesh,Kanpur,2002,Rabi,Mustard,2497.0,3059.3
Karnataka,Hassan,2005,Rabi,Jowar,4027.2,4620.1
Andhra Pradesh,Guntur,2014,Rabi,Potato,1823.3,41639.8
Uttar Pradesh,Meerut,2002,Rabi,Maize,3447.1,8999.1
Madhya Pradesh,Bhopal,2011,Whole Year,Potato,3078.4,63495.5
Karnataka,Hassan,2006,Kharif,Onion,2226.6,15044.3
Andhra Pradesh,Guntur,2001,Kharif,Bajra,2026.3,3463.9
Madhya Pradesh,Bhopal,2010,Kharif,Bajra,5580.6,10024.2
Karnataka,Hassan,2007,Kharif,Onion,3225.4,24659.8
Bihar,Patna,2007,Kharif,Rice,3005.2,7087.3
Punjab,Patiala,2004,Kharif,Tur,,4067.9
Madhya Pradesh,Ujjain,2014,Whole Year,Sugarcane,2358.1,147508.1
Tamil Nadu,Thanjavur,2008,Whole Year,Rice,7891.4,24830.3
Tamil Nadu,Coimbatore,2003,Whole Year,Potato,3425.0,69696.4
Maharashtra,Nagpur,2001,Kharif,Cotton,4191.4,1896.9
Uttar Pradesh,Meerut,2013,Whole Year,Rice,6286.1,15441.0
Andhra Pradesh,Guntur,2005,Rabi,Potato,2826.5,72822.2
Bihar,Patna,2013,Kharif,Rice,,5581.6
West Bengal,Hooghly,2003,Kharif,Tur,3398.3,3242.1
Bihar,Patna,2007,Rabi,Jowar,2900.0,3639.8
Haryana,Hisar,2011,Kharif,Groundnut,2579.6,4038.8
Andhra Pradesh,Guntur,2005,Rabi,Wheat,4805.2,15863.5
Bihar,Gaya,2008,Rabi,Groundnut,2998.3,3575.7
Bihar,Patna,2005,Kharif,Groundnut,3037.8,3421.5
West Bengal,Bardhaman,2009,Rabi,Jowar,1751.5,1329.9
Tamil Nadu,Coimbatore,2007,Whole Year,Rice,3788.8,11502.5
Maharashtra,Nagpur,2011,Kharif,Bajra,740.3,1051.6
Tamil Nadu,Salem,2005,Whole Year,Potato,2922.1,68566.9
Haryana,Rohtak,2005,Kharif,Jowar,1153.1,728.9
West Bengal,Hooghly,2005,Whole Year,Rice,5173.2,13924.9
Uttar Pradesh,Meerut,2011,Kharif,Onion,5956.4,85036.3
Uttar Pradesh,Lucknow,2004,Rabi,Maize,1946.9,4304.3
Haryana,Hisar,2007,Rabi,Gram,1250.3,1444.9
Punjab,Ludhiana,2003,Rabi,Gram,1550.9,1722.7
Uttar Pradesh,Meerut,2011,Kharif,Maize,3690.6,8761.7
Madhya Pradesh,Bhopal,2001,Kharif,Jowar,6718.7,8241.1
West Bengal,Nadia,2010,Kharif,Rice,6187.8,20207.2
Haryana,Karnal,2010,Whole Year,Banana,1676.0,52245.1
Karnataka,Mysore,2011,Whole Year,Rice,2754.2,8821.7
Bihar,Patna,2013,Rabi,Gram,1638.2,1883.5
West Bengal,Hooghly,2004,Rabi,Onion,1654.7,26033.5
Andhra Pradesh,Krishna,2006,Rabi,Jowar,1061.2,1088.4
Bihar,Gaya,2014,Kharif,Cotton,1673.3,1022.6
Karnataka,Hassan,2002,Whole Year,Banana,2595.9,72142.9
Haryana,Rohtak,2010,Kharif,Jowar,1263.0,1139.6
Tamil Nadu,Salem,2003,Rabi,Potato,1013.2,21679.1
Bihar,Bhagalpur,2012,Rabi,Mustard,4851.1,6237.5
West Bengal,Bardhaman,2006,Rabi,Gram,6930.3,6911.0
Bihar,Gaya,2014,Rabi,Wheat,6204.8,20212.4
Haryana,Rohtak,2008,Rabi,Mustard,2001.3,2492.8
Maharashtra,Nashik,2008,Kharif,Bajra,1032.3,1970.8
Karnataka,Belgaum,2013,Kharif,Onion,2832.9,56925.3
Punjab,Amritsar,2012,Rabi,Maize,1571.6,3391.5
Haryana,Hisar,2014,Rabi,Mustard,4394.9,6310.1
Haryana,Rohtak,2012,Rabi,Gram,3414.4,2856.1
Haryana,Hisar,2001,Rabi,Gram,2243.3,1686.2
Tamil Nadu,Salem,2004,Kharif,Jowar,2945.5,1993.9
Maharashtra,Nagpur,2007,Kharif,Onion,2161.4,30020.6
West Bengal,Hooghly,2010,Kharif,Soyabean,3048.9,4227.1
Haryana,Hisar,2012,Kharif,Onion,3872.9,61695.5
Madhya Pradesh,Bhopal,2009,Whole Year,Potato,2359.7,63418.7
Punjab,Amritsar,2002,Whole Year,Sugarcane,1388.3,89761.0
Haryana,Hisar,2004,Rabi,Onion,2874.9,34731.3
Uttar Pradesh,Meerut,2008,Kharif,Rice,3446.5,10875.6
Haryana,Hisar,2002,Kharif,Groundnut,6649.6,8689.8
Maharashtra,Nagpur,2001,Whole Year,Rice,4529.4,14466.7
Madhya Pradesh,Ujjain,2006,Kharif,Cotton,2779.1,1646.4
Uttar Pradesh,Lucknow,2011,Whole Year,Potato,927.4,13258.9
Madhya Pradesh,Indore,2014,Rabi,Wheat,3738.0,15454.3
Haryana,Rohtak,2001,Whole Year,Banana,2018.3,83216.0
Punjab,Patiala,2004,Rabi,Gram,2085.3,2863.4
Madhya Pradesh,Indore,2014,Kharif,Cotton,1885.9,976.9
Uttar Pradesh,Kanpur,2007,Kharif,Tur,3870.1,2247.9
Uttar Pradesh,Meerut,2005,Kharif,Cotton,3439.1,1084.1
Andhra Pradesh,Krishna,2001,Rabi,Gram,5038.7,5540.0
Uttar Pradesh,Kanpur,2012,Kharif,Cotton,11450.8,4511.8
Uttar Pradesh,Kanpur,2004,Rabi,Gram,1729.5,1726.6
Tamil Nadu,Coimbatore,2013,Kharif,Cotton,1303.5,300.3
Maharashtra,Nashik,2001,Rabi,Potato,2588.0,61844.1
Maharashtra,Nashik,2001,Kharif,Maize,3683.5,11014.1
Andhra Pradesh,Nellore,2001,Rabi,Onion,5494.5,70005.2
Karnataka,Hassan,2008,Kharif,Jowar,3117.1,2784.3
Karnataka,Hassan,2001,Rabi,Gram,963.0,822.2
Uttar Pradesh,Meerut,2003,Whole Year,Rice,1375.5,3240.0
Punjab,Patiala,2001,Rabi,Groundnut,1712.1,2644.1
Maharashtra,Nashik,2005,Rabi,Potato,1478.2,34464.9
Haryana,Rohtak,2007,Whole Year,Banana,2179.5,61400.2
Madhya Pradesh,Ujjain,2011,Whole Year,Banana,2092.5,99342.9
Bihar,Patna,2003,Rabi,Groundnut,4563.0,7616.1
Maharashtra,Pune,2010,Whole Year,Rice,4242.2,15662.5
Karnataka,Belgaum,2004,Rabi,Jowar,2940.7,2476.4
Punjab,Amritsar,2009,Rabi,Maize,3764.6,8701.6
Punjab,Patiala,2014,Rabi,Gram,3102.8,3796.6
Andhra Pradesh,Nellore,2002,Rabi,Mustard,3615.8,4951.8
Karnataka,Hassan,2008,Rabi,Maize,1671.7,3215.3
Tamil Nadu,Thanjavur,2009,Whole Year,Banana,1594.4,57792.0
Bihar,Bhagalpur,2002,Kharif,Rice,2971.2,5457.3
West Bengal,Hooghly,2001,Kharif,Onion,2488.2,41172.7
West Bengal,Bardhaman,2006,Kharif,Bajra,3885.3,
Andhra Pradesh,Krishna,2006,Kharif,Cotton,3990.4,
Maharashtra,Pune,2003,Whole Year,Sugarcane,4667.1,387980.5
West Bengal,Hooghly,2003,Rabi,Mustard,1924.7,2606.7
Madhya Pradesh,Bhopal,2011,Rabi,Onion,1329.0,26263.6
Maharashtra,Pune,2014,Kharif,Soyabean,1889.0,2862.0
Punjab,Ludhiana,2014,Whole Year,Rice,10321.4,31291.1
Maharashtra,Pune,2013,Kharif,Maize,3327.7,10952.7
Tamil Nadu,Salem,2009,Whole Year,Banana,2080.1,74140.4
Bihar,Bhagalpur,2012,Whole Year,Banana,7958.0,241228.0
Karnataka,Hassan,2011,Rabi,Mustard,1414.1,2275.8
Tamil Nadu,Salem,2007,Kharif,Bajra,2003.6,1968.2
Punjab,Ludhiana,2004,Rabi,Gram,3297.0,3183.7
Madhya Pradesh,Indore,2014,Rabi,Gram,3903.0,4041.8
Andhra Pradesh,Nellore,2002,Rabi,Jowar,3342.1,3034.0
West Bengal,Nadia,2008,Whole Year,Banana,1443.0,77262.7
Punjab,Ludhiana,2007,Whole Year,Rice,6027.7,16709.4
Bihar,Gaya,2001,Kharif,Groundnut,2668.3,3242.2
West Bengal,Nadia,2013,Kharif,Rice,4619.1,17193.5
Uttar Pradesh,Meerut,2014,Rabi,Onion,2200.0,20478.4
Maharashtra,Nashik,2007,Whole Year,Potato,3504.6,94315.0
Karnataka,Hassan,2001,Rabi,Wheat,2331.2,6538.3
West Bengal,Bardhaman,2002,Kharif,Cotton,763.2,405.5
Maharashtra,Nashik,2003,Rabi,Mustard,4997.7,6512.8
Punjab,Amritsar,2006,Kharif,Jowar,3032.8,2104.2
Andhra Pradesh,Krishna,2003,Kharif,Rice,2187.5,5374.9
Andhra Pradesh,Guntur,2012,Whole Year,Banana,3399.9,178013.9
Haryana,Hisar,2008,Rabi,Maize,3523.8,6670.4
Andhra Pradesh,Krishna,2014,Rabi,Gram,3027.0,3847.5
West Bengal,Nadia,2005,Rabi,Onion,3524.5,72553.7
Maharashtra,Pune,2006,Rabi,Mustard,3478.3,7012.2
Tamil Nadu,Coimbatore,2011,Rabi,Groundnut,3582.6,3932.5
Andhra Pradesh,Guntur,2008,Rabi,Wheat,2036.1,7442.6
Bihar,Patna,2007,Rabi,Mustard,1828.7,3009.9
Tamil Nadu,Coimbatore,2012,Kharif,Bajra,1312.0,1492.2
Punjab,Patiala,2006,Rabi,Maize,7122.0,29686.7
Tamil Nadu,Coimbatore,2010,Kharif,Onion,2959.7,52202.9
Haryana,Rohtak,2012,Whole Year,Potato,2517.2,61703.0
West Bengal,Hooghly,2013,Rabi,Groundnut,4676.8,5737.3
Uttar Pradesh,Meerut,2009,Kharif,Cotton,1411.0,472.7
West Bengal,Bardhaman,2006,Kharif,Cotton,2003.9,833.1
West Bengal,Hooghly,2012,Rabi,Potato,3409.3,76058.4
Uttar Pradesh,Lucknow,2003,Rabi,Maize,3935.4,9186.7
Karnataka,Mysore,2013,Whole Year,Potato,3063.7,64297.9
Uttar Pradesh,Meerut,2014,Kharif,Soyabean,4073.3,4846.7
Madhya Pradesh,Indore,2002,Kharif,Tur,3755.4,2947.7
Andhra Pradesh,Nellore,2007,Kharif,Groundnut,3387.9,4886.7
Tamil Nadu,Salem,2004,Kharif,Bajra,552.5,646.1
Haryana,Rohtak,2014,Whole Year,Potato,,20377.2
Uttar Pradesh,Kanpur,2003,Kharif,Onion,730.5,10845.1
Haryana,Hisar,2004,Whole Year,Sugarcane,833.8,52235.0
Madhya Pradesh,Indore,2009,Rabi,Gram,2120.7,2504.6
Madhya Pradesh,Ujjain,2014,Kharif,Cotton,4702.6,2125.6
Andhra Pradesh,Guntur,2004,Kharif,Cotton,4492.8,3132.7
Andhra Pradesh,Guntur,2004,Rabi,Groundnut,3092.1,3060.9
Punjab,Amritsar,2006,Whole Year,Potato,2243.0,46980.6
Maharashtra,Pune,2014,Kharif,Cotton,1747.7,1179.0
Andhra Pradesh,Krishna,2010,Kharif,Soyabean,1416.3,1714.7
Maharashtra,Pune,2002,Whole Year,Rice,6786.2,22589.7
Punjab,Ludhiana,2003,Rabi,Potato,6326.2,143865.8
Tamil Nadu,Salem,2013,Rabi,Potato,2739.9,36597.4
Haryana,Hisar,2004,Kharif,Rice,2994.9,6754.1
Punjab,Amritsar,2003,Kharif,Bajra,3574.2,4219.2
West Bengal,Nadia,2003,Rabi,Potato,1210.1,27911.1
West Bengal,Bardhaman,2008,Kharif,Onion,1615.1,27515.8
Haryana,Karnal,2013,Rabi,Wheat,1550.7,4916.8
Karnataka,Mysore,2009,Whole Year,Potato,637.4,11044.3
Andhra Pradesh,Nellore,2005,Kharif,Onion,3134.6,56375.3
Karnataka,Mysore,2005,Kharif,Jowar,3245.2,3777.1
Punjab,Amritsar,2002,Rabi,Groundnut,2845.0,2961.1
Madhya Pradesh,Indore,2011,Rabi,Wheat,3089.6,
Punjab,Patiala,2002,Rabi,Onion,2668.0,41371.4
Maharashtra,Pune,2008,Whole Year,Rice,1642.7,5446.4
Tamil Nadu,Coimbatore,2012,Rabi,Gram,3923.0,4087.9
Punjab,Amritsar,2013,Kharif,Cotton,2664.7,1503.1
Maharashtra,Nashik,2012,Rabi,Gram,1703.4,1830.3
Maharashtra,Nashik,2003,Rabi,Potato,1429.3,28712.2
Tamil Nadu,Coimbatore,2004,Kharif,Onion,4269.9,37079.0
Tamil Nadu,Salem,2013,Kharif,Maize,8052.6,16450.4
Uttar Pradesh,Lucknow,2005,Whole Year,Potato,2546.2,38158.0
Tamil Nadu,Thanjavur,2012,Rabi,Mustard,2632.8,3497.3
Haryana,Karnal,2008,Rabi,Wheat,5381.8,14164.9
Tamil Nadu,Coimbatore,2007,Kharif,Jowar,1242.0,1123.8
Madhya Pradesh,Indore,2005,Kharif,Groundnut,1420.7,2123.0
Haryana,Rohtak,2011,Rabi,Potato,3715.1,65007.5
Madhya Pradesh,Bhopal,2006,Whole Year,Sugarcane,1519.3,126861.6
Andhra Pradesh,Krishna,2013,Rabi,Gram,3445.5,3715.2
Tamil Nadu,Coimbatore,2013,Rabi,Groundnut,5875.6,4819.8
Maharashtra,Pune,2007,Rabi,Gram,3255.9,2312.7
West Bengal,Bardhaman,2011,Whole Year,Potato,2180.7,45856.8
Punjab,Patiala,2011,Rabi,Wheat,6576.2,28185.1
Bihar,Bhagalpur,2002,Rabi,Gram,2673.9,2504.4
Punjab,Amritsar,2009,Whole Year,Potato,2665.4,84749.6
Madhya Pradesh,Indore,2009,Rabi,Onion,1483.9,22005.7
Andhra Pradesh,Nellore,2008,Kharif,Onion,5341.0,117329.6
Andhra Pradesh,Nellore,2007,Rabi,Mustard,1536.9,2990.9
Andhra Pradesh,Nellore,2013,Kharif,Rice,2381.7,9426.4
Punjab,Ludhiana,2013,Rabi,Onion,788.6,17142.0
Punjab,Amritsar,2011,Whole Year,Banana,6954.8,238882.5
Maharashtra,Pune,2011,Whole Year,Sugarcane,2179.4,177871.9
Maharashtra,Nagpur,2005,Kharif,Groundnut,891.8,1636.0
Punjab,Amritsar,2013,Rabi,Wheat,4353.8,15028.9
Bihar,Gaya,2004,Rabi,Wheat,,5756.7
Haryana,Rohtak,2008,Rabi,Maize,4923.1,12483.2
Andhra Pradesh,Nellore,2006,Rabi,Jowar,9418.9,9696.2
Uttar Pradesh,Kanpur,2003,Rabi,Onion,1708.9,27738.2
Tamil Nadu,Salem,2010,Rabi,Onion,2760.4,40311.4
Haryana,Karnal,2001,Whole Year,Rice,3562.5,10439.5
Punjab,Patiala,2007,Whole Year,Sugarcane,1050.3,88058.6
Uttar Pradesh,Meerut,2012,Kharif,Soyabean,2301.5,1957.6
Maharashtra,Nashik,2003,Kharif,Soyabean,3469.8,4223.1
Karnataka,Hassan,2012,Kharif,Groundnut,3284.1,3799.4
Andhra Pradesh,Krishna,2014,Kharif,Jowar,2121.6,2236.4
Uttar Pradesh,Lucknow,2004,Whole Year,Potato,5191.3,82551.4
Punjab,Patiala,2003,Rabi,Potato,,157269.8
Punjab,Amritsar,2005,Kharif,Groundnut,482.0,588.5
Andhra Pradesh,Krishna,2004,Whole Year,Rice,473.7,1453.4
Punjab,Amritsar,2004,Rabi,Onion,1716.5,28789.7
Andhra Pradesh,Nellore,2009,Rabi,Wheat,3784.7,14369.3
Punjab,Ludhiana,2008,Kharif,Soyabean,2509.8,3174.6
Karnataka,Hassan,2009,Whole Year,Rice,3690.5,8388.1
West Bengal,Hooghly,2013,Kharif,Maize,3743.8,11693.7
Maharashtra,Pune,2007,Rabi,Onion,1798.1,27856.2
Uttar Pradesh,Kanpur,2001,Rabi,Onion,1319.7,19029.9
Punjab,Ludhiana,2010,Rabi,Groundnut,5012.2,6829.1
Maharashtra,Nashik,2002,Whole Year,Sugarcane,3750.3,327815.4
Karnataka,Hassan,2006,Kharif,Jowar,5194.9,4476.4
Madhya Pradesh,Indore,2011,Kharif,Onion,1729.8,28878.4
Uttar Pradesh,Lucknow,2004,Whole Year,Banana,504.9,16311.4
West Bengal,Bardhaman,2007,Kharif,Jowar,2930.2,2580.7
Karnataka,Mysore,2007,Kharif,Cotton,5986.4,2740.9
Punjab,Ludhiana,2001,Whole Year,Rice,2532.0,8258.4
West Bengal,Hooghly,2013,Rabi,Jowar,1437.8,1851.9
Haryana,Hisar,2006,Rabi,Maize,2429.6,5093.0
Bihar,Gaya,2005,Kharif,Cotton,1894.6,553.0
Karnataka,Belgaum,2003,Kharif,Onion,3198.1,37029.9
Punjab,Patiala,2009,Rabi,Groundnut,595.8,961.6
Madhya Pradesh,Bhopal,2002,Whole Year,Rice,3265.9,10129.5
Karnataka,Mysore,2013,Kharif,Jowar,2215.4,2598.6
Maharashtra,Nagpur,2014,Kharif,Groundnut,4595.6,8291.8
Uttar Pradesh,Kanpur,2009,Kharif,Cotton,1353.4,437.2
Bihar,Patna,2005,Rabi,Jowar,1035.3,992.8
Punjab,Ludhiana,2004,Whole Year,Banana,3919.6,152832.3
Haryana,Karnal,2012,Kharif,Maize,1253.6,2319.4
Tamil Nadu,Coimbatore,2013,Kharif,Rice,5750.2,15757.3
Madhya Pradesh,Bhopal,2009,Kharif,Onion,3127.9,56776.9
Maharashtra,Pune,2014,Rabi,Maize,1214.7,3764.5
Andhra Pradesh,Guntur,2003,Rabi,Wheat,4550.7,16144.9
Uttar Pradesh,Kanpur,2014,Whole Year,Sugarcane,3717.8,241849.2
Punjab,Ludhiana,2006,Whole Year,Potato,2287.8,64706.0
Madhya Pradesh,Indore,2013,Kharif,Cotton,4466.1,2837.3
Tamil Nadu,Coimbatore,2011,Kharif,Cotton,4049.2,1536.3
Madhya Pradesh,Bhopal,2010,Rabi,Groundnut,1757.7,
Andhra Pradesh,Krishna,2001,Kharif,Jowar,3548.0,3547.4
Maharashtra,Pune,2012,Rabi,Wheat,2233.3,
Punjab,Amritsar,2011,Rabi,Maize,3513.0,10959.3
Tamil Nadu,Salem,2011,Rabi,Mustard,4993.2,7791.9
West Bengal,Bardhaman,2010,Kharif,Tur,,1195.9
Madhya Pradesh,Ujjain,2006,Whole Year,Banana,1598.0,80283.5
Tamil Nadu,Salem,2005,Kharif,Maize,2446.9,4948.6
Punjab,Amritsar,2002,Rabi,Potato,,56912.7
Punjab,Patiala,2005,Rabi,Groundnut,3984.0,5066.7
Andhra Pradesh,Nellore,2011,Kharif,Onion,1456.5,24177.5
Andhra Pradesh,Guntur,2014,Kharif,Jowar,4458.9,5437.9
Andhra Pradesh,Krishna,2009,Rabi,Gram,3259.8,3134.1
Punjab,Patiala,2002,Kharif,Maize,3230.9,8696.8
Uttar Pradesh,Lucknow,2007,Whole Year,Rice,1442.4,4254.7
Uttar Pradesh,Lucknow,2014,Rabi,Groundnut,1345.3,1354.9
West Bengal,Bardhaman,2009,Whole Year,Rice,2388.2,6872.9
Tamil Nadu,Thanjavur,2013,Kharif,Cotton,5461.5,2669.7
Maharashtra,Nashik,2014,Whole Year,Sugarcane,8259.9,675065.7
Karnataka,Hassan,2003,Kharif,Onion,5601.2,83964.7
Punjab,Patiala,2005,Kharif,Maize,4044.1,13975.3
Karnataka,Mysore,2007,Rabi,Gram,3421.3,3763.3
West Bengal,Nadia,2011,Whole Year,Rice,1950.5,6792.0
Tamil Nadu,Salem,2004,Rabi,Onion,6445.0,57747.8
Punjab,Patiala,2007,Whole Year,Banana,2566.5,95213.2
Andhra Pradesh,Krishna,2007,Whole Year,Sugarcane,1991.7,142646.3
West Bengal,Hooghly,2007,Kharif,Tur,3469.1,3291.2
Tamil Nadu,Coimbatore,2004,Rabi,Jowar,2198.1,1707.7
Haryana,Hisar,2008,Kharif,Onion,1099.3,12130.2
Punjab,Patiala,2009,Kharif,Groundnut,1088.5,1636.5
Punjab,Patiala,2001,Rabi,Maize,631.3,2287.1
Tamil Nadu,Thanjavur,2004,Kharif,Jowar,1080.9,1099.4
Tamil Nadu,Coimbatore,2005,Rabi,Potato,4137.0,55254.3
Bihar,Patna,2010,Whole Year,Sugarcane,1838.6,113747.1
Uttar Pradesh,Kanpur,2013,Rabi,Groundnut,992.8,1355.8
Tamil Nadu,Coimbatore,2013,Kharif,Soyabean,4442.7,4644.0
Andhra Pradesh,Krishna,2012,Rabi,Jowar,704.9,824.8
Uttar Pradesh,Lucknow,2009,Rabi,Maize,1324.2,2892.0
Haryana,Karnal,2008,Kharif,Cotton,2480.7,1106.5
Haryana,Karnal,2009,Kharif,Cotton,3786.7,1111.7
Bihar,Patna,2014,Rabi,Wheat,921.9,2854.5
Uttar Pradesh,Lucknow,2004,Rabi,Groundnut,4012.5,3978.2
Maharashtra,Pune,2004,Kharif,Rice,2633.1,8220.1
Karnataka,Hassan,2007,Rabi,Onion,3124.1,58278.6
Tamil Nadu,Coimbatore,2001,Kharif,Soyabean,4944.7,3217.3
Haryana,Hisar,2005,Rabi,Maize,3719.2,6611.6
West Bengal,Bardhaman,2008,Whole Year,Rice,1722.5,4560.6
Madhya Pradesh,Indore,2014,Rabi,Mustard,5005.1,8053.0
Andhra Pradesh,Guntur,2008,Rabi,Gram,3585.5,3810.1
West Bengal,Hooghly,2004,Whole Year,Rice,6928.5,16192.6
West Bengal,Bardhaman,2009,Kharif,Bajra,1537.5,2630.8
West Bengal,Bardhaman,2001,Kharif,Onion,6880.5,117599.6
Haryana,Hisar,2012,Kharif,Groundnut,2037.1,3299.1
Madhya Pradesh,Bhopal,2008,Rabi,Jowar,2464.5,2952.9
Tamil Nadu,Thanjavur,2012,Whole Year,Potato,3230.8,70131.4
Andhra Pradesh,Guntur,2002,Whole Year,Sugarcane,3437.9,292256.8
Tamil Nadu,Salem,2013,Rabi,Wheat,4377.8,12591.3
Bihar,Patna,2009,Rabi,Gram,1205.8,1287.9
Karnataka,Hassan,2014,Rabi,Maize,10444.2,21776.9
Karnataka,Hassan,2006,Kharif,Soyabean,1851.8,
Karnataka,Hassan,2010,Rabi,Gram,5045.8,4606.0
Madhya Pradesh,Ujjain,2009,Rabi,Mustard,4341.5,7414.5
Haryana,Rohtak,2004,Kharif,Maize,1852.3,4702.2
Andhra Pradesh,Guntur,2003,Kharif,Cotton,1496.6,798.6
Karnataka,Mysore,2003,Kharif,Cotton,1263.9,613.1
Haryana,Karnal,2005,Whole Year,Banana,984.8,16605.6
Andhra Pradesh,Nellore,2009,Rabi,Gram,6094.0,7134.7
Madhya Pradesh,Bhopal,2002,Rabi,Mustard,757.0,1176.1
Punjab,Patiala,2012,Rabi,Wheat,2236.8,8750.7
Andhra Pradesh,Guntur,2011,Kharif,Bajra,436.6,769.3
Uttar Pradesh,Meerut,2012,Kharif,Bajra,1158.0,1116.8
Tamil Nadu,Coimbatore,2012,Whole Year,Sugarcane,2183.7,130149.9
Tamil Nadu,Coimbatore,2012,Kharif,Soyabean,4848.8,6485.3
Madhya Pradesh,Indore,2009,Rabi,Maize,3470.1,11271.7
Maharashtra,Nagpur,2008,Rabi,Potato,4441.0,123303.8
Karnataka,Mysore,2007,Kharif,Onion,1345.6,27476.3
West Bengal,Bardhaman,2010,Whole Year,Sugarcane,8566.7,755064.4
Andhra Pradesh,Krishna,2008,Kharif,Cotton,3365.8,1209.1
Haryana,Hisar,2006,Kharif,Rice,3340.0,5677.0
Punjab,Ludhiana,2001,Kharif,Maize,1221.6,3902.2
Maharashtra,Nagpur,2008,Whole Year,Potato,7648.5,165146.1
Maharashtra,Nagpur,2004,Kharif,Groundnut,1582.5,1844.0
Haryana,Karnal,2004,Kharif,Maize,1921.9,3727.3
Tamil Nadu,Salem,2005,Whole Year,Rice,2666.0,5480.4
Madhya Pradesh,Indore,2010,Rabi,Mustard,3879.8,6984.1
Punjab,Amritsar,2005,Whole Year,Sugarcane,11341.5,811860.5
Punjab,Patiala,2001,Whole Year,Banana,1557.4,67683.6
Andhra Pradesh,Guntur,2004,Kharif,Jowar,6560.0,7922.7
Maharashtra,Nashik,2001,Whole Year,Potato,1163.0,38144.4
Andhra Pradesh,Guntur,2008,Rabi,Jowar,6590.1,7746.6
Bihar,Gaya,2006,Kharif,Groundnut,2636.9,2236.2
Punjab,Ludhiana,2011,Whole Year,Rice,3560.8,12005.4
Karnataka,Belgaum,2009,Whole Year,Banana,3728.5,127392.6
Haryana,Karnal,2004,Whole Year,Banana,1948.5,52584.7
Haryana,Hisar,2011,Whole Year,Rice,4001.4,10903.7
Haryana,Hisar,2003,Kharif,Onion,4129.9,63805.4
Madhya Pradesh,Ujjain,2009,Kharif,Maize,5307.2,12629.1
Haryana,Rohtak,2010,Whole Year,Potato,764.3,18743.5
West Bengal,Nadia,2008,Rabi,Onion,2052.8,49129.5
Bihar,Gaya,2011,Kharif,Bajra,1305.8,1806.9
Punjab,Amritsar,2013,Rabi,Maize,5012.4,13831.4
Maharashtra,Pune,2007,Kharif,Groundnut,1681.3,2353.0
Haryana,Rohtak,2014,Rabi,Mustard,888.1,
Maharashtra,Nagpur,2002,Kharif,Rice,2306.2,7104.1
Punjab,Patiala,2012,Kharif,Cotton,3335.6,1741.4
Uttar Pradesh,Meerut,2008,Kharif,Soyabean,4953.7,6718.0
Tamil Nadu,Salem,2006,Kharif,Onion,1517.3,18606.8
Haryana,Rohtak,2001,Whole Year,Potato,8408.8,176428.5
Madhya Pradesh,Indore,2006,Whole Year,Sugarcane,2060.3,174405.4
Tamil Nadu,Coimbatore,2007,Kharif,Maize,8070.2,12278.6
Maharashtra,Nagpur,2012,Rabi,Potato,4613.2,101017.9
Haryana,Hisar,2014,Kharif,Soyabean,1601.6,1696.4
Madhya Pradesh,Indore,2006,Kharif,Jowar,2259.1,3103.4
West Bengal,Nadia,2004,Whole Year,Potato,2221.8,58271.0
Madhya Pradesh,Bhopal,2011,Whole Year,Rice,3479.5,8982.0
Bihar,Bhagalpur,2003,Rabi,Potato,3064.1,52533.8
Maharashtra,Pune,2007,Kharif,Cotton,2542.8,1368.6
Andhra Pradesh,Nellore,2013,Rabi,Groundnut,4129.9,5466.8
Uttar Pradesh,Kanpur,2006,Rabi,Potato,1755.3,35790.9
Bihar,Gaya,2009,Kharif,Soyabean,4254.8,4429.4
Maharashtra,Pune,2006,Whole Year,Rice,1764.0,6402.7
Punjab,Amritsar,2001,Kharif,Cotton,1623.8,755.1
Uttar Pradesh,Kanpur,2008,Rabi,Wheat,3022.2,8709.2
Maharashtra,Pune,2011,Rabi,Wheat,1131.0,4786.4
Punjab,Patiala,2008,Kharif,Groundnut,7802.5,11683.5
Tamil Nadu,Thanjavur,2012,Whole Year,Sugarcane,2711.8,232456.2
Maharashtra,Nagpur,2012,Whole Year,Rice,1507.3,4519.2
Maharashtra,Pune,2002,Rabi,Gram,4151.7,5815.2
West Bengal,Bardhaman,2009,Whole Year,Sugarcane,2920.1,238561.6
Andhra Pradesh,Nellore,2001,Rabi,Mustard,10323.3,18863.3
Tamil Nadu,Salem,2002,Whole Year,Rice,2031.6,4688.8
Tamil Nadu,Coimbatore,2009,Rabi,Wheat,2314.4,7479.6
Karnataka,Belgaum,2002,Rabi,Onion,3924.4,60547.1
West Bengal,Nadia,2014,Kharif,Bajra,2145.0,2257.6
Andhra Pradesh,Guntur,2004,Rabi,Gram,784.0,673.2
Andhra Pradesh,Guntur,2010,Rabi,Maize,1680.2,5052.4
Punjab,Patiala,2011,Whole Year,Sugarcane,1489.1,140843.6
Madhya Pradesh,Indore,2008,Rabi,Gram,3558.4,2729.7
Maharashtra,Nagpur,2006,Kharif,Bajra,763.0,1172.8
Tamil Nadu,Salem,2001,Kharif,Rice,1238.9,2849.9
West Bengal,Hooghly,2003,Kharif,Soyabean,2384.9,2521.7
Bihar,Patna,2005,Whole Year,Sugarcane,4972.1,313689.4
Uttar Pradesh,Kanpur,2005,Kharif,Onion,2204.0,29523.0
Karnataka,Belgaum,2008,Kharif,Groundnut,2193.1,2766.7
Bihar,Patna,2002,Kharif,Cotton,4945.5,2400.9
Uttar Pradesh,Kanpur,2013,Rabi,Potato,2374.1,52831.3
Maharashtra,Pune,2012,Rabi,Gram,943.5,551.9
Karnataka,Hassan,2010,Rabi,Onion,4438.1,77686.1
Maharashtra,Nagpur,2002,Whole Year,Rice,1317.4,3621.4
West Bengal,Hooghly,2014,Kharif,Bajra,1336.6,1581.4
Haryana,Rohtak,2012,Whole Year,Banana,3566.8,
Bihar,Gaya,2009,Kharif,Rice,4110.9,10779.6
Bihar,Bhagalpur,2013,Rabi,Jowar,3106.4,3291.0
Tamil Nadu,Salem,2011,Whole Year,Banana,3502.8,80521.7
Madhya Pradesh,Bhopal,2009,Rabi,Maize,4901.5,11593.3
Uttar Pradesh,Kanpur,2005,Rabi,Groundnut,3060.9,3760.0
Bihar,Bhagalpur,2002,Kharif,Groundnut,2318.4,3398.3
Maharashtra,Pune,2004,Kharif,Onion,1557.6,33610.8
Maharashtra,Nagpur,2009,Kharif,Rice,4452.0,15245.6
Punjab,Amritsar,2005,Rabi,Groundnut,2472.6,1664.5
Bihar,Bhagalpur,2011,Rabi,Mustard,3349.5,4483.1
Karnataka,Hassan,2004,Kharif,Cotton,2848.0,1107.7
Madhya Pradesh,Ujjain,2013,Kharif,Cotton,2913.8,1907.4
West Bengal,Bardhaman,2003,Kharif,Jowar,1905.5,2269.1
Haryana,Karnal,2012,Kharif,Cotton,3887.8,1451.5
Karnataka,Mysore,2011,Kharif,Tur,2087.6,2051.4
Uttar Pradesh,Kanpur,2002,Rabi,Onion,2295.4,28285.1
Tamil Nadu,Thanjavur,2007,Rabi,Jowar,2327.8,2125.2
Punjab,Ludhiana,2005,Kharif,Maize,2775.6,6630.6
West Bengal,Nadia,2007,Whole Year,Potato,2934.7,90405.6
Haryana,Hisar,2009,Whole Year,Rice,1256.3,3493.6
West Bengal,Bardhaman,2013,Kharif,Rice,1243.2,4147.6
West Bengal,Bardhaman,2009,Rabi,Onion,1660.0,30044.0
Haryana,Hisar,2005,Kharif,Groundnut,1947.1,1842.9
Haryana,Hisar,2009,Rabi,Groundnut,2507.6,3120.4
Bihar,Patna,2002,Kharif,Rice,7295.7,20836.0
Uttar Pradesh,Meerut,2010,Kharif,Groundnut,4699.5,6430.8
Uttar Pradesh,Kanpur,2007,Whole Year,Sugarcane,6864.9,509514.7
West Bengal,Bardhaman,2010,Rabi,Onion,3166.0,55549.0
Madhya Pradesh,Ujjain,2002,Kharif,Cotton,872.8,326.3
West Bengal,Hooghly,2005,Rabi,Groundnut,2105.3,3105.4
Uttar Pradesh,Meerut,2006,Rabi,Maize,2519.4,5480.4
Andhra Pradesh,Krishna,2011,Kharif,Cotton,4771.4,1655.0
Haryana,Hisar,2011,Rabi,Groundnut,2788.5,3836.5
Karnataka,Belgaum,2009,Rabi,Mustard,6878.2,10942.0
Uttar Pradesh,Kanpur,2009,Kharif,Jowar,4217.0,4415.4
Haryana,Rohtak,2003,Kharif,Tur,4587.7,3919.6
Tamil Nadu,Coimbatore,2007,Whole Year,Potato,1026.1,17834.1
Uttar Pradesh,Meerut,2009,Whole Year,Sugarcane,10133.0,679491.5
Uttar Pradesh,Lucknow,2008,Whole Year,Potato,4641.6,83512.6
Madhya Pradesh,Indore,2014,Rabi,Maize,1567.7,5340.8
Bihar,Patna,2011,Rabi,Mustard,3501.7,5236.0
Karnataka,Hassan,2011,Kharif,Soyabean,1770.2,2130.1
Maharashtra,Pune,2008,Kharif,Maize,1359.4,
Haryana,Karnal,2011,Whole Year,Banana,5830.5,157598.5
Madhya Pradesh,Bhopal,2010,Kharif,Rice,2544.2,7947.1
West Bengal,Bardhaman,2010,Rabi,Gram,1658.2,1463.5
West Bengal,Hooghly,2014,Whole Year,Sugarcane,3075.8,254626.4
Punjab,Ludhiana,2002,Kharif,Rice,3651.6,11496.5
Maharashtra,Pune,2010,Kharif,Soyabean,2137.5,2874.1
Haryana,Karnal,2012,Whole Year,Potato,5425.5,117274.6
Karnataka,Belgaum,2011,Rabi,Onion,1673.3,34957.8
Maharashtra,Nagpur,2003,Kharif,Bajra,2267.4,3090.6
Uttar Pradesh,Lucknow,2011,Rabi,Mustard,7754.7,11408.3
Uttar Pradesh,Kanpur,2008,Kharif,Groundnut,2471.0,1988.8
Uttar Pradesh,Lucknow,2010,Rabi,Mustard,556.3,824.6
Andhra Pradesh,Krishna,2013,Whole Year,Rice,4797.2,18410.2
Karnataka,Belgaum,2011,Kharif,Onion,1727.4,27474.8
Haryana,Karnal,2007,Kharif,Rice,5875.1,13418.5
Punjab,Ludhiana,2013,Rabi,Maize,3905.3,12189.9
Uttar Pradesh,Lucknow,2003,Kharif,Maize,3595.2,7513.2
Tamil Nadu,Salem,2012,Rabi,Jowar,1983.6,1757.3
Maharashtra,Nagpur,2006,Whole Year,Banana,5115.8,191699.1
Karnataka,Mysore,2001,Kharif,Maize,3047.2,6546.9
Haryana,Hisar,2007,Kharif,Maize,5064.4,9610.7
Bihar,Patna,2014,Whole Year,Sugarcane,2788.3,170748.7
Haryana,Karnal,2014,Kharif,Jowar,2887.9,2229.9
West Bengal,Hooghly,2005,Rabi,Jowar,2459.3,2379.2
Tamil Nadu,Thanjavur,2014,Rabi,Jowar,3044.9,3081.6
Uttar Pradesh,Meerut,2004,Kharif,Cotton,3210.4,1326.3
Tamil Nadu,Coimbatore,2009,Kharif,Cotton,3629.9,1011.4
Haryana,Karnal,2003,Whole Year,Banana,2662.0,51392.3
Madhya Pradesh,Bhopal,2005,Whole Year,Rice,1858.3,5823.6
Uttar Pradesh,Lucknow,2011,Kharif,Groundnut,4077.3,6598.7
Punjab,Ludhiana,2006,Kharif,Rice,2640.2,8033.0
Tamil Nadu,Thanjavur,2014,Rabi,Gram,2152.8,1911.5
Uttar Pradesh,Meerut,2004,Rabi,Jowar,6939.7,6204.4
Haryana,Karnal,2005,Kharif,Jowar,2013.0,1653.7
Bihar,Patna,2001,Rabi,Onion,1787.4,26197.0
Madhya Pradesh,Bhopal,2014,Kharif,Onion,1158.4,22100.1
West Bengal,Bardhaman,2009,Rabi,Gram,6487.6,
Maharashtra,Pune,2009,Kharif,Soyabean,3807.7,5299.0
Bihar,Patna,2008,Kharif,Onion,3170.4,45489.5
Andhra Pradesh,Nellore,2006,Rabi,Potato,1187.0,34805.2
Maharashtra,Nashik,2012,Kharif,Maize,2358.7,8092.8
Haryana,Hisar,2012,Whole Year,Sugarcane,2363.8,172059.4
West Bengal,Nadia,2001,Kharif,Soyabean,2933.7,3785.7
Karnataka,Belgaum,2001,Kharif,Jowar,7584.0,6578.3
Punjab,Patiala,2005,Kharif,Tur,2236.1,1967.2
Punjab,Amritsar,2006,Rabi,Onion,3306.6,58294.7
West Bengal,Hooghly,2011,Rabi,Potato,3262.3,78161.7
Punjab,Ludhiana,2006,Rabi,Mustard,5518.0,8864.1
Maharashtra,Pune,2009,Rabi,Maize,3188.9,11203.3
Bihar,Patna,2010,Rabi,Gram,1781.0,1987.0
Haryana,Rohtak,2004,Kharif,Soyabean,6694.7,8940.0
Tamil Nadu,Coimbatore,2001,Rabi,Wheat,1682.1,3748.0
Maharashtra,Pune,2007,Whole Year,Sugarcane,2364.4,219859.1
Tamil Nadu,Salem,2012,Kharif,Rice,6674.3,14525.9
Karnataka,Belgaum,2007,Kharif,Soyabean,2141.4,1938.9
West Bengal,Nadia,2005,Kharif,Cotton,2479.6,1471.0
West Bengal,Hooghly,2012,Whole Year,Banana,3018.1,153786.5
Madhya Pradesh,Ujjain,2011,Whole Year,Sugarcane,1153.6,70308.1
Andhra Pradesh,Nellore,2008,Whole Year,Banana,5246.3,240812.6
West Bengal,Hooghly,2008,Rabi,Mustard,1808.2,2609.5
Maharashtra,Nagpur,2002,Kharif,Groundnut,2384.0,3202.4
Haryana,Rohtak,2009,Rabi,Potato,976.2,17751.3
Uttar Pradesh,Lucknow,2011,Whole Year,Rice,3961.8,9209.7
Tamil Nadu,Coimbatore,2012,Rabi,Wheat,5056.6,15023.9
Punjab,Amritsar,2010,Rabi,Maize,2397.0,7283.0
Madhya Pradesh,Indore,2005,Rabi,Gram,4539.7,3341.9
Andhra Pradesh,Nellore,2006,Rabi,Onion,4991.1,76388.9
Punjab,Amritsar,2007,Rabi,Wheat,893.2,2949.7
Andhra Pradesh,Nellore,2011,Rabi,Wheat,1336.8,5389.9
West Bengal,Nadia,2005,Kharif,Onion,1906.1,36696.5
Maharashtra,Pune,2009,Kharif,Maize,1137.4,3920.4
Madhya Pradesh,Bhopal,2011,Kharif,Tur,1409.0,1087.1
Haryana,Karnal,2008,Rabi,Jowar,6855.9,2426.2
Tamil Nadu,Salem,2003,Kharif,Bajra,9647.5,12403.1
Bihar,Bhagalpur,2002,Rabi,Maize,1853.3,3701.0
Uttar Pradesh,Lucknow,2007,Kharif,Maize,2321.4,4804.0
Bihar,Gaya,2002,Whole Year,Rice,2060.8,4802.2
West Bengal,Hooghly,2007,Rabi,Gram,8872.9,10625.8
Maharashtra,Nagpur,2012,Kharif,Soyabean,2660.7,3870.6
Punjab,Patiala,2014,Rabi,Maize,2343.3,6913.0
Karnataka,Hassan,2011,Rabi,Onion,6871.9,105484.8
Haryana,Karnal,2013,Kharif,Rice,1640.3,4798.9
Punjab,Amritsar,2002,Kharif,Groundnut,2684.3,2796.7
Tamil Nadu,Coimbatore,2004,Rabi,Maize,1632.8,2640.8
Haryana,Rohtak,2012,Whole Year,Sugarcane,3614.6,242431.4
Andhra Pradesh,Nellore,2012,Kharif,Jowar,2529.6,2932.4
West Bengal,Bardhaman,2012,Whole Year,Potato,4223.3,106671.9
Karnataka,Belgaum,2012,Kharif,Tur,3230.8,3029.1
Haryana,Hisar,2013,Kharif,Rice,1332.6,3136.2
Tamil Nadu,Coimbatore,2009,Rabi,Groundnut,5143.1,5852.0
West Bengal,Bardhaman,2006,Whole Year,Rice,5665.4,17508.3
Punjab,Ludhiana,2006,Kharif,Maize,1971.4,5418.4
West Bengal,Nadia,2004,Whole Year,Rice,1372.2,4614.7
West Bengal,Hooghly,2012,Kharif,Groundnut,2817.4,3677.7
Karnataka,Mysore,2001,Rabi,Onion,5848.3,
Andhra Pradesh,Nellore,2013,Rabi,Onion,4160.7,98940.2
Karnataka,Belgaum,2008,Rabi,Gram,4093.1,4124.5
Karnataka,Hassan,2002,Rabi,Onion,1862.0,24145.0
Haryana,Rohtak,2007,Kharif,Bajra,2687.9,2955.0
Punjab,Patiala,2013,Kharif,Soyabean,,3803.6
Andhra Pradesh,Nellore,2003,Kharif,Jowar,1466.8,1696.4
Uttar Pradesh,Meerut,2006,Kharif,Jowar,2272.5,2081.7
West Bengal,Nadia,2004,Kharif,Soyabean,5772.4,6827.6
Karnataka,Hassan,2010,Kharif,Rice,4600.5,11800.6
Haryana,Hisar,2006,Kharif,Maize,5776.4,11123.5
Maharashtra,Nagpur,2012,Kharif,Cotton,1275.3,
Bihar,Bhagalpur,2001,Whole Year,Banana,1167.7,35848.4
Madhya Pradesh,Ujjain,2009,Kharif,Onion,2301.6,33144.2
Madhya Pradesh,Indore,2004,Kharif,Onion,5912.8,117127.6
Haryana,Karnal,2001,Rabi,Potato,,329902.4
Uttar Pradesh,Meerut,2012,Rabi,Onion,2602.8,43097.5
Karnataka,Mysore,2010,Kharif,Jowar,2587.3,3282.0
West Bengal,Hooghly,2010,Kharif,Maize,3740.0,12301.1
Punjab,Patiala,2013,Rabi,Gram,2267.7,2703.5
West Bengal,Hooghly,2007,Whole Year,Banana,3558.1,101262.4
Tamil Nadu,Salem,2004,Rabi,Mustard,3023.6,3867.2
Punjab,Amritsar,2014,Kharif,Jowar,986.3,922.5
West Bengal,Hooghly,2006,Rabi,Gram,4829.4,4757.2
Andhra Pradesh,Nellore,2008,Kharif,Groundnut,1975.3,3273.0
West Bengal,Bardhaman,2001,Whole Year,Sugarcane,1833.6,127617.5
Punjab,Amritsar,2005,Rabi,Potato,4773.2,120039.7
Madhya Pradesh,Indore,2005,Rabi,Mustard,3412.3,6686.2
Bihar,Bhagalpur,2009,Kharif,Jowar,4370.4,4670.5
Tamil Nadu,Thanjavur,2007,Rabi,Groundnut,1414.4,1329.1
Punjab,Ludhiana,2010,Kharif,Maize,4578.4,12615.4
Andhra Pradesh,Krishna,2006,Kharif,Onion,5028.9,107422.1
Andhra Pradesh,Nellore,2014,Rabi,Jowar,3346.2,5980.8
Tamil Nadu,Coimbatore,2009,Kharif,Jowar,1562.3,1481.8
Tamil Nadu,Coimbatore,2003,Kharif,Tur,3921.0,2286.1
Andhra Pradesh,Nellore,2001,Whole Year,Sugarcane,3266.3,245025.8
Maharashtra,Nagpur,2014,Kharif,Cotton,602.9,296.0
Uttar Pradesh,Lucknow,2001,Kharif,Rice,3165.3,6912.9
Andhra Pradesh,Nellore,2009,Kharif,Rice,1054.5,3121.3
Bihar,Gaya,2008,Kharif,Cotton,3057.4,1810.1
West Bengal,Bardhaman,2003,Rabi,Gram,2587.7,2291.7
Punjab,Amritsar,2003,Kharif,Soyabean,1499.5,1226.0
Punjab,Ludhiana,2006,Whole Year,Banana,,92981.2
Tamil Nadu,Coimbatore,2010,Rabi,Gram,6996.2,3069.5
Uttar Pradesh,Meerut,2012,Rabi,Wheat,3556.7,11981.4
Andhra Pradesh,Guntur,2010,Whole Year,Sugarcane,2477.2,191839.7
Tamil Nadu,Salem,2002,Kharif,Onion,893.5,5837.6
Tamil Nadu,Coimbatore,2008,Kharif,Jowar,4374.2,2183.7
Punjab,Amritsar,2011,Rabi,Groundnut,1685.2,2267.1
Karnataka,Mysore,2012,Kharif,Onion,3103.8,41788.3
Andhra Pradesh,Krishna,2014,Rabi,Jowar,6156.2,6791.0
Karnataka,Hassan,2008,Kharif,Cotton,4382.8,2732.6
Andhra Pradesh,Nellore,2010,Whole Year,Rice,2009.2,6347.6
Maharashtra,Nashik,2014,Kharif,Jowar,2946.9,3730.8
West Bengal,Hooghly,2013,Whole Year,Rice,1356.1,4091.3
Tamil Nadu,Coimbatore,2008,Whole Year,Sugarcane,3866.2,232370.4
Uttar Pradesh,Meerut,2002,Kharif,Jowar,5187.0,5068.4
Punjab,Ludhiana,2009,Whole Year,Potato,9995.7,272948.9
West Bengal,Hooghly,2004,Rabi,Wheat,4774.2,13134.6
Bihar,Patna,2013,Rabi,Jowar,1547.6,2137.9
Tamil Nadu,Coimbatore,2014,Kharif,Cotton,6264.9,3129.1
West Bengal,Hooghly,2007,Kharif,Maize,2536.7,9343.6
Madhya Pradesh,Ujjain,2012,Kharif,Tur,3252.6,2933.7
Bihar,Patna,2011,Kharif,Tur,2837.9,3331.1
Haryana,Hisar,2008,Kharif,Maize,5250.8,12197.6
Punjab,Ludhiana,2005,Kharif,Cotton,955.9,489.4
Haryana,Rohtak,2009,Rabi,Mustard,3335.3,4444.7
Bihar,Patna,2008,Kharif,Jowar,6174.4,6836.0
Maharashtra,Pune,2007,Kharif,Bajra,1645.5,2609.0
Uttar Pradesh,Meerut,2014,Kharif,Onion,3063.6,56653.5
Punjab,Ludhiana,2014,Rabi,Mustard,4895.8,9921.3
Punjab,Patiala,2003,Whole Year,Rice,1269.0,3635.1
West Bengal,Nadia,2005,Kharif,Rice,3928.4,12474.3
Tamil Nadu,Salem,2001,Whole Year,Banana,2488.9,41340.7
Uttar Pradesh,Lucknow,2007,Kharif,Rice,2078.1,6002.6
Haryana,Karnal,2009,Rabi,Wheat,3050.0,7908.6
Uttar Pradesh,Lucknow,2008,Rabi,Wheat,1409.6,3434.7
West Bengal,Nadia,2008,Kharif,Soyabean,2535.1,3845.5
Madhya Pradesh,Indore,2010,Kharif,Tur,2751.1,3053.4
Karnataka,Belgaum,2012,Whole Year,Potato,2196.7,58354.9
Madhya Pradesh,Ujjain,2002,Kharif,Onion,1977.7,27028.9
West Bengal,Hooghly,2011,Whole Year,Rice,897.6,2911.1
Uttar Pradesh,Meerut,2004,Rabi,Wheat,1060.3,3093.3
Bihar,Bhagalpur,2002,Kharif,Jowar,3592.6,3822.9
Karnataka,Mysore,2013,Kharif,Cotton,1683.9,1277.7
Punjab,Ludhiana,2003,Kharif,Onion,2293.6,37710.0
Haryana,Rohtak,2002,Kharif,Groundnut,2118.8,2977.5
Maharashtra,Pune,2001,Kharif,Cotton,5267.0,2531.4
Bihar,Gaya,2003,Kharif,Groundnut,1958.2,2970.7
Punjab,Ludhiana,2009,Rabi,Mustard,5472.1,9351.0
West Bengal,Bardhaman,2005,Kharif,Onion,2074.7,28878.3
Madhya Pradesh,Bhopal,2002,Rabi,Maize,6646.2,20315.0
Tamil Nadu,Thanjavur,2009,Rabi,Groundnut,3514.1,3448.5
Madhya Pradesh,Indore,2001,Rabi,Gram,2799.5,2756.1
Karnataka,Mysore,2006,Kharif,Groundnut,287.3,337.1
Tamil Nadu,Salem,2011,Rabi,Wheat,3357.7,9860.8
Uttar Pradesh,Meerut,2001,Kharif,Cotton,4306.6,2146.6
Andhra Pradesh,Krishna,2004,Whole Year,Sugarcane,6201.6,515188.1
Bihar,Patna,2002,Rabi,Groundnut,1807.3,3305.3
Tamil Nadu,Coimbatore,2002,Rabi,Jowar,2866.4,2765.5
Bihar,Bhagalpur,2006,Whole Year,Potato,1156.0,21937.8
Madhya Pradesh,Indore,2010,Rabi,Gram,737.3,684.1
Karnataka,Hassan,2003,Kharif,Rice,7245.2,11581.8
Karnataka,Mysore,2008,Whole Year,Potato,645.0,13951.9
Bihar,Gaya,2005,Rabi,Mustard,1520.3,2265.4
Uttar Pradesh,Kanpur,2001,Kharif,Onion,2554.1,21510.1
Karnataka,Mysore,2014,Rabi,Gram,3258.7,3516.2
Punjab,Amritsar,2007,Whole Year,Banana,2220.5,108254.6
Punjab,Patiala,2008,Kharif,Soyabean,3506.6,4703.8
West Bengal,Hooghly,2004,Rabi,Groundnut,2723.3,2798.5
Madhya Pradesh,Indore,2006,Kharif,Onion,1488.6,29774.5
Bihar,Patna,2006,Kharif,Tur,5563.9,5052.6
Maharashtra,Pune,2002,Kharif,Groundnut,1162.9,1998.2
West Bengal,Bardhaman,2011,Kharif,Jowar,3633.4,3326.0
Madhya Pradesh,Ujjain,2007,Whole Year,Banana,4274.8,130582.0
Uttar Pradesh,Kanpur,2013,Kharif,Bajra,4563.6,7463.5
Madhya Pradesh,Indore,2008,Whole Year,Sugarcane,2069.7,203378.9
Bihar,Bhagalpur,2011,Whole Year,Rice,1152.8,3415.1
Punjab,Ludhiana,2007,Kharif,Maize,931.8,2279.7
Maharashtra,Pune,2009,Rabi,Groundnut,2783.8,4351.7
Tamil Nadu,Salem,2005,Whole Year,Banana,4495.5,145190.1
Maharashtra,Pune,2010,Rabi,Onion,2897.4,59300.5
Punjab,Ludhiana,2003,Kharif,Groundnut,7947.4,11871.2
Madhya Pradesh,Ujjain,2004,Kharif,Groundnut,2423.4,3685.9
Andhra Pradesh,Nellore,2007,Rabi,Gram,4165.4,4605.7
Karnataka,Belgaum,2013,Rabi,Jowar,1351.5,1305.4
Karnataka,Hassan,2009,Kharif,Jowar,2932.5,2586.9
Maharashtra,Pune,2003,Kharif,Groundnut,6210.5,6056.5
Punjab,Amritsar,2011,Rabi,Onion,,93234.2
Maharashtra,Pune,2008,Whole Year,Sugarcane,1632.6,147035.6
Maharashtra,Nagpur,2011,Rabi,Onion,1883.7,28046.6
Haryana,Rohtak,2014,Kharif,Tur,3824.6,3624.3
Tamil Nadu,Thanjavur,2001,Rabi,Potato,4578.7,87189.8
Uttar Pradesh,Meerut,2002,Kharif,Rice,986.8,2416.7
Punjab,Ludhiana,2013,Kharif,Tur,2977.0,3019.7
Bihar,Patna,2014,Kharif,Bajra,1540.1,2643.5
Karnataka,Belgaum,2005,Rabi,Groundnut,2723.6,2829.0
Madhya Pradesh,Indore,2006,Kharif,Rice,4643.5,14010.2
Karnataka,Belgaum,2012,Rabi,Wheat,1950.2,6992.1
Tamil Nadu,Thanjavur,2003,Kharif,Rice,2045.1,5066.2
Karnataka,Hassan,2012,Kharif,Jowar,1984.1,1907.4
West Bengal,Bardhaman,2003,Whole Year,Rice,,3055.4
Karnataka,Belgaum,2011,Kharif,Tur,4158.2,1326.9
Madhya Pradesh,Indore,2008,Rabi,Onion,4153.2,60344.7
West Bengal,Hooghly,2005,Rabi,Maize,3704.4,10541.3
Maharashtra,Pune,2007,Kharif,Soyabean,1289.6,1935.7
Karnataka,Belgaum,2006,Rabi,Mustard,5019.2,9398.4
Karnataka,Belgaum,2004,Kharif,Tur,5148.7,4336.5
Madhya Pradesh,Indore,2013,Whole Year,Sugarcane,2991.5,267748.7
Uttar Pradesh,Meerut,2002,Kharif,Cotton,5772.2,3012.2
Andhra Pradesh,Krishna,2002,Kharif,Rice,2200.0,4770.1
Andhra Pradesh,Guntur,2004,Kharif,Bajra,10155.2,14849.6
Andhra Pradesh,Nellore,2003,Whole Year,Rice,,29402.6
Madhya Pradesh,Bhopal,2009,Kharif,Jowar,4630.6,6119.9
Haryana,Rohtak,2006,Whole Year,Banana,1710.4,67303.9
Bihar,Bhagalpur,2009,Rabi,Jowar,1606.3,1558.4
Andhra Pradesh,Nellore,2006,Kharif,Bajra,3857.0,5028.4
Uttar Pradesh,Kanpur,2002,Whole Year,Sugarcane,3191.1,234065.1
Andhra Pradesh,Krishna,2005,Rabi,Wheat,1785.2,6791.2
Karnataka,Hassan,2014,Kharif,Jowar,5931.4,7537.0
West Bengal,Nadia,2002,Kharif,Onion,10023.7,174804.9
Madhya Pradesh,Indore,2001,Rabi,Mustard,2280.4,3087.3
Andhra Pradesh,Guntur,2012,Kharif,Tur,867.7,923.2
Madhya Pradesh,Indore,2013,Rabi,Onion,2812.1,46446.5
Tamil Nadu,Coimbatore,2013,Kharif,Groundnut,5073.9,4837.5
Uttar Pradesh,Lucknow,2002,Rabi,Potato,2939.5,42471.3
Punjab,Patiala,2010,Rabi,Wheat,2885.7,13896.1
West Bengal,Hooghly,2003,Whole Year,Rice,1941.2,7170.2
Uttar Pradesh,Meerut,2004,Kharif,Rice,2140.8,5465.6
Haryana,Hisar,2010,Kharif,Rice,2161.4,5844.3
Tamil Nadu,Thanjavur,2012,Rabi,Potato,5453.3,169190.7
Tamil Nadu,Coimbatore,2014,Whole Year,Potato,2158.8,45895.7
West Bengal,Hooghly,2001,Whole Year,Sugarcane,4555.5,315967.0
Karnataka,Hassan,2007,Kharif,Soyabean,665.7,674.7
Maharashtra,Nashik,2008,Kharif,Rice,4882.2,17823.7
Haryana,Karnal,2010,Kharif,Maize,1373.1,2362.1
West Bengal,Hooghly,2002,Whole Year,Banana,1874.9,56380.0
Haryana,Hisar,2010,Rabi,Maize,4028.2,9615.3
Haryana,Karnal,2013,Kharif,Jowar,2333.0,2481.9
Madhya Pradesh,Bhopal,2011,Rabi,Jowar,,4162.0
West Bengal,Hooghly,2011,Rabi,Groundnut,2559.6,2783.7
Punjab,Ludhiana,2006,Rabi,Potato,3094.9,67604.6
West Bengal,Nadia,2006,Whole Year,Potato,1652.9,50301.8
West Bengal,Bardhaman,2008,Rabi,Wheat,1277.6,3873.5
Maharashtra,Nagpur,2010,Kharif,Onion,2675.9,59799.9
Andhra Pradesh,Krishna,2011,Kharif,Jowar,2110.2,2145.1
Uttar Pradesh,Meerut,2005,Whole Year,Rice,4569.1,
Madhya Pradesh,Ujjain,2014,Rabi,Groundnut,1873.1,2701.7
Andhra Pradesh,Krishna,2011,Whole Year,Sugarcane,2601.9,238810.7
Bihar,Patna,2001,Rabi,Jowar,6935.7,8681.5
Andhra Pradesh,Guntur,2003,Rabi,Gram,5950.3,6683.1
Tamil Nadu,Thanjavur,2013,Kharif,Rice,10140.2,28881.6
Tamil Nadu,Thanjavur,2007,Rabi,Wheat,4219.8,12275.9
Punjab,Amritsar,2010,Rabi,Groundnut,4182.2,3674.1
Maharashtra,Nagpur,2013,Rabi,Mustard,6236.1,12093.4
Andhra Pradesh,Guntur,2005,Kharif,Tur,2880.2,2424.0
West Bengal,Hooghly,2007,Kharif,Onion,2556.6,29819.8
Haryana,Karnal,2004,Rabi,Potato,5940.6,81872.2
Karnataka,Hassan,2007,Rabi,Maize,3420.6,7580.4
Tamil Nadu,Thanjavur,2005,Whole Year,Banana,3502.6,141070.9
Bihar,Bhagalpur,2012,Kharif,Rice,1326.1,3505.1
Punjab,Ludhiana,2014,Kharif,Maize,1336.4,5684.3
West Bengal,Bardhaman,2005,Rabi,Gram,4522.8,4759.1
Tamil Nadu,Thanjavur,2011,Whole Year,Potato,6028.5,99111.1
Uttar Pradesh,Lucknow,2012,Rabi,Gram,7824.8,5767.0
Uttar Pradesh,Meerut,2013,Rabi,Jowar,2693.4,2940.2
Madhya Pradesh,Bhopal,2008,Whole Year,Rice,9967.7,34917.1
Madhya Pradesh,Bhopal,2005,Rabi,Maize,3018.0,10563.2
West Bengal,Bardhaman,2007,Whole Year,Banana,1516.0,78477.7
Tamil Nadu,Thanjavur,2004,Kharif,Cotton,1434.8,662.9
Madhya Pradesh,Bhopal,2013,Whole Year,Sugarcane,4649.0,410448.6
Haryana,Hisar,2012,Kharif,Maize,2551.6,5784.8
Tamil Nadu,Thanjavur,2009,Whole Year,Rice,1190.7,3132.1
Maharashtra,Pune,2003,Rabi,Onion,1538.6,23692.7
Andhra Pradesh,Nellore,2014,Kharif,Rice,3133.4,10068.0
Madhya Pradesh,Bhopal,2008,Rabi,Onion,3519.2,77186.1
Bihar,Patna,2001,Kharif,Tur,1887.0,2053.9
Karnataka,Hassan,2006,Rabi,Wheat,2433.8,7762.5
Haryana,Karnal,2007,Kharif,Maize,2792.5,6156.7
Andhra Pradesh,Krishna,2009,Whole Year,Rice,1817.5,5756.6
Tamil Nadu,Coimbatore,2012,Whole Year,Rice,9329.6,22928.2
Punjab,Amritsar,2006,Whole Year,Sugarcane,2153.7,158287.6
Andhra Pradesh,Nellore,2003,Rabi,Mustard,6034.2,9575.1
West Bengal,Nadia,2003,Rabi,Gram,4514.6,5306.2
Bihar,Bhagalpur,2014,Kharif,Groundnut,1076.5,1349.5
Maharashtra,Nashik,2009,Rabi,Gram,2408.4,3495.8
Karnataka,Belgaum,2001,Rabi,Onion,2960.2,36055.1
Maharashtra,Pune,2004,Rabi,Groundnut,3932.6,5578.9
Tamil Nadu,Thanjavur,2008,Rabi,Jowar,1525.1,
Haryana,Karnal,2005,Kharif,Rice,3152.8,5206.2
Haryana,Hisar,2014,Rabi,Maize,4754.8,8276.4
Bihar,Gaya,2006,Kharif,Tur,3223.8,2769.2
Maharashtra,Nashik,2009,Kharif,Cotton,1577.6,869.5
Haryana,Hisar,2012,Rabi,Groundnut,494.9,463.9
Karnataka,Hassan,2007,Rabi,Mustard,2030.2,2560.6
Uttar Pradesh,Lucknow,2005,Whole Year,Rice,2802.9,7368.4
Bihar,Patna,2005,Rabi,Wheat,1330.8,4940.4
West Bengal,Hooghly,2014,Kharif,Onion,7221.2,120366.8
Uttar Pradesh,Kanpur,2009,Kharif,Onion,3700.8,57587.7
Madhya Pradesh,Ujjain,2002,Kharif,Groundnut,2692.6,3852.7
Punjab,Amritsar,2006,Kharif,Soyabean,603.8,648.9
Tamil Nadu,Coimbatore,2003,Rabi,Onion,1725.9,25851.5
West Bengal,Hooghly,2002,Whole Year,Sugarcane,2368.1,134430.4
Punjab,Patiala,2003,Whole Year,Banana,7180.9,297519.9
Tamil Nadu,Thanjavur,2002,Rabi,Potato,4185.8,89744.6
Madhya Pradesh,Ujjain,2012,Rabi,Groundnut,3593.6,4970.4
Madhya Pradesh,Bhopal,2002,Kharif,Groundnut,7957.0,11389.5
Haryana,Hisar,2001,Kharif,Groundnut,587.3,711.2
Andhra Pradesh,Krishna,2013,Rabi,Wheat,6007.6,22009.6
Maharashtra,Nashik,2010,Whole Year,Rice,4255.7,15138.7
Karnataka,Belgaum,2013,Whole Year,Potato,2282.9,44876.4
Madhya Pradesh,Indore,2012,Kharif,Bajra,2968.4,5862.1
Madhya Pradesh,Bhopal,2003,Whole Year,Banana,1876.2,76558.8
Bihar,Bhagalpur,2013,Kharif,Maize,3133.0,7375.4
Andhra Pradesh,Guntur,2012,Whole Year,Sugarcane,1261.4,109133.0
Madhya Pradesh,Ujjain,2003,Kharif,Tur,950.5,691.3
Tamil Nadu,Coimbatore,2002,Kharif,Groundnut,1979.0,
Madhya Pradesh,Indore,2004,Rabi,Mustard,981.8,1828.0
Maharashtra,Pune,2009,Kharif,Rice,5563.3,20026.7
West Bengal,Bardhaman,2003,Kharif,Onion,1899.3,39475.2
Madhya Pradesh,Indore,2014,Kharif,Bajra,3900.1,6223.5
Bihar,Patna,2014,Whole Year,Rice,1085.7,3775.7
Bihar,Bhagalpur,2004,Kharif,Rice,1726.2,4894.8
Madhya Pradesh,Bhopal,2002,Kharif,Bajra,3421.1,5599.8
Andhra Pradesh,Krishna,2005,Kharif,Cotton,3520.3,1708.4
Madhya Pradesh,Bhopal,2009,Rabi,Mustard,2126.3,3244.7
Tamil Nadu,Coimbatore,2003,Kharif,Soyabean,2979.4,3794.9
Andhra Pradesh,Guntur,2013,Kharif,Maize,7535.2,26744.0
Andhra Pradesh,Nellore,2005,Rabi,Onion,2742.9,56101.6
Bihar,Patna,2011,Whole Year,Sugarcane,4054.5,207924.6
Punjab,Amritsar,2011,Rabi,Jowar,1103.1,845.1
Bihar,Gaya,2012,Kharif,Tur,4226.2,3527.8
Andhra Pradesh,Guntur,2014,Kharif,Maize,3818.2,15552.0
Punjab,Patiala,2010,Kharif,Maize,3343.9,9160.1
Andhra Pradesh,Guntur,2010,Rabi,Potato,1939.0,55437.8
Madhya Pradesh,Bhopal,2007,Rabi,Mustard,3847.6,6115.0
West Bengal,Hooghly,2013,Rabi,Wheat,814.5,3062.0
Tamil Nadu,Coimbatore,2008,Rabi,Wheat,1851.1,4978.8
Punjab,Ludhiana,2010,Rabi,Onion,3376.9,62357.7
Uttar Pradesh,Meerut,2003,Rabi,Wheat,,6701.9
Tamil Nadu,Coimbatore,2003,Rabi,Wheat,4873.6,10877.9
Karnataka,Belgaum,2011,Rabi,Potato,2779.1,77388.4
Madhya Pradesh,Bhopal,2006,Rabi,Mustard,2142.1,3569.0
Madhya Pradesh,Indore,2008,Kharif,Maize,2022.3,6621.1
West Bengal,Bardhaman,2004,Kharif,Bajra,5563.6,6799.8
Uttar Pradesh,Lucknow,2004,Kharif,Groundnut,3031.1,2874.9
Andhra Pradesh,Nellore,2005,Kharif,Jowar,3505.4,4101.5
Karnataka,Mysore,2009,Kharif,Groundnut,4269.7,5721.6
Karnataka,Hassan,2004,Kharif,Rice,4168.8,10385.8
Haryana,Rohtak,2008,Rabi,Jowar,1766.2,1723.9
Uttar Pradesh,Kanpur,2011,Rabi,Jowar,6283.0,7321.1
Tamil Nadu,Thanjavur,2002,Rabi,Mustard,1512.3,1903.0
Tamil Nadu,Coimbatore,2003,Kharif,Rice,1530.8,3310.3
Karnataka,Mysore,2003,Rabi,Groundnut,3634.3,5369.9
Uttar Pradesh,Lucknow,2001,Kharif,Maize,2588.0,6432.7
Tamil Nadu,Salem,2009,Rabi,Maize,6293.8,10489.6
Tamil Nadu,Thanjavur,2012,Kharif,Groundnut,2602.2,3279.9
Tamil Nadu,Thanjavur,2011,Rabi,Groundnut,5158.4,6848.5
Tamil Nadu,Coimbatore,2010,Rabi,Maize,3273.7,6802.5
Andhra Pradesh,Nellore,2006,Whole Year,Rice,2615.2,8246.9
Madhya Pradesh,Bhopal,2014,Whole Year,Banana,2009.5,96551.8
Tamil Nadu,Thanjavur,2010,Whole Year,Potato,1515.7,28760.6
Punjab,Patiala,2002,Kharif,Soyabean,2199.6,2711.9
Karnataka,Hassan,2005,Rabi,Wheat,2726.8,8733.7
Bihar,Gaya,2010,Rabi,Mustard,2791.9,4191.9
Punjab,Ludhiana,2001,Rabi,Gram,1731.2,973.2
Tamil Nadu,Salem,2007,Rabi,Potato,9704.9,221583.5
Karnataka,Mysore,2012,Rabi,Jowar,6061.1,7587.3
West Bengal,Hooghly,2014,Kharif,Tur,3699.3,3578.7
Tamil Nadu,Coimbatore,2009,Rabi,Maize,3779.9,7697.6
Karnataka,Belgaum,2008,Kharif,Onion,1818.3,24992.6
Haryana,Karnal,2001,Whole Year,Potato,2351.3,24249.8
Uttar Pradesh,Kanpur,2008,Rabi,Jowar,3418.2,
Haryana,Hisar,2010,Kharif,Groundnut,5008.7,4589.6
Tamil Nadu,Thanjavur,2003,Whole Year,Rice,3390.9,7956.4
Andhra Pradesh,Nellore,2001,Kharif,Onion,4577.0,66766.5
Maharashtra,Nashik,2003,Kharif,Rice,987.3,3197.6
Andhra Pradesh,Guntur,2013,Rabi,Groundnut,1039.1,2099.1
Maharashtra,Nagpur,2011,Rabi,Groundnut,1052.1,1303.0
Punjab,Amritsar,2013,Kharif,Bajra,622.6,941.2
Maharashtra,Nashik,2012,Rabi,Mustard,1153.5,1919.3
Punjab,Amritsar,2010,Kharif,Soyabean,4412.1,4508.0
Haryana,Karnal,2009,Kharif,Jowar,2632.7,2781.8
Madhya Pradesh,Indore,2006,Rabi,Mustard,1809.2,2699.4
Karnataka,Hassan,2014,Rabi,Gram,4623.3,5028.1
Bihar,Patna,2013,Kharif,Groundnut,1374.8,1756.0
Andhra Pradesh,Krishna,2003,Rabi,Onion,4534.5,86446.1
Tamil Nadu,Thanjavur,2008,Whole Year,Sugarcane,1896.6,110516.6
West Bengal,Bardhaman,2010,Rabi,Potato,4062.5,86008.7
Maharashtra,Pune,2003,Kharif,Bajra,765.8,1262.2
Uttar Pradesh,Lucknow,2001,Kharif,Cotton,2431.0,1209.4
Haryana,Karnal,2010,Kharif,Cotton,2084.1,886.1
Andhra Pradesh,Nellore,2012,Rabi,Mustard,4151.4,7041.6
Karnataka,Belgaum,2001,Rabi,Mustard,5684.9,9259.7
Punjab,Ludhiana,2013,Kharif,Groundnut,1818.9,2269.1
West Bengal,Hooghly,2006,Rabi,Maize,4443.2,13271.2
Tamil Nadu,Salem,2010,Kharif,Rice,4270.4,6687.0
Karnataka,Mysore,2008,Kharif,Soyabean,1027.2,973.7
Maharashtra,Nashik,2010,Whole Year,Potato,3982.8,118788.5
Bihar,Patna,2005,Rabi,Groundnut,3752.6,3812.9
Bihar,Bhagalpur,2002,Rabi,Groundnut,2575.6,2943.1
Karnataka,Hassan,2005,Kharif,Onion,3999.7,49886.3
Bihar,Bhagalpur,2006,Kharif,Jowar,2648.8,1772.2
Karnataka,Mysore,2012,Kharif,Cotton,1424.8,658.4
Andhra Pradesh,Guntur,2008,Kharif,Jowar,5611.2,7430.2
Karnataka,Mysore,2001,Kharif,Jowar,4050.2,3711.3
Uttar Pradesh,Lucknow,2009,Rabi,Groundnut,1501.4,1406.8
Madhya Pradesh,Indore,2004,Kharif,Rice,5178.9,17621.2
Uttar Pradesh,Lucknow,2005,Rabi,Groundnut,5231.0,4881.9
Karnataka,Belgaum,2007,Rabi,Jowar,205.2,184.3
Maharashtra,Nashik,2004,Whole Year,Sugarcane,2789.9,
Bihar,Patna,2006,Rabi,Groundnut,1629.4,2320.8
Maharashtra,Nashik,2013,Rabi,Gram,740.8,837.0
Haryana,Hisar,2014,Kharif,Maize,2089.8,6232.7
Karnataka,Hassan,2002,Kharif,Maize,2125.5,4605.8
Haryana,Rohtak,2001,Whole Year,Sugarcane,3308.5,212758.1
Karnataka,Belgaum,2004,Rabi,Groundnut,3838.5,3710.9
Maharashtra,Nashik,2011,Kharif,Rice,1020.1,3592.7
Punjab,Amritsar,2014,Whole Year,Potato,3553.7,72160.8
Haryana,Hisar,2014,Kharif,Rice,5177.7,13008.5
Haryana,Rohtak,2005,Rabi,Potato,1780.7,41883.3
Punjab,Patiala,2001,Whole Year,Rice,1034.9,2998.1
Maharashtra,Pune,2010,Rabi,Maize,1898.6,4695.7
Haryana,Rohtak,2007,Kharif,Jowar,3061.1,3208.3
Karnataka,Belgaum,2009,Kharif,Soyabean,1239.3,1268.5
Andhra Pradesh,Krishna,2004,Kharif,Tur,2128.1,1630.0
Uttar Pradesh,Lucknow,2011,Kharif,Tur,2477.6,1642.3
Karnataka,Hassan,2003,Kharif,Cotton,708.9,198.5
West Bengal,Bardhaman,2001,Kharif,Bajra,9110.8,8294.5
Maharashtra,Pune,2010,Rabi,Mustard,2673.0,4723.4
Tamil Nadu,Coimbatore,2010,Whole Year,Potato,6206.2,115483.9
Madhya Pradesh,Bhopal,2003,Whole Year,Sugarcane,2081.0,129613.0
Maharashtra,Pune,2012,Whole Year,Rice,2061.8,7392.8
West Bengal,Bardhaman,2001,Rabi,Jowar,6558.8,4632.9
Andhra Pradesh,Nellore,2010,Kharif,Bajra,2343.7,4252.4
Karnataka,Hassan,2003,Rabi,Wheat,2723.0,7410.8
Haryana,Rohtak,2002,Rabi,Potato,2034.5,29685.1
Maharashtra,Nashik,2005,Kharif,Rice,3570.1,11171.7
Karnataka,Belgaum,2013,Rabi,Potato,3344.7,66542.2
Haryana,Hisar,2014,Kharif,Groundnut,4987.0,4827.9
Maharashtra,Nashik,2004,Kharif,Rice,4335.9,17058.0
Madhya Pradesh,Indore,2012,Kharif,Maize,3929.0,12526.9
Madhya Pradesh,Ujjain,2010,Kharif,Maize,6400.5,17563.5
Tamil Nadu,Salem,2013,Kharif,Rice,1485.2,3070.1
Tamil Nadu,Coimbatore,2014,Rabi,Groundnut,2688.1,3037.5
Madhya Pradesh,Indore,2004,Rabi,Groundnut,1623.6,2146.2
Uttar Pradesh,Meerut,2009,Kharif,Rice,2430.5,6119.7
Uttar Pradesh,Lucknow,2008,Rabi,Groundnut,3514.6,3967.7
Maharashtra,Nashik,2006,Rabi,Mustard,3947.5,7876.8
Maharashtra,Nagpur,2014,Rabi,Groundnut,1747.0,3024.7
Maharashtra,Pune,2009,Rabi,Gram,4839.2,5854.7
Haryana,Hisar,2002,Kharif,Tur,450.7,221.4
Andhra Pradesh,Nellore,2008,Rabi,Potato,9077.3,
West Bengal,Hooghly,2007,Rabi,Maize,339.3,901.9
Karnataka,Belgaum,2004,Kharif,Soyabean,3258.8,3047.1
Punjab,Ludhiana,2004,Rabi,Groundnut,4689.1,4760.8
Karnataka,Mysore,2001,Kharif,Bajra,2335.4,2386.8
Madhya Pradesh,Indore,2003,Kharif,Onion,3867.9,77582.7
Uttar Pradesh,Meerut,2007,Kharif,Rice,5749.0,15524.1
Bihar,Bhagalpur,2001,Kharif,Rice,5715.2,14335.8
Haryana,Karnal,2010,Kharif,Onion,1441.7,12580.9
Tamil Nadu,Salem,2001,Rabi,Mustard,1905.6,1633.5
Andhra Pradesh,Krishna,2008,Rabi,Gram,2465.1,2496.5
Karnataka,Mysore,2006,Whole Year,Potato,5415.8,123196.3
Tamil Nadu,Thanjavur,2009,Rabi,Jowar,2028.2,2015.5
Bihar,Patna,2006,Rabi,Jowar,5490.2,3297.0
Maharashtra,Nagpur,2013,Whole Year,Banana,3476.3,161794.4
Andhra Pradesh,Nellore,2001,Kharif,Bajra,2064.8,
Karnataka,Belgaum,2002,Rabi,Jowar,3403.4,3842.2
Madhya Pradesh,Ujjain,2011,Kharif,Onion,880.6,16768.8
Tamil Nadu,Coimbatore,2009,Kharif,Maize,2397.2,4262.5
Punjab,Amritsar,2006,Rabi,Jowar,4830.8,5818.5
Uttar Pradesh,Lucknow,2005,Rabi,Mustard,2553.5,4029.2
West Bengal,Hooghly,2006,Whole Year,Banana,3429.7,137210.7
Bihar,Gaya,2006,Kharif,Bajra,5872.0,4780.6
Bihar,Bhagalpur,2005,Whole Year,Rice,998.1,2467.3
West Bengal,Bardhaman,2010,Kharif,Bajra,3955.2,4488.6
Uttar Pradesh,Kanpur,2012,Kharif,Groundnut,515.9,785.6
Haryana,Rohtak,2014,Kharif,Maize,3648.1,10860.5
Tamil Nadu,Coimbatore,2005,Whole Year,Potato,1255.2,18098.4
Tamil Nadu,Coimbatore,2010,Kharif,Rice,3717.7,8819.5
Andhra Pradesh,Nellore,2013,Whole Year,Sugarcane,3521.5,286757.5
Karnataka,Mysore,2003,Rabi,Potato,7817.8,193111.0
Maharashtra,Pune,2011,Kharif,Rice,1267.3,4970.2
Andhra Pradesh,Nellore,2005,Whole Year,Potato,5033.8,123914.1
Andhra Pradesh,Krishna,2009,Kharif,Onion,5571.2,100850.7
Maharashtra,Nashik,2013,Rabi,Potato,3065.6,107912.6
Uttar Pradesh,Meerut,2013,Rabi,Wheat,5491.4,15056.1
Punjab,Amritsar,2007,Kharif,Groundnut,7621.4,11940.2
Uttar Pradesh,Kanpur,2010,Kharif,Bajra,1243.4,1949.9
Tamil Nadu,Coimbatore,2009,Rabi,Onion,4452.7,51758.8
Andhra Pradesh,Guntur,2001,Kharif,Cotton,4026.0,
Maharashtra,Pune,2003,Kharif,Cotton,4025.1,2285.3
Maharashtra,Nashik,2004,Rabi,Maize,4082.8,16026.6
Uttar Pradesh,Kanpur,2008,Rabi,Mustard,1546.1,1983.3
Punjab,Amritsar,2005,Kharif,Maize,770.9,1724.8
Bihar,Bhagalpur,2010,Whole Year,Sugarcane,807.1,58587.2
Maharashtra,Pune,2012,Rabi,Maize,1432.9,4608.6
Madhya Pradesh,Indore,2013,Rabi,Jowar,2230.6,3150.3
Haryana,Hisar,2003,Whole Year,Rice,6096.1,10195.7
Tamil Nadu,Salem,2004,Kharif,Rice,2669.0,4943.9
Maharashtra,Pune,2006,Kharif,Maize,2566.1,7511.3
West Bengal,Hooghly,2011,Kharif,Maize,2871.1,7854.5
Uttar Pradesh,Lucknow,2014,Rabi,Mustard,3473.1,4252.7
Uttar Pradesh,Lucknow,2009,Whole Year,Sugarcane,4446.1,264823.4
Uttar Pradesh,Kanpur,2006,Kharif,Cotton,5264.4,2171.7
West Bengal,Hooghly,2010,Rabi,Onion,3963.9,55569.6
Madhya Pradesh,Indore,2004,Kharif,Bajra,3347.9,4107.8
Bihar,Bhagalpur,2002,Kharif,Maize,2736.6,
Madhya Pradesh,Indore,2004,Kharif,Maize,1922.1,6135.6
West Bengal,Hooghly,2009,Rabi,Wheat,563.6,1878.1
Madhya Pradesh,Indore,2011,Whole Year,Rice,2778.9,10052.9
Punjab,Ludhiana,2001,Kharif,Tur,1843.4,1532.9
Haryana,Karnal,2005,Whole Year,Rice,3372.3,7442.0
Bihar,Bhagalpur,2006,Rabi,Mustard,2135.4,2903.0
Haryana,Rohtak,2004,Rabi,Groundnut,12604.4,8995.2
Karnataka,Belgaum,2005,Kharif,Tur,5405.2,5103.6
Haryana,Karnal,2011,Rabi,Potato,2516.2,35462.8
West Bengal,Hooghly,2006,Kharif,Soyabean,2706.2,3563.2
Madhya Pradesh,Bhopal,2002,Rabi,Potato,2070.4,45353.2
Maharashtra,Nagpur,2004,Whole Year,Banana,760.7,34266.2
Karnataka,Mysore,2009,Kharif,Jowar,4016.6,5152.9
Punjab,Ludhiana,2006,Kharif,Bajra,2042.8,3452.1
Punjab,Patiala,2008,Whole Year,Potato,2614.3,56563.4
Punjab,Ludhiana,2002,Whole Year,Rice,5655.5,15727.7
West Bengal,Bardhaman,2013,Kharif,Tur,3244.7,3576.1
Punjab,Amritsar,2006,Kharif,Tur,,4106.5
Punjab,Ludhiana,2003,Whole Year,Rice,4496.2,13070.2
Bihar,Patna,2009,Whole Year,Sugarcane,4168.0,260468.1
Haryana,Hisar,2012,Whole Year,Rice,2841.8,6939.3
Karnataka,Belgaum,2003,Rabi,Groundnut,3110.3,3829.2
West Bengal,Hooghly,2007,Kharif,Jowar,,4220.4
Haryana,Hisar,2014,Rabi,Onion,2021.9,35073.4
Karnataka,Belgaum,2001,Kharif,Groundnut,2176.7,2644.4
Punjab,Amritsar,2005,Rabi,Wheat,1362.7,4795.6
Bihar,Gaya,2011,Rabi,Mustard,4293.6,6920.2
Haryana,Rohtak,2014,Kharif,Groundnut,4272.3,
Karnataka,Mysore,2008,Kharif,Groundnut,2437.1,3936.5
Tamil Nadu,Coimbatore,2012,Kharif,Tur,4783.0,3628.7
Maharashtra,Nagpur,2009,Whole Year,Rice,2952.1,10055.4
Tamil Nadu,Coimbatore,2002,Rabi,Maize,4053.5,7550.0
Tamil Nadu,Thanjavur,2006,Rabi,Mustard,1355.7,2448.2
Karnataka,Belgaum,2002,Rabi,Wheat,2160.1,6601.2
Uttar Pradesh,Kanpur,2012,Rabi,Groundnut,2487.0,2967.3
Andhra Pradesh,Nellore,2001,Whole Year,Rice,874.8,2523.8
Maharashtra,Nashik,2001,Rabi,Gram,1545.4,2234.0
Karnataka,Belgaum,2011,Whole Year,Potato,2565.1,64684.5
Bihar,Bhagalpur,2005,Kharif,Maize,3624.2,9224.6
Uttar Pradesh,Meerut,2006,Kharif,Rice,4360.2,12353.0
Tamil Nadu,Thanjavur,2010,Rabi,Potato,3152.9,87104.4
Tamil Nadu,Salem,2005,Kharif,Bajra,1052.3,1034.7
Andhra Pradesh,Guntur,2001,Whole Year,Potato,2833.8,75081.6
Maharashtra,Nashik,2006,Rabi,Potato,1724.0,43249.8
Maharashtra,Pune,2001,Whole Year,Rice,1209.6,3935.6
Tamil Nadu,Coimbatore,2001,Kharif,Maize,4665.6,9683.9
Uttar Pradesh,Lucknow,2006,Whole Year,Rice,4689.3,12174.0
Bihar,Patna,2012,Kharif,Bajra,2522.0,3649.0
Karnataka,Belgaum,2012,Rabi,Onion,3206.3,54371.9
Andhra Pradesh,Guntur,2005,Whole Year,Potato,2832.7,68089.6
Maharashtra,Nagpur,2009,Kharif,Bajra,6021.7,9288.2
West Bengal,Bardhaman,2004,Kharif,Cotton,3878.1,1767.5
Madhya Pradesh,Indore,2008,Kharif,Groundnut,1655.8,1976.6
Uttar Pradesh,Meerut,2010,Rabi,Gram,4096.5,3483.9
West Bengal,Hooghly,2007,Rabi,Wheat,2766.8,10737.0
Maharashtra,Pune,2002,Kharif,Onion,7303.6,114109.1
Haryana,Rohtak,2008,Kharif,Soyabean,1275.7,965.7
Bihar,Bhagalpur,2005,Whole Year,Banana,7562.6,241772.9
Punjab,Ludhiana,2009,Kharif,Tur,5689.3,6699.4
Punjab,Ludhiana,2011,Kharif,Cotton,5816.4,3206.8
Uttar Pradesh,Kanpur,2011,Rabi,Groundnut,2734.4,3090.0
Tamil Nadu,Thanjavur,2004,Whole Year,Rice,1180.0,2642.0
Tamil Nadu,Coimbatore,2014,Kharif,Groundnut,5491.9,8134.8
Madhya Pradesh,Indore,2014,Kharif,Rice,4135.2,17040.4
Punjab,Ludhiana,2014,Kharif,Bajra,2908.6,4926.2
Bihar,Patna,2003,Kharif,Cotton,2012.1,1241.4
Haryana,Rohtak,2009,Kharif,Tur,3870.3,3064.0
Maharashtra,Pune,2002,Kharif,Rice,2343.7,6919.6
Bihar,Bhagalpur,2006,Whole Year,Banana,1171.1,48789.1
Bihar,Bhagalpur,2001,Rabi,Mustard,3845.7,5759.2
Maharashtra,Pune,2002,Rabi,Groundnut,5761.5,8206.2
West Bengal,Nadia,2009,Kharif,Onion,1722.0,36690.6
Andhra Pradesh,Krishna,2014,Rabi,Wheat,2038.5,8146.9
Karnataka,Hassan,2011,Kharif,Maize,8260.6,16336.8
Bihar,Gaya,2006,Rabi,Gram,2834.3,2727.3
Tamil Nadu,Thanjavur,2014,Kharif,Cotton,2310.4,1105.2
Bihar,Bhagalpur,2011,Rabi,Jowar,4255.0,4002.1
Karnataka,Mysore,2013,Whole Year,Rice,3341.9,10728.2
Haryana,Hisar,2012,Kharif,Rice,1676.3,5270.3
Uttar Pradesh,Kanpur,2012,Kharif,Jowar,4353.8,4835.2
Madhya Pradesh,Bhopal,2013,Kharif,Tur,3258.3,3015.4
Madhya Pradesh,Ujjain,2002,Kharif,Maize,4591.9,11750.5
Madhya Pradesh,Bhopal,2009,Kharif,Bajra,3526.3,5477.9
Bihar,Patna,2014,Rabi,Jowar,5783.7,7923.4
Madhya Pradesh,Indore,2008,Whole Year,Rice,,5059.2
Punjab,Amritsar,2001,Kharif,Jowar,6972.2,7974.8
Tamil Nadu,Thanjavur,2006,Whole Year,Rice,4485.1,8729.1
Maharashtra,Pune,2012,Kharif,Bajra,4432.1,7674.3
West Bengal,Bardhaman,2004,Rabi,Onion,5345.7,81502.8
West Bengal,Nadia,2003,Rabi,Onion,1639.5,37265.8
Punjab,Patiala,2004,Rabi,Maize,1872.2,5159.0
Madhya Pradesh,Indore,2003,Rabi,Onion,2372.9,43449.1
Punjab,Ludhiana,2014,Rabi,Maize,3330.6,8935.4
Punjab,Patiala,2005,Rabi,Potato,2679.4,67091.9
Punjab,Amritsar,2009,Kharif,Cotton,2216.2,1101.9
Karnataka,Belgaum,2009,Kharif,Tur,3730.9,3176.2
Haryana,Rohtak,2003,Whole Year,Banana,2779.4,111098.1
Madhya Pradesh,Indore,2009,Kharif,Groundnut,2322.6,2500.9
Maharashtra,Pune,2012,Whole Year,Sugarcane,1597.2,129992.8
Bihar,Patna,2008,Kharif,Groundnut,2584.8,3672.7
Madhya Pradesh,Ujjain,2011,Rabi,Maize,2487.7,6159.4
West Bengal,Hooghly,2009,Whole Year,Banana,2950.0,127141.8
Tamil Nadu,Coimbatore,2010,Kharif,Jowar,2144.4,2358.3
West Bengal,Bardhaman,2014,Rabi,Onion,1468.6,24881.6
Karnataka,Mysore,2012,Kharif,Groundnut,2611.5,3468.8
West Bengal,Hooghly,2003,Rabi,Wheat,2824.4,8554.4
Madhya Pradesh,Ujjain,2010,Kharif,Cotton,1985.3,573.6
Maharashtra,Nashik,2005,Kharif,Bajra,1802.3,2832.0
Maharashtra,Nashik,2008,Kharif,Cotton,945.4,573.5
Madhya Pradesh,Ujjain,2003,Kharif,Onion,4238.0,64293.7
Maharashtra,Nashik,2001,Kharif,Jowar,2743.6,3869.0
Uttar Pradesh,Lucknow,2002,Whole Year,Rice,6228.5,13690.1
Madhya Pradesh,Ujjain,2009,Rabi,Groundnut,4038.6,5483.7
Uttar Pradesh,Lucknow,2009,Kharif,Tur,3058.0,1769.8
Bihar,Gaya,2013,Rabi,Gram,2659.3,
Karnataka,Hassan,2010,Kharif,Cotton,2949.9,1325.2
Maharashtra,Nagpur,2007,Whole Year,Rice,5112.5,16883.9
Punjab,Patiala,2003,Rabi,Maize,1601.5,4558.3
Bihar,Gaya,2012,Kharif,Rice,5498.5,14589.2
Tamil Nadu,Salem,2005,Kharif,Onion,1821.1,26882.7
Andhra Pradesh,Guntur,2008,Rabi,Potato,3480.5,115853.3
Madhya Pradesh,Indore,2010,Kharif,Cotton,4630.0,2666.0
Bihar,Gaya,2014,Rabi,Groundnut,3269.4,4613.7
Bihar,Bhagalpur,2006,Whole Year,Sugarcane,4600.1,269348.0
Karnataka,Hassan,2001,Kharif,Groundnut,3766.9,2630.4
West Bengal,Bardhaman,2013,Whole Year,Banana,4544.5,202383.5
Uttar Pradesh,Lucknow,2010,Kharif,Tur,2397.8,1863.4
Punjab,Patiala,2007,Rabi,Onion,250.6,4480.1
West Bengal,Hooghly,2009,Kharif,Rice,1027.6,3199.3
Punjab,Patiala,2005,Kharif,Onion,1779.9,31845.0
Andhra Pradesh,Nellore,2011,Rabi,Onion,3564.8,78827.3
Uttar Pradesh,Lucknow,2012,Kharif,Bajra,1561.5,2172.3
Karnataka,Hassan,2005,Kharif,Tur,2469.2,1477.7
Punjab,Amritsar,2001,Whole Year,Sugarcane,5682.6,325816.7
Uttar Pradesh,Kanpur,2006,Rabi,Onion,914.1,10500.1
Karnataka,Mysore,2008,Rabi,Gram,3034.8,2474.4
West Bengal,Nadia,2002,Whole Year,Rice,2389.3,9050.1
Haryana,Hisar,2002,Whole Year,Rice,4098.1,10125.0
Andhra Pradesh,Nellore,2005,Rabi,Wheat,7876.8,29043.9
Haryana,Karnal,2003,Kharif,Maize,,3858.2
Uttar Pradesh,Lucknow,2003,Rabi,Mustard,1031.9,978.8
West Bengal,Bardhaman,2006,Kharif,Jowar,3413.4,4427.4
Tamil Nadu,Salem,2001,Rabi,Jowar,4986.3,3099.2
West Bengal,Bardhaman,2012,Kharif,Onion,7130.2,137757.8
Tamil Nadu,Salem,2011,Kharif,Bajra,3742.6,4812.2
West Bengal,Hooghly,2003,Kharif,Bajra,2062.2,4318.1
Bihar,Gaya,2006,Rabi,Groundnut,1384.8,1580.1
Karnataka,Belgaum,2002,Rabi,Groundnut,4916.4,8327.0
West Bengal,Bardhaman,2007,Kharif,Tur,2637.0,2304.0
Karnataka,Hassan,2004,Whole Year,Rice,4543.9,9805.7
Tamil Nadu,Coimbatore,2005,Rabi,Groundnut,2476.6,1669.9
Karnataka,Mysore,2005,Whole Year,Sugarcane,5485.9,366582.7
Bihar,Patna,2004,Rabi,Mustard,1106.2,1928.7
Tamil Nadu,Coimbatore,2001,Kharif,Rice,6332.1,13847.3
Punjab,Ludhiana,2012,Rabi,Gram,3348.4,4080.3
Madhya Pradesh,Bhopal,2004,Kharif,Maize,985.3,2926.7
Maharashtra,Pune,2013,Kharif,Onion,1583.3,28106.7
Maharashtra,Pune,2001,Rabi,Gram,3569.9,3751.9
Karnataka,Hassan,2007,Rabi,Jowar,2026.8,1282.1
Madhya Pradesh,Indore,2011,Kharif,Tur,5534.6,5393.0
Madhya Pradesh,Indore,2004,Rabi,Wheat,1533.8,6033.7
Madhya Pradesh,Bhopal,2006,Kharif,Tur,1429.1,1368.1
Bihar,Gaya,2007,Kharif,Tur,1638.1,1878.4
West Bengal,Hooghly,2003,Rabi,Groundnut,1688.9,1658.4
West Bengal,Hooghly,2005,Rabi,Gram,2754.9,2478.1
Uttar Pradesh,Meerut,2002,Rabi,Wheat,4640.3,16415.1
Maharashtra,Pune,2001,Rabi,Maize,2839.0,6284.0
West Bengal,Nadia,2004,Rabi,Potato,850.1,21432.7
Maharashtra,Nagpur,2005,Rabi,Mustard,1379.7,2396.2
Uttar Pradesh,Meerut,2008,Kharif,Maize,4924.3,10872.6
Uttar Pradesh,Meerut,2014,Whole Year,Rice,7935.9,22462.1
Andhra Pradesh,Nellore,2013,Rabi,Jowar,2059.1,2302.3
Maharashtra,Pune,2009,Rabi,Mustard,3765.6,8058.7
West Bengal,Nadia,2009,Rabi,Gram,2080.6,2182.9
Maharashtra,Pune,2009,Kharif,Bajra,6689.7,11258.7
Madhya Pradesh,Indore,2013,Rabi,Maize,1684.6,5216.0
West Bengal,Bardhaman,2006,Rabi,Wheat,7284.9,22727.0
Haryana,Rohtak,2004,Rabi,Potato,10786.7,233249.8
Tamil Nadu,Thanjavur,2002,Kharif,Rice,2195.8,5181.0
Tamil Nadu,Thanjavur,2001,Kharif,Jowar,2860.6,2746.1
Karnataka,Mysore,2008,Kharif,Maize,3809.9,10520.5
Madhya Pradesh,Indore,2008,Rabi,Groundnut,735.6,1196.3
Uttar Pradesh,Lucknow,2001,Kharif,Groundnut,5418.8,3246.2
Madhya Pradesh,Bhopal,2001,Kharif,Rice,5242.8,12018.6
Karnataka,Hassan,2007,Whole Year,Rice,1329.2,3378.2
Punjab,Amritsar,2013,Kharif,Jowar,927.6,713.8
Punjab,Ludhiana,2012,Kharif,Tur,2377.6,2295.9
Haryana,Hisar,2014,Kharif,Tur,995.0,854.2
Maharashtra,Pune,2006,Kharif,Rice,4004.3,11931.3
West Bengal,Hooghly,2010,Rabi,Mustard,3935.0,5465.4
West Bengal,Bardhaman,2008,Kharif,Rice,2262.2,5399.4
Haryana,Karnal,2008,Kharif,Maize,1313.0,2924.6
Maharashtra,Pune,2005,Rabi,Onion,3423.2,73497.5
West Bengal,Nadia,2012,Rabi,Gram,5997.3,7407.7
Punjab,Patiala,2008,Rabi,Onion,5160.1,96932.0
Punjab,Amritsar,2012,Rabi,Wheat,4599.6,15237.5
Uttar Pradesh,Kanpur,2007,Kharif,Cotton,5250.8,2809.9
Tamil Nadu,Thanjavur,2004,Rabi,Mustard,724.1,966.6
Maharashtra,Pune,2005,Rabi,Groundnut,2251.4,4189.9
Uttar Pradesh,Lucknow,2004,Whole Year,Sugarcane,3705.7,233360.8
Andhra Pradesh,Guntur,2006,Rabi,Jowar,4183.6,3387.6
Andhra Pradesh,Krishna,2007,Rabi,Gram,4252.4,4307.7
West Bengal,Nadia,2005,Rabi,Potato,859.1,23424.8
Bihar,Gaya,2004,Rabi,Groundnut,8402.4,13493.5
Haryana,Karnal,2002,Kharif,Rice,2442.1,4579.2
Bihar,Bhagalpur,2007,Kharif,Jowar,3631.2,2901.9
Andhra Pradesh,Guntur,2011,Whole Year,Potato,1357.4,34265.6
Maharashtra,Pune,2005,Whole Year,Sugarcane,3665.2,275799.0
Madhya Pradesh,Ujjain,2001,Whole Year,Banana,3127.5,78375.8
West Bengal,Hooghly,2004,Kharif,Rice,2720.5,8772.2
Madhya Pradesh,Indore,2008,Rabi,Mustard,4489.6,8158.6
Karnataka,Belgaum,2005,Kharif,Onion,4717.6,62641.1
Bihar,Bhagalpur,2010,Whole Year,Banana,963.9,31887.1
Uttar Pradesh,Meerut,2003,Kharif,Jowar,2777.3,2565.4
Uttar Pradesh,Kanpur,2003,Rabi,Mustard,3489.7,4396.9
Karnataka,Belgaum,2013,Whole Year,Banana,5893.4,190769.6
Maharashtra,Pune,2014,Kharif,Rice,10049.8,31492.2
West Bengal,Nadia,2004,Rabi,Onion,1613.5,35099.1
Madhya Pradesh,Indore,2004,Whole Year,Rice,779.6,2140.2
Punjab,Amritsar,2007,Rabi,Potato,1636.1,36175.0
Punjab,Amritsar,2011,Kharif,Jowar,873.1,760.9
Bihar,Bhagalpur,2013,Rabi,Mustard,,4011.6
Maharashtra,Pune,2011,Rabi,Mustard,6258.0,9781.6
Uttar Pradesh,Kanpur,2005,Rabi,Jowar,3067.4,2412.6
Andhra Pradesh,Guntur,2008,Kharif,Cotton,2110.3,1133.5
Bihar,Gaya,2012,Kharif,Groundnut,3425.1,4491.2
Madhya Pradesh,Indore,2013,Kharif,Jowar,5740.6,7198.4
Tamil Nadu,Salem,2006,Whole Year,Banana,4492.2,179088.4
Bihar,Patna,2003,Whole Year,Sugarcane,1733.6,127952.6
West Bengal,Bardhaman,2001,Kharif,Tur,2490.8,1948.7
Madhya Pradesh,Bhopal,2004,Kharif,Groundnut,4408.5,6299.5
Bihar,Patna,2011,Kharif,Cotton,2936.1,1340.7
Punjab,Ludhiana,2014,Whole Year,Banana,6765.7,285235.3
Maharashtra,Nashik,2005,Whole Year,Rice,4337.1,13827.7
Karnataka,Hassan,2008,Kharif,Groundnut,3544.8,4409.7
West Bengal,Nadia,2009,Whole Year,Rice,9043.5,34946.3
Uttar Pradesh,Lucknow,2005,Whole Year,Sugarcane,1899.7,104816.9
Andhra Pradesh,Nellore,2013,Kharif,Bajra,1644.1,2588.5
Madhya Pradesh,Ujjain,2001,Kharif,Maize,4371.9,14929.2
Madhya Pradesh,Bhopal,2003,Kharif,Bajra,3186.9,5899.8
Haryana,Karnal,2014,Kharif,Cotton,2491.5,961.6
Karnataka,Mysore,2008,Rabi,Groundnut,1116.5,1351.7
Punjab,Ludhiana,2005,Whole Year,Rice,5277.8,17574.6
Uttar Pradesh,Lucknow,2014,Rabi,Potato,6108.1,153780.5
Uttar Pradesh,Lucknow,2005,Kharif,Cotton,3121.5,987.8
Madhya Pradesh,Indore,2003,Rabi,Mustard,4749.0,8648.2
Punjab,Amritsar,2002,Rabi,Maize,8202.8,
Bihar,Bhagalpur,2002,Whole Year,Sugarcane,1262.9,84366.7
West Bengal,Nadia,2006,Kharif,Cotton,2879.9,1877.9
Bihar,Bhagalpur,2010,Whole Year,Potato,3225.7,60999.8
Uttar Pradesh,Kanpur,2014,Kharif,Cotton,5545.7,3191.1
Karnataka,Mysore,2002,Rabi,Potato,1567.8,27869.6
Haryana,Hisar,2001,Kharif,Maize,597.9,956.4
Bihar,Bhagalpur,2001,Kharif,Groundnut,706.0,705.0
Maharashtra,Nagpur,2009,Rabi,Potato,5953.8,160294.4
Madhya Pradesh,Bhopal,2013,Rabi,Gram,8456.8,10156.3
Bihar,Patna,2001,Rabi,Wheat,2049.8,6655.3
Tamil Nadu,Salem,2010,Rabi,Wheat,2563.7,7355.9
Madhya Pradesh,Indore,2010,Rabi,Onion,5695.6,132641.9
West Bengal,Bardhaman,2011,Kharif,Onion,2673.3,45885.4
Madhya Pradesh,Bhopal,2012,Kharif,Groundnut,1703.9,1583.7
Karnataka,Mysore,2004,Whole Year,Rice,2901.2,6676.6
Punjab,Patiala,2011,Rabi,Maize,4333.7,13085.0
Karnataka,Belgaum,2002,Whole Year,Banana,,103470.1
Bihar,Bhagalpur,2003,Whole Year,Potato,1902.2,41097.0
Andhra Pradesh,Guntur,2001,Whole Year,Sugarcane,3951.7,306209.1
Bihar,Patna,2004,Rabi,Onion,1142.5,14436.8
Haryana,Rohtak,2006,Rabi,Groundnut,5208.9,3691.8
Madhya Pradesh,Ujjain,2002,Rabi,Maize,6123.8,15235.3
West Bengal,Nadia,2009,Kharif,Rice,5009.7,18900.0
Punjab,Patiala,2005,Rabi,Onion,2017.2,31966.6
Karnataka,Mysore,2010,Kharif,Tur,3845.8,3169.1
Punjab,Amritsar,2008,Kharif,Bajra,6021.4,6054.9
Madhya Pradesh,Bhopal,2012,Whole Year,Potato,1205.8,34108.8
Karnataka,Mysore,2004,Whole Year,Sugarcane,1749.1,109206.2
Karnataka,Mysore,2006,Whole Year,Rice,1381.8,4197.2
Uttar Pradesh,Meerut,2005,Rabi,Maize,6184.4,18896.4
Madhya Pradesh,Ujjain,2004,Rabi,Maize,4058.2,8738.0
Punjab,Amritsar,2009,Kharif,Tur,555.8,585.4
Karnataka,Belgaum,2008,Whole Year,Potato,6129.3,127749.9
Tamil Nadu,Thanjavur,2013,Whole Year,Sugarcane,1529.7,99611.8
Tamil Nadu,Coimbatore,2006,Rabi,Jowar,2263.6,2097.6
Uttar Pradesh,Meerut,2011,Kharif,Cotton,1256.0,642.8
Tamil Nadu,Coimbatore,2008,Kharif,Groundnut,1267.4,1379.1
Bihar,Bhagalpur,2007,Rabi,Mustard,1842.8,2350.1
Madhya Pradesh,Ujjain,2014,Kharif,Onion,2192.8,41915.5
Bihar,Gaya,2004,Kharif,Tur,2463.5,2238.3
Tamil Nadu,Thanjavur,2002,Kharif,Jowar,3181.8,2905.1
Haryana,Rohtak,2006,Rabi,Potato,2097.1,31479.7
Tamil Nadu,Coimbatore,2013,Rabi,Wheat,4710.6,15295.8
Bihar,Gaya,2010,Kharif,Tur,1303.0,1132.6
Haryana,Rohtak,2003,Rabi,Potato,1258.4,25592.5
Bihar,Patna,2001,Kharif,Cotton,1657.2,833.3
Andhra Pradesh,Krishna,2011,Kharif,Onion,1818.1,29036.2
West Bengal,Hooghly,2001,Kharif,Bajra,2116.0,3934.7
Tamil Nadu,Thanjavur,2005,Kharif,Rice,1606.6,4532.1
Karnataka,Mysore,2011,Rabi,Jowar,3573.1,4429.9
West Bengal,Hooghly,2002,Whole Year,Rice,1018.1,2816.1
Madhya Pradesh,Ujjain,2005,Whole Year,Banana,3918.1,111025.8
Madhya Pradesh,Bhopal,2013,Kharif,Maize,4073.6,13211.5
Uttar Pradesh,Lucknow,2003,Kharif,Groundnut,4578.5,3715.1
Andhra Pradesh,Guntur,2009,Whole Year,Banana,3221.2,124434.2
Andhra Pradesh,Nellore,2003,Kharif,Groundnut,3223.2,4479.2
Maharashtra,Pune,2006,Kharif,Soyabean,2487.4,3389.8
Punjab,Ludhiana,2008,Rabi,Gram,3085.8,2788.9
Madhya Pradesh,Ujjain,2001,Kharif,Onion,2591.8,38992.7
Madhya Pradesh,Bhopal,2004,Rabi,Mustard,3608.0,6148.1
Haryana,Hisar,2003,Kharif,Maize,2069.5,4000.1
Haryana,Karnal,2013,Rabi,Jowar,1806.7,2022.2
Andhra Pradesh,Guntur,2012,Rabi,Wheat,2429.4,10642.9
Uttar Pradesh,Meerut,2006,Kharif,Tur,940.6,685.0
Haryana,Rohtak,2013,Kharif,Jowar,1511.3,2110.6
Punjab,Patiala,2001,Rabi,Wheat,1509.8,
West Bengal,Hooghly,2002,Kharif,Soyabean,6199.8,8636.7
Maharashtra,Pune,2012,Kharif,Rice,6268.6,21976.1
Karnataka,Hassan,2004,Kharif,Maize,2863.3,4765.1
Uttar Pradesh,Lucknow,2013,Whole Year,Banana,1616.1,83618.3
Uttar Pradesh,Meerut,2013,Whole Year,Sugarcane,3813.1,250519.6
Haryana,Karnal,2013,Whole Year,Banana,5399.6,171994.0
Madhya Pradesh,Bhopal,2011,Whole Year,Sugarcane,4404.3,341526.1
Punjab,Amritsar,2008,Whole Year,Banana,721.4,32043.2
Bihar,Bhagalpur,2006,Rabi,Jowar,1895.6,1770.7
Andhra Pradesh,Guntur,2010,Rabi,Jowar,1917.3,2484.0
Tamil Nadu,Coimbatore,2007,Rabi,Onion,4110.3,66436.7
Andhra Pradesh,Guntur,2003,Kharif,Tur,5626.8,5395.4
Madhya Pradesh,Indore,2006,Kharif,Tur,4123.2,4887.0
Madhya Pradesh,Indore,2003,Kharif,Bajra,4551.0,6844.8
West Bengal,Hooghly,2007,Kharif,Groundnut,758.0,821.4
Tamil Nadu,Coimbatore,2005,Kharif,Maize,2008.0,4093.7
West Bengal,Bardhaman,2010,Kharif,Onion,2389.1,35998.0
Tamil Nadu,Coimbatore,2005,Kharif,Soyabean,,953.2
Punjab,Patiala,2014,Kharif,Tur,3378.7,4167.7
West Bengal,Hooghly,2008,Kharif,Rice,,16439.5
Maharashtra,Nashik,2002,Kharif,Maize,6568.6,17536.7
Bihar,Patna,2005,Whole Year,Rice,1857.6,5753.8
Karnataka,Mysore,2006,Rabi,Jowar,4301.3,3576.0
Uttar Pradesh,Lucknow,2010,Kharif,Maize,1409.7,2935.9
Tamil Nadu,Coimbatore,2008,Kharif,Rice,936.9,2304.5
Karnataka,Hassan,2010,Rabi,Groundnut,4938.3,8016.6
Uttar Pradesh,Lucknow,2008,Whole Year,Sugarcane,2208.6,127757.3
Haryana,Rohtak,2011,Rabi,Groundnut,4060.2,7255.6
Uttar Pradesh,Meerut,2012,Kharif,Rice,2734.4,8410.1
West Bengal,Hooghly,2001,Kharif,Jowar,2597.0,3216.3
Punjab,Patiala,2007,Rabi,Wheat,2950.5,11524.2
Uttar Pradesh,Kanpur,2001,Rabi,Potato,4900.0,97266.0
Punjab,Patiala,2012,Whole Year,Rice,2159.6,8848.9
Andhra Pradesh,Guntur,2009,Rabi,Groundnut,818.0,1376.2
Uttar Pradesh,Lucknow,2005,Kharif,Groundnut,3207.0,3915.1
Uttar Pradesh,Meerut,2003,Kharif,Cotton,2425.8,1196.1
Bihar,Gaya,2002,Rabi,Gram,3984.0,3886.0
Tamil Nadu,Coimbatore,2012,Rabi,Onion,3157.1,25018.9
Maharashtra,Nagpur,2004,Kharif,Rice,2633.0,6483.9
Bihar,Gaya,2012,Rabi,Wheat,,18613.8
Karnataka,Hassan,2009,Kharif,Onion,1105.9,20444.5
Uttar Pradesh,Kanpur,2001,Rabi,Wheat,1140.1,3300.8
Haryana,Rohtak,2014,Rabi,Jowar,2289.7,3186.9
Karnataka,Belgaum,2008,Rabi,Mustard,5237.4,9146.4
Karnataka,Mysore,2006,Rabi,Onion,5052.7,84568.9
Bihar,Gaya,2006,Kharif,Rice,3896.0,10170.1
Haryana,Rohtak,2001,Rabi,Jowar,1429.5,1207.0
Bihar,Bhagalpur,2003,Kharif,Jowar,1795.4,1264.7
Bihar,Patna,2001,Whole Year,Rice,6845.6,17857.7
Uttar Pradesh,Kanpur,2003,Rabi,Wheat,1168.5,3906.5
Tamil Nadu,Thanjavur,2013,Whole Year,Rice,3495.5,10146.6
Tamil Nadu,Thanjavur,2007,Whole Year,Sugarcane,4339.8,240646.6
Maharashtra,Nagpur,2010,Rabi,Onion,1583.1,29232.7
Haryana,Hisar,2002,Whole Year,Sugarcane,,104329.7
Madhya Pradesh,Indore,2003,Kharif,Tur,6185.4,7135.4
West Bengal,Hooghly,2010,Kharif,Jowar,3760.3,3655.7
Haryana,Karnal,2010,Kharif,Rice,2102.0,4942.2
Andhra Pradesh,Nellore,2005,Whole Year,Banana,1297.6,56687.7
Haryana,Rohtak,2012,Kharif,Groundnut,2193.8,1933.6
Andhra Pradesh,Guntur,2010,Kharif,Jowar,1936.6,2315.6
Tamil Nadu,Thanjavur,2010,Kharif,Rice,4425.4,13679.6
Karnataka,Mysore,2001,Kharif,Onion,1719.8,23233.4
Bihar,Patna,2007,Whole Year,Rice,3223.9,7901.2
Madhya Pradesh,Ujjain,2010,Whole Year,Sugarcane,1114.6,104334.2
Maharashtra,Pune,2001,Kharif,Onion,1421.5,22770.0
Haryana,Hisar,2014,Kharif,Onion,10380.4,163135.6
Karnataka,Belgaum,2014,Kharif,Groundnut,3173.0,2941.0
Haryana,Rohtak,2006,Kharif,Soyabean,1955.2,2076.8
Karnataka,Hassan,2002,Kharif,Onion,4609.4,40704.1
Tamil Nadu,Coimbatore,2006,Kharif,Jowar,2046.1,1609.5
Bihar,Gaya,2003,Kharif,Soyabean,6152.4,8179.2
Karnataka,Mysore,2014,Kharif,Jowar,8324.9,12795.0
West Bengal,Nadia,2012,Kharif,Cotton,3512.0,2064.8
Karnataka,Hassan,2010,Kharif,Groundnut,2656.9,2822.7
Madhya Pradesh,Bhopal,2011,Kharif,Bajra,1352.7,2173.3
Punjab,Ludhiana,2004,Rabi,Mustard,3551.7,5659.8
Andhra Pradesh,Nellore,2003,Whole Year,Potato,3441.2,85245.0
Tamil Nadu,Coimbatore,2004,Rabi,Groundnut,2559.9,2916.1
Madhya Pradesh,Bhopal,2003,Kharif,Groundnut,877.7,1341.3
Karnataka,Mysore,2006,Kharif,Rice,4268.7,11778.6
Haryana,Karnal,2002,Whole Year,Rice,2578.8,6975.6
Uttar Pradesh,Lucknow,2014,Rabi,Maize,5006.5,11116.3
Maharashtra,Nagpur,2006,Rabi,Potato,4674.3,122899.2
West Bengal,Hooghly,2007,Rabi,Mustard,6277.3,9061.1
West Bengal,Bardhaman,2014,Kharif,Tur,5838.7,6390.2
Punjab,Amritsar,2002,Whole Year,Potato,2811.3,54821.2
Bihar,Bhagalpur,2006,Kharif,Cotton,3347.1,1697.2
Andhra Pradesh,Nellore,2008,Whole Year,Rice,1615.4,6156.9
West Bengal,Nadia,2013,Kharif,Cotton,4362.7,2919.5
Uttar Pradesh,Meerut,2011,Rabi,Maize,2064.8,5944.8
Andhra Pradesh,Guntur,2008,Kharif,Maize,2091.1,6331.5
Punjab,Patiala,2011,Rabi,Groundnut,3898.0,4984.2
West Bengal,Bardhaman,2003,Kharif,Rice,4048.2,7950.5
Bihar,Patna,2003,Kharif,Bajra,2432.2,3422.6
Madhya Pradesh,Bhopal,2014,Kharif,Groundnut,5364.1,6844.3
Karnataka,Mysore,2002,Kharif,Jowar,7699.4,6605.8
Maharashtra,Nashik,2003,Rabi,Gram,2441.4,3292.7
Bihar,Gaya,2003,Kharif,Tur,2007.7,1283.0
Tamil Nadu,Salem,2001,Rabi,Wheat,2965.4,5898.3
Tamil Nadu,Thanjavur,2006,Rabi,Potato,2122.3,44167.8
Tamil Nadu,Salem,2002,Rabi,Mustard,2642.6,2383.9
West Bengal,Bardhaman,2009,Kharif,Onion,1197.0,22936.7
Andhra Pradesh,Guntur,2013,Kharif,Cotton,1010.6,583.7
Maharashtra,Pune,2002,Rabi,Mustard,3392.7,5458.2
Andhra Pradesh,Guntur,2006,Kharif,Bajra,690.0,1367.7
Madhya Pradesh,Bhopal,2003,Rabi,Onion,5186.2,102719.8
Uttar Pradesh,Kanpur,2004,Kharif,Cotton,4208.4,1888.4
West Bengal,Bardhaman,2006,Rabi,Mustard,1308.2,2088.5
Haryana,Rohtak,2003,Whole Year,Sugarcane,4288.0,340422.4
Karnataka,Mysore,2008,Kharif,Rice,4205.0,8934.9
Karnataka,Mysore,2007,Whole Year,Potato,2074.7,35984.3
Maharashtra,Nagpur,2007,Rabi,Potato,2180.4,54472.2
Tamil Nadu,Thanjavur,2008,Whole Year,Banana,4204.5,119799.0
Punjab,Patiala,2009,Rabi,Onion,4354.3,82645.6
Karnataka,Mysore,2005,Kharif,Maize,5278.0,12710.2
Tamil Nadu,Thanjavur,2002,Kharif,Groundnut,1082.8,1150.9
Haryana,Karnal,2008,Kharif,Rice,9040.0,20522.4
Punjab,Amritsar,2011,Rabi,Potato,2766.0,61088.8
Karnataka,Hassan,2013,Kharif,Groundnut,788.0,420.9
Uttar Pradesh,Meerut,2010,Kharif,Onion,2464.5,26874.0
Bihar,Bhagalpur,2003,Rabi,Groundnut,2384.8,1453.5
Haryana,Karnal,2014,Rabi,Jowar,1505.3,1809.4
Karnataka,Hassan,2006,Kharif,Tur,2774.9,2172.9
West Bengal,Bardhaman,2014,Kharif,Rice,8814.8,30321.8
Punjab,Patiala,2001,Rabi,Gram,958.3,863.8
Punjab,Ludhiana,2003,Kharif,Bajra,2555.9,3872.5
Punjab,Amritsar,2013,Whole Year,Potato,4987.1,115022.2
Karnataka,Hassan,2002,Rabi,Maize,7754.7,17006.0
Uttar Pradesh,Kanpur,2001,Rabi,Jowar,3693.3,3901.6
Andhra Pradesh,Nellore,2002,Rabi,Potato,7069.6,172940.1
West Bengal,Hooghly,2007,Whole Year,Rice,2147.5,5982.1
Karnataka,Mysore,2013,Kharif,Soyabean,6045.6,7953.3
Andhra Pradesh,Guntur,2013,Rabi,Potato,5430.6,99097.4
Maharashtra,Pune,2006,Kharif,Groundnut,1384.2,1727.6
Haryana,Karnal,2012,Rabi,Wheat,4303.4,13096.5
Maharashtra,Nagpur,2014,Kharif,Onion,3147.9,82657.6
West Bengal,Bardhaman,2011,Whole Year,Rice,3981.0,12537.6
Tamil Nadu,Thanjavur,2014,Rabi,Groundnut,1081.7,1504.3
Bihar,Bhagalpur,2001,Kharif,Cotton,2261.6,1154.0
West Bengal,Bardhaman,2010,Whole Year,Potato,3525.0,63252.9
Maharashtra,Nagpur,2012,Kharif,Groundnut,2592.3,2641.5
West Bengal,Hooghly,2007,Rabi,Potato,6481.8,110164.1
Haryana,Hisar,2003,Kharif,Tur,2679.1,1929.8
Tamil Nadu,Salem,2011,Rabi,Onion,3414.1,25612.6
Madhya Pradesh,Ujjain,2010,Kharif,Tur,421.6,468.8
Bihar,Gaya,2007,Rabi,Wheat,3803.7,12470.7
Bihar,Patna,2013,Rabi,Groundnut,5870.4,6407.3
Bihar,Bhagalpur,2007,Kharif,Cotton,1385.4,509.0
Tamil Nadu,Coimbatore,2014,Kharif,Rice,2427.5,7285.4
Karnataka,Belgaum,2012,Kharif,Onion,3150.0,67313.8
Madhya Pradesh,Bhopal,2007,Rabi,Potato,2214.3,54856.3
West Bengal,Bardhaman,2011,Whole Year,Sugarcane,2760.6,180408.7
Uttar Pradesh,Kanpur,2001,Kharif,Cotton,1633.6,573.5
Maharashtra,Nagpur,2003,Rabi,Groundnut,6788.0,7485.0
Tamil Nadu,Salem,2005,Kharif,Rice,8730.5,17612.4
Andhra Pradesh,Guntur,2012,Kharif,Jowar,1647.5,2010.8
Uttar Pradesh,Kanpur,2004,Whole Year,Potato,2178.1,36838.9
Haryana,Karnal,2013,Whole Year,Potato,2476.7,41296.2
Tamil Nadu,Coimbatore,2005,Whole Year,Sugarcane,8401.2,512435.5
Haryana,Karnal,2014,Whole Year,Banana,2426.2,103244.2
West Bengal,Nadia,2001,Whole Year,Banana,2619.7,
Bihar,Bhagalpur,2013,Kharif,Tur,1671.6,1376.3
Punjab,Amritsar,2014,Rabi,Groundnut,3995.1,3853.2
Karnataka,Mysore,2012,Whole Year,Sugarcane,2857.8,201476.1
Karnataka,Hassan,2011,Rabi,Maize,1969.4,4998.8
Madhya Pradesh,Indore,2003,Whole Year,Rice,2768.8,8030.3
Uttar Pradesh,Meerut,2003,Kharif,Maize,5527.2,17069.2
Haryana,Hisar,2008,Rabi,Gram,3265.4,2903.9
Karnataka,Mysore,2009,Kharif,Maize,1828.3,4532.0
Uttar Pradesh,Kanpur,2004,Rabi,Jowar,1337.9,1492.8
Maharashtra,Nagpur,2012,Rabi,Mustard,2065.6,
Tamil Nadu,Coimbatore,2007,Kharif,Tur,2611.2,1395.8
Karnataka,Hassan,2004,Whole Year,Banana,1728.3,50865.4
Andhra Pradesh,Guntur,2009,Kharif,Jowar,4080.6,6000.3
Bihar,Bhagalpur,2012,Kharif,Tur,4148.3,2358.9
Andhra Pradesh,Guntur,2002,Rabi,Wheat,9082.6,31142.8
Maharashtra,Pune,2013,Kharif,Cotton,4695.1,2399.0
West Bengal,Nadia,2001,Kharif,Rice,1097.1,3336.4
Andhra Pradesh,Nellore,2012,Kharif,Groundnut,5841.2,8467.3
Bihar,Patna,2003,Kharif,Jowar,5217.1,3820.8
Uttar Pradesh,Kanpur,2006,Rabi,Jowar,3349.0,2744.4
Madhya Pradesh,Indore,2013,Rabi,Wheat,6675.9,23535.0
Maharashtra,Nagpur,2002,Rabi,Mustard,1291.9,1665.5
Maharashtra,Nashik,2012,Kharif,Cotton,1145.7,656.0
Karnataka,Mysore,2003,Whole Year,Potato,1927.6,38223.6
Bihar,Patna,2004,Rabi,Wheat,7224.4,20523.3
Andhra Pradesh,Krishna,2005,Whole Year,Sugarcane,4409.9,311812.6
Karnataka,Hassan,2008,Rabi,Wheat,,
Madhya Pradesh,Bhopal,2007,Whole Year,Potato,2716.6,69379.4
Bihar,Bhagalpur,2004,Kharif,Tur,3511.6,3227.4
Maharashtra,Pune,2014,Rabi,Gram,1703.0,1931.6
Madhya Pradesh,Bhopal,2009,Whole Year,Banana,4653.5,215065.0
Karnataka,Hassan,2011,Kharif,Cotton,3640.9,2098.0
Madhya Pradesh,Ujjain,2005,Kharif,Groundnut,4106.9,5286.9
Andhra Pradesh,Krishna,2011,Rabi,Wheat,3632.3,14075.4
West Bengal,Bardhaman,2007,Rabi,Jowar,1918.5,2224.0
Tamil Nadu,Thanjavur,2006,Kharif,Groundnut,1403.3,1175.8
Karnataka,Belgaum,2001,Whole Year,Banana,3461.9,118694.9
Madhya Pradesh,Bhopal,2013,Kharif,Onion,2895.0,59736.3
Tamil Nadu,Coimbatore,2007,Rabi,Wheat,4749.8,12885.4
Uttar Pradesh,Kanpur,2014,Rabi,Mustard,3332.6,
West Bengal,Hooghly,2008,Whole Year,Sugarcane,924.0,63189.1
Karnataka,Hassan,2013,Rabi,Groundnut,2125.0,2024.6
Maharashtra,Nashik,2013,Kharif,Bajra,4114.3,
Punjab,Patiala,2004,Kharif,Groundnut,1473.1,2029.6
Uttar Pradesh,Meerut,2008,Kharif,Jowar,3362.9,3689.7
Madhya Pradesh,Indore,2012,Rabi,Gram,2898.6,3256.0
West Bengal,Bardhaman,2011,Rabi,Gram,4703.3,3395.5
Bihar,Patna,2009,Kharif,Rice,6964.8,21590.5
Tamil Nadu,Thanjavur,2012,Kharif,Cotton,5096.8,1464.9
Madhya Pradesh,Bhopal,2005,Kharif,Jowar,3179.4,3207.6
West Bengal,Nadia,2010,Rabi,Onion,1475.9,29490.4
Tamil Nadu,Coimbatore,2003,Rabi,Potato,10528.6,236725.9
Punjab,Patiala,2014,Whole Year,Sugarcane,2194.5,216349.9
Madhya Pradesh,Ujjain,2001,Rabi,Onion,2484.7,28309.7
Madhya Pradesh,Ujjain,2008,Kharif,Soyabean,3884.2,5111.1
Karnataka,Mysore,2008,Kharif,Cotton,1681.1,810.2
Punjab,Patiala,2009,Rabi,Wheat,7838.6,29890.4
Madhya Pradesh,Indore,2013,Rabi,Groundnut,497.8,787.3
Haryana,Rohtak,2004,Rabi,Wheat,2003.4,6336.7
Uttar Pradesh,Kanpur,2013,Rabi,Gram,2352.9,2123.6
Haryana,Hisar,2005,Rabi,Gram,2431.1,1584.8
Uttar Pradesh,Lucknow,2007,Whole Year,Potato,5384.3,103205.7
Haryana,Rohtak,2009,Kharif,Groundnut,3118.3,4187.7
Karnataka,Mysore,2011,Whole Year,Sugarcane,3015.2,221838.0
Andhra Pradesh,Guntur,2014,Kharif,Cotton,3442.7,2571.9
Punjab,Ludhiana,2005,Kharif,Bajra,6929.3,11002.2
Haryana,Karnal,2014,Kharif,Rice,1276.2,3422.2
Andhra Pradesh,Krishna,2010,Kharif,Onion,2952.3,45088.4
Madhya Pradesh,Ujjain,2012,Kharif,Cotton,1298.0,800.6
Tamil Nadu,Coimbatore,2004,Whole Year,Potato,2276.0,34891.3
Andhra Pradesh,Guntur,2007,Kharif,Maize,1944.8,6812.4
Haryana,Karnal,2003,Rabi,Potato,1945.2,30963.7
Punjab,Ludhiana,2008,Kharif,Bajra,4164.5,5972.4
Madhya Pradesh,Indore,2007,Kharif,Bajra,1943.9,3029.4
Andhra Pradesh,Krishna,2013,Kharif,Jowar,2774.8,2758.7
Andhra Pradesh,Krishna,2001,Kharif,Cotton,1157.2,507.9
Andhra Pradesh,Nellore,2005,Rabi,Mustard,3729.7,5808.4
Punjab,Patiala,2003,Whole Year,Potato,4414.9,116049.9
West Bengal,Nadia,2007,Whole Year,Rice,4378.9,17210.4
West Bengal,Hooghly,2011,Rabi,Mustard,1293.6,2447.0
West Bengal,Bardhaman,2014,Kharif,Onion,2554.2,38854.6
Haryana,Hisar,2013,Rabi,Groundnut,1405.8,1502.4
Haryana,Karnal,2012,Kharif,Onion,2412.1,34211.9
Madhya Pradesh,Bhopal,2006,Whole Year,Rice,1230.8,3832.2
Bihar,Patna,2012,Whole Year,Rice,3739.7,10040.8
Madhya Pradesh,Ujjain,2001,Rabi,Mustard,1130.6,1634.7
Punjab,Ludhiana,2003,Kharif,Rice,1877.6,6075.0
Karnataka,Hassan,2014,Whole Year,Rice,2110.1,6448.5
Bihar,Bhagalpur,2004,Rabi,Maize,2800.8,7471.9
Karnataka,Hassan,2002,Kharif,Groundnut,4166.0,3633.4
Karnataka,Belgaum,2001,Rabi,Gram,1049.9,852.3
Maharashtra,Nagpur,2014,Rabi,Mustard,3284.1,4702.4
Madhya Pradesh,Ujjain,2008,Kharif,Cotton,4165.2,2367.1
Tamil Nadu,Salem,2005,Rabi,Mustard,1658.7,2417.8
Madhya Pradesh,Bhopal,2006,Kharif,Cotton,2130.7,1407.7
Madhya Pradesh,Indore,2009,Rabi,Jowar,5946.8,7111.7
Uttar Pradesh,Kanpur,2004,Rabi,Onion,5538.0,59461.4
Haryana,Rohtak,2008,Kharif,Groundnut,4631.6,6147.0
Karnataka,Hassan,2014,Whole Year,Banana,1257.2,36812.7
Punjab,Patiala,2001,Kharif,Groundnut,806.1,731.4
Tamil Nadu,Salem,2004,Rabi,Wheat,1465.2,3361.3
Tamil Nadu,Coimbatore,2013,Kharif,Tur,4698.0,4003.7
West Bengal,Bardhaman,2003,Whole Year,Banana,621.1,23543.0
Haryana,Karnal,2014,Whole Year,Potato,2489.2,42702.6
Maharashtra,Pune,2005,Kharif,Rice,3093.5,11234.6
Karnataka,Mysore,2002,Kharif,Rice,1785.6,5710.3
Andhra Pradesh,Guntur,2013,Rabi,Maize,2168.0,5977.6
Madhya Pradesh,Bhopal,2002,Kharif,Cotton,5884.1,2526.9
Madhya Pradesh,Ujjain,2004,Kharif,Soyabean,2096.6,2498.8
Haryana,Rohtak,2005,Kharif,Soyabean,2829.3,3355.7
Andhra Pradesh,Guntur,2006,Kharif,Jowar,2819.8,4801.3
Haryana,Hisar,2003,Rabi,Groundnut,1243.3,891.4
Karnataka,Belgaum,2007,Whole Year,Potato,2481.2,32851.2
West Bengal,Nadia,2002,Kharif,Soyabean,3105.0,3929.3
Tamil Nadu,Salem,2013,Rabi,Jowar,567.4,572.1
Maharashtra,Nashik,2009,Rabi,Potato,4903.7,145013.4
West Bengal,Bardhaman,2014,Whole Year,Potato,1964.1,52367.1
Madhya Pradesh,Indore,2011,Kharif,Jowar,2375.5,2696.0
West Bengal,Bardhaman,2008,Rabi,Onion,945.2,16545.5
Karnataka,Mysore,2011,Rabi,Gram,2046.5,1738.5
Bihar,Gaya,2012,Rabi,Gram,5406.3,4162.5
Punjab,Patiala,2004,Kharif,Maize,2567.4,9477.0
Maharashtra,Nagpur,2006,Kharif,Soyabean,1800.5,2398.1
Madhya Pradesh,Bhopal,2005,Rabi,Gram,3275.7,3745.2
Uttar Pradesh,Lucknow,2008,Kharif,Cotton,2176.7,482.8
Andhra Pradesh,Guntur,2009,Kharif,Bajra,2960.3,4234.8
Punjab,Patiala,2010,Rabi,Maize,711.9,1829.3
Karnataka,Mysore,2004,Kharif,Maize,2462.9,4773.0
Bihar,Bhagalpur,2006,Rabi,Gram,3974.8,4256.4
Bihar,Gaya,2011,Kharif,Soyabean,2527.3,4038.7
West Bengal,Hooghly,2002,Rabi,Gram,6799.2,5543.3
Karnataka,Hassan,2006,Rabi,Jowar,5033.5,4465.3
Haryana,Karnal,2001,Kharif,Cotton,,913.0
West Bengal,Bardhaman,2013,Rabi,Jowar,2922.8,3217.4
Uttar Pradesh,Meerut,2005,Rabi,Groundnut,1579.8,2474.7
Maharashtra,Nagpur,2009,Rabi,Onion,2995.4,47280.6
Punjab,Ludhiana,2001,Rabi,Potato,3403.8,76368.8
Karnataka,Mysore,2014,Rabi,Onion,2755.9,50431.0
Uttar Pradesh,Kanpur,2004,Rabi,Potato,1468.1,29632.0
Karnataka,Mysore,2004,Kharif,Bajra,3165.3,5878.4
Andhra Pradesh,Nellore,2001,Whole Year,Potato,681.3,15686.4
Madhya Pradesh,Indore,2009,Rabi,Groundnut,5859.9,9858.3
Tamil Nadu,Salem,2014,Rabi,Mustard,3866.3,4418.5
Karnataka,Belgaum,2009,Rabi,Onion,4842.4,62210.8
Uttar Pradesh,Lucknow,2006,Rabi,Gram,2870.9,3146.7
Bihar,Patna,2011,Rabi,Gram,7514.9,6902.5
Punjab,Patiala,2010,Kharif,Cotton,2519.3,1757.6
Bihar,Bhagalpur,2003,Whole Year,Banana,1774.0,61136.0
Uttar Pradesh,Lucknow,2013,Kharif,Maize,5074.1,5602.8
Maharashtra,Pune,2008,Kharif,Cotton,,525.7
Punjab,Ludhiana,2002,Rabi,Gram,9625.4,9149.3
Tamil Nadu,Thanjavur,2011,Kharif,Jowar,4158.4,5176.0
Tamil Nadu,Thanjavur,2010,Whole Year,Sugarcane,5462.7,395365.1
Andhra Pradesh,Nellore,2009,Kharif,Onion,883.7,18483.8
Andhra Pradesh,Krishna,2007,Kharif,Rice,2525.0,9944.2
Karnataka,Mysore,2011,Whole Year,Potato,4432.6,99217.3
Haryana,Hisar,2008,Kharif,Groundnut,2453.9,2672.5
Maharashtra,Nashik,2003,Kharif,Jowar,5970.1,7910.5
Punjab,Ludhiana,2005,Kharif,Onion,4353.6,78974.9
Haryana,Rohtak,2003,Rabi,Groundnut,4658.4,5255.7
Madhya Pradesh,Bhopal,2011,Kharif,Onion,7915.2,162560.6
Punjab,Patiala,2014,Whole Year,Banana,1646.4,77370.8
Andhra Pradesh,Krishna,2013,Rabi,Jowar,1738.2,1356.4
Punjab,Patiala,2005,Kharif,Soyabean,1512.9,1862.8
West Bengal,Hooghly,2011,Kharif,Groundnut,3126.3,2657.2
Punjab,Amritsar,2008,Kharif,Cotton,5289.8,2833.9
Tamil Nadu,Thanjavur,2005,Rabi,Mustard,5355.1,6512.6
Andhra Pradesh,Krishna,2006,Kharif,Tur,2209.0,2050.4
Haryana,Hisar,2013,Kharif,Onion,6216.7,91231.9
Andhra Pradesh,Nellore,2003,Whole Year,Sugarcane,2802.1,223406.4
Karnataka,Belgaum,2004,Rabi,Wheat,1436.7,4379.3
Andhra Pradesh,Nellore,2001,Whole Year,Banana,5875.8,243747.0
Haryana,Hisar,2006,Kharif,Tur,1816.7,1114.1
Maharashtra,Nagpur,2003,Kharif,Onion,3452.2,61907.5
Maharashtra,Nashik,2011,Whole Year,Rice,4080.7,13722.6
Haryana,Rohtak,2012,Rabi,Mustard,2881.9,4141.8
Punjab,Ludhiana,2009,Kharif,Rice,2295.6,7034.3
Karnataka,Hassan,2013,Kharif,Cotton,2568.2,963.9
Andhra Pradesh,Nellore,2010,Rabi,Onion,2947.5,60118.6
Madhya Pradesh,Indore,2009,Rabi,Wheat,1421.3,
Madhya Pradesh,Indore,2009,Kharif,Bajra,2868.9,3412.0
Haryana,Karnal,2009,Rabi,Jowar,1506.6,1086.0
Karnataka,Hassan,2001,Rabi,Maize,3139.9,8094.3
Andhra Pradesh,Krishna,2003,Rabi,Gram,5317.4,4842.6
Bihar,Gaya,2001,Kharif,Bajra,2652.8,3351.4
Haryana,Hisar,2008,Whole Year,Sugarcane,1621.4,90341.3
Madhya Pradesh,Bhopal,2004,Rabi,Maize,2098.6,4447.2
Punjab,Ludhiana,2002,Kharif,Tur,833.1,651.6
Tamil Nadu,Thanjavur,2005,Kharif,Groundnut,5461.4,7466.0
Andhra Pradesh,Guntur,2001,Rabi,Maize,2906.9,6716.3
Maharashtra,Nagpur,2008,Rabi,Mustard,2077.1,3837.3
Punjab,Patiala,2003,Kharif,Cotton,2479.7,1394.2
Tamil Nadu,Thanjavur,2004,Rabi,Potato,6541.8,151915.4
Uttar Pradesh,Kanpur,2007,Whole Year,Potato,4319.9,102346.3
Haryana,Hisar,2005,Rabi,Onion,3519.6,46961.3
Tamil Nadu,Thanjavur,2009,Rabi,Potato,2268.5,38647.0
West Bengal,Nadia,2001,Rabi,Onion,1854.4,36227.5
Haryana,Hisar,2003,Whole Year,Sugarcane,3565.1,206751.7
Andhra Pradesh,Nellore,2008,Rabi,Onion,,45780.7
Karnataka,Belgaum,2010,Rabi,Onion,4809.1,75110.1
Andhra Pradesh,Nellore,2011,Kharif,Bajra,3307.8,6225.2
Madhya Pradesh,Indore,2004,Kharif,Soyabean,2759.6,3926.3
Andhra Pradesh,Krishna,2009,Kharif,Tur,2563.9,2299.7
Haryana,Rohtak,2001,Rabi,Gram,2504.3,1756.1
Madhya Pradesh,Ujjain,2010,Kharif,Onion,8219.8,123237.9
Bihar,Gaya,2005,Whole Year,Rice,3410.0,9938.3
Andhra Pradesh,Krishna,2002,Kharif,Jowar,1658.8,1328.4
Uttar Pradesh,Meerut,2002,Kharif,Tur,1685.0,1286.8
West Bengal,Bardhaman,2012,Rabi,Wheat,3198.4,12906.2
Andhra Pradesh,Nellore,2010,Rabi,Gram,1488.8,1480.0
Haryana,Rohtak,2013,Kharif,Tur,3612.4,2367.0
Andhra Pradesh,Nellore,2014,Rabi,Mustard,1601.8,2971.0
Bihar,Bhagalpur,2008,Rabi,Maize,2594.6,5037.8
Punjab,Ludhiana,2004,Rabi,Potato,1852.1,48697.1
West Bengal,Bardhaman,2008,Rabi,Gram,2662.5,3331.8
Bihar,Bhagalpur,2005,Rabi,Gram,2565.6,2297.3
Haryana,Hisar,2005,Whole Year,Sugarcane,251.0,16994.2
Tamil Nadu,Salem,2006,Rabi,Maize,1591.3,3511.9
Karnataka,Hassan,2008,Kharif,Onion,5211.2,93158.5
Karnataka,Mysore,2007,Rabi,Groundnut,1256.0,1218.5
Tamil Nadu,Salem,2012,Rabi,Wheat,982.8,3026.4
West Bengal,Hooghly,2010,Whole Year,Banana,3892.7,164827.2
Madhya Pradesh,Bhopal,2004,Kharif,Bajra,1270.4,1638.0
Andhra Pradesh,Guntur,2012,Rabi,Jowar,2326.0,3380.7
Karnataka,Mysore,2004,Whole Year,Potato,1273.3,25434.3
Andhra Pradesh,Guntur,2003,Kharif,Bajra,854.8,1241.1
Maharashtra,Nashik,2009,Kharif,Rice,4095.7,14697.8
Punjab,Ludhiana,2001,Kharif,Soyabean,3621.8,4854.7
Andhra Pradesh,Nellore,2012,Whole Year,Sugarcane,2076.6,152558.8
Maharashtra,Nagpur,2010,Whole Year,Banana,3566.5,138835.2
Karnataka,Hassan,2010,Rabi,Jowar,3965.5,3419.6
Punjab,Amritsar,2001,Rabi,Maize,3278.5,8205.3
Tamil Nadu,Salem,2004,Whole Year,Banana,1500.0,52525.5
West Bengal,Hooghly,2014,Whole Year,Rice,7952.5,23851.2
Uttar Pradesh,Meerut,2004,Kharif,Bajra,418.7,389.0
Bihar,Gaya,2010,Rabi,Wheat,808.0,2883.9
Uttar Pradesh,Kanpur,2013,Kharif,Jowar,1282.3,1489.3
Madhya Pradesh,Indore,2007,Whole Year,Sugarcane,3762.8,337915.4
Madhya Pradesh,Indore,2010,Rabi,Groundnut,1284.4,2458.8
West Bengal,Bardhaman,2002,Whole Year,Sugarcane,2339.2,164641.8
Uttar Pradesh,Kanpur,2009,Rabi,Potato,1999.3,38650.4
Karnataka,Hassan,2014,Rabi,Jowar,3624.9,4559.1
West Bengal,Nadia,2006,Kharif,Soyabean,1557.1,2462.7
Haryana,Rohtak,2011,Kharif,Groundnut,2573.3,3154.5
Maharashtra,Nashik,2002,Kharif,Cotton,1721.5,911.2
Uttar Pradesh,Kanpur,2002,Rabi,Potato,5567.2,133434.4
Karnataka,Hassan,2004,Kharif,Jowar,2945.7,2068.7
Maharashtra,Pune,2013,Whole Year,Sugarcane,6742.0,656796.8
West Bengal,Bardhaman,2002,Rabi,Potato,5365.0,136865.8
Andhra Pradesh,Nellore,2013,Kharif,Jowar,3436.5,4315.7
Karnataka,Hassan,2001,Kharif,Cotton,1357.7,434.0
West Bengal,Nadia,2007,Rabi,Potato,2789.8,72328.8
Tamil Nadu,Coimbatore,2014,Rabi,Onion,1314.6,
Bihar,Patna,2010,Rabi,Jowar,1642.6,1989.5
Maharashtra,Pune,2006,Whole Year,Sugarcane,3606.2,270496.1
Madhya Pradesh,Bhopal,2007,Kharif,Bajra,5022.1,6383.1
Tamil Nadu,Coimbatore,2009,Rabi,Jowar,3660.1,2847.7
Andhra Pradesh,Nellore,2005,Rabi,Gram,3033.6,2594.8
Punjab,Patiala,2008,Rabi,Gram,2232.0,2298.3
Andhra Pradesh,Guntur,2004,Rabi,Wheat,2384.8,10502.4
Punjab,Amritsar,2006,Kharif,Maize,1441.0,3616.5
Bihar,Bhagalpur,2005,Kharif,Cotton,4126.7,1511.6
Tamil Nadu,Thanjavur,2012,Rabi,Groundnut,7037.8,5966.1
West Bengal,Bardhaman,2002,Rabi,Gram,1440.6,1782.5
Bihar,Gaya,2005,Rabi,Wheat,1485.3,4327.9
Andhra Pradesh,Guntur,2004,Whole Year,Banana,1851.8,82285.2
Uttar Pradesh,Lucknow,2006,Kharif,Maize,2096.2,4525.4
Madhya Pradesh,Indore,2005,Kharif,Soyabean,3009.6,3503.0
Andhra Pradesh,Nellore,2014,Kharif,Onion,1228.4,23485.6
Maharashtra,Nagpur,2003,Whole Year,Rice,4189.2,12884.2
Bihar,Bhagalpur,2010,Rabi,Groundnut,7169.3,8823.5
Uttar Pradesh,Lucknow,2014,Whole Year,Banana,3604.8,113795.2
Karnataka,Mysore,2012,Rabi,Potato,5538.9,126441.8
Punjab,Patiala,2007,Kharif,Rice,4212.7,14194.8
Uttar Pradesh,Lucknow,2010,Kharif,Cotton,12551.5,6028.6
Uttar Pradesh,Kanpur,2014,Kharif,Onion,3811.2,47813.4
Karnataka,Mysore,2014,Kharif,Bajra,2582.2,4179.0
Karnataka,Hassan,2014,Rabi,Mustard,3856.3,5164.4
Punjab,Ludhiana,2007,Rabi,Mustard,760.9,1494.8
Bihar,Gaya,2003,Rabi,Mustard,2433.4,3867.2
Maharashtra,Pune,2007,Kharif,Rice,3274.8,10366.1
Uttar Pradesh,Meerut,2013,Rabi,Maize,4165.0,10931.3
Andhra Pradesh,Guntur,2009,Whole Year,Potato,2407.7,44543.4
Karnataka,Mysore,2006,Rabi,Maize,6085.0,12841.9
Punjab,Patiala,2001,Rabi,Onion,4018.9,
Uttar Pradesh,Lucknow,2002,Kharif,Maize,4578.2,14831.0
Maharashtra,Nagpur,2010,Whole Year,Potato,6022.9,151507.4
Tamil Nadu,Thanjavur,2012,Rabi,Jowar,2667.4,2362.8
West Bengal,Hooghly,2014,Kharif,Groundnut,2470.6,2637.3
Haryana,Rohtak,2007,Rabi,Groundnut,5157.8,4964.7
Karnataka,Hassan,2011,Kharif,Tur,5453.7,3411.5
Punjab,Patiala,2007,Kharif,Soyabean,2827.5,3561.0
Tamil Nadu,Coimbatore,2007,Kharif,Groundnut,4843.3,7746.4
Uttar Pradesh,Lucknow,2007,Rabi,Potato,1470.6,26059.3
Punjab,Ludhiana,2008,Rabi,Onion,5467.5,104438.6
Karnataka,Mysore,2010,Rabi,Jowar,941.5,993.9
Maharashtra,Nashik,2004,Rabi,Gram,3215.7,3583.9
West Bengal,Hooghly,2011,Whole Year,Potato,1795.2,39915.6
Haryana,Karnal,2006,Kharif,Maize,5371.9,14623.9
West Bengal,Nadia,2003,Kharif,Soyabean,2184.6,3047.7
West Bengal,Hooghly,2003,Kharif,Maize,1409.1,4045.2
Karnataka,Hassan,2008,Whole Year,Banana,4700.1,161079.2
Punjab,Ludhiana,2011,Kharif,Onion,3693.6,62883.9
Tamil Nadu,Coimbatore,2011,Rabi,Wheat,3300.6,7401.5
Madhya Pradesh,Bhopal,2004,Kharif,Cotton,2424.7,
Bihar,Gaya,2006,Rabi,Wheat,2889.2,8949.8
Uttar Pradesh,Kanpur,2013,Rabi,Onion,3328.2,65044.2
Bihar,Bhagalpur,2012,Rabi,Jowar,1364.5,1258.8
Karnataka,Mysore,2003,Whole Year,Rice,1785.8,5400.0
Uttar Pradesh,Kanpur,2014,Whole Year,Potato,4803.2,105752.7
Madhya Pradesh,Ujjain,2007,Kharif,Cotton,6511.6,3139.7
Madhya Pradesh,Ujjain,2007,Rabi,Onion,5968.3,105610.6
Bihar,Bhagalpur,2009,Rabi,Groundnut,1980.4,2295.9
Tamil Nadu,Coimbatore,2002,Kharif,Rice,1938.5,3394.8
Bihar,Bhagalpur,2004,Whole Year,Banana,2090.0,59771.0
Haryana,Karnal,2001,Kharif,Onion,2323.3,10843.6
Bihar,Bhagalpur,2001,Rabi,Maize,2354.0,3134.5
Madhya Pradesh,Indore,2006,Kharif,Soyabean,3020.2,3400.2
West Bengal,Bardhaman,2005,Whole Year,Potato,,76952.2
Maharashtra,Pune,2003,Kharif,Onion,1226.2,18926.7
Punjab,Patiala,2013,Whole Year,Banana,1184.6,58523.0
Andhra Pradesh,Nellore,2013,Rabi,Mustard,2528.8,4584.2
Karnataka,Mysore,2009,Rabi,Onion,6709.5,163008.7
Tamil Nadu,Coimbatore,2001,Kharif,Onion,2794.5,55919.5
Uttar Pradesh,Kanpur,2007,Kharif,Jowar,2330.8,1891.0
Tamil Nadu,Thanjavur,2014,Whole Year,Potato,2350.7,52371.8
Tamil Nadu,Coimbatore,2006,Rabi,Groundnut,1475.3,949.7
Haryana,Rohtak,2004,Kharif,Tur,11606.2,9264.3
Madhya Pradesh,Indore,2006,Rabi,Maize,2550.1,5828.6
Bihar,Gaya,2003,Rabi,Gram,2281.6,2239.4
Uttar Pradesh,Lucknow,2003,Rabi,Groundnut,2224.1,2279.5
Madhya Pradesh,Ujjain,2011,Rabi,Mustard,1642.0,2309.2
Tamil Nadu,Salem,2013,Whole Year,Rice,7580.6,18145.8
Tamil Nadu,Thanjavur,2001,Rabi,Wheat,1505.0,5110.6
Andhra Pradesh,Nellore,2007,Kharif,Jowar,1467.0,2067.6
Bihar,Bhagalpur,2002,Kharif,Cotton,3947.0,2303.2
Tamil Nadu,Salem,2003,Whole Year,Rice,2598.4,3870.2
Tamil Nadu,Thanjavur,2008,Whole Year,Potato,7050.8,165244.9
Maharashtra,Pune,2013,Kharif,Rice,3188.1,10737.8
Punjab,Patiala,2003,Rabi,Onion,5537.6,122506.8
Madhya Pradesh,Indore,2010,Rabi,Jowar,3629.1,3683.6
Bihar,Patna,2006,Kharif,Cotton,1050.0,717.7
Tamil Nadu,Salem,2006,Kharif,Rice,1001.8,2605.1
West Bengal,Hooghly,2009,Rabi,Onion,2327.2,33978.9
Madhya Pradesh,Indore,2013,Kharif,Soyabean,7507.9,8853.2
Bihar,Gaya,2001,Rabi,Wheat,1827.2,5565.0
Bihar,Gaya,2009,Rabi,Groundnut,3174.4,3571.8
Punjab,Patiala,2010,Kharif,Tur,6751.5,7777.8
Haryana,Rohtak,2009,Whole Year,Banana,338.3,14824.0
Bihar,Bhagalpur,2013,Whole Year,Banana,5759.1,177032.3
Madhya Pradesh,Bhopal,2001,Kharif,Onion,1477.2,25939.1
Karnataka,Belgaum,2002,Rabi,Mustard,1963.8,1678.5
West Bengal,Bardhaman,2012,Kharif,Bajra,3033.0,4148.0
Uttar Pradesh,Meerut,2003,Kharif,Rice,3579.5,8056.7
Bihar,Patna,2009,Kharif,Tur,1983.3,1535.7
Bihar,Gaya,2002,Kharif,Rice,483.4,1248.1
Maharashtra,Nashik,2013,Rabi,Maize,1694.5,5872.9
Tamil Nadu,Thanjavur,2014,Kharif,Rice,1895.8,5276.2
Bihar,Gaya,2007,Kharif,Soyabean,1712.5,1935.7
Maharashtra,Pune,2012,Kharif,Maize,2764.8,8834.4
Uttar Pradesh,Meerut,2004,Kharif,Tur,6340.4,5786.0
Uttar Pradesh,Kanpur,2012,Rabi,Gram,2467.2,1641.7
Bihar,Patna,2005,Rabi,Mustard,4452.1,6526.4
Andhra Pradesh,Nellore,2012,Rabi,Gram,1123.9,925.2
Andhra Pradesh,Nellore,2004,Whole Year,Potato,397.1,9538.9
Tamil Nadu,Coimbatore,2001,Rabi,Jowar,1650.4,1501.7
Bihar,Bhagalpur,2014,Kharif,Cotton,4452.4,2563.0
Madhya Pradesh,Ujjain,2012,Rabi,Maize,2787.2,8870.1
Madhya Pradesh,Bhopal,2003,Rabi,Maize,4737.8,14888.5
Karnataka,Belgaum,2003,Whole Year,Potato,458.4,8618.1
Karnataka,Hassan,2009,Rabi,Wheat,1800.9,5695.6
Uttar Pradesh,Kanpur,2008,Rabi,Groundnut,1499.5,1520.2
Karnataka,Belgaum,2007,Rabi,Onion,3448.4,42115.6
Karnataka,Belgaum,2008,Kharif,Soyabean,4250.6,4084.4
Andhra Pradesh,Guntur,2011,Rabi,Maize,3225.7,10354.6
Karnataka,Hassan,2008,Kharif,Soyabean,3469.9,3588.0
Tamil Nadu,Thanjavur,2011,Rabi,Wheat,3497.2,12340.3
Uttar Pradesh,Kanpur,2008,Kharif,Onion,2118.0,28754.0
Madhya Pradesh,Ujjain,2002,Kharif,Tur,1917.2,1611.2
Haryana,Hisar,2012,Rabi,Onion,1060.5,14541.1
Madhya Pradesh,Indore,2003,Rabi,Wheat,3396.0,13027.4
Karnataka,Hassan,2012,Kharif,Onion,2790.5,38292.1
Uttar Pradesh,Kanpur,2013,Rabi,Mustard,1465.9,2287.9
Uttar Pradesh,Lucknow,2004,Whole Year,Rice,1465.0,2703.0
Andhra Pradesh,Guntur,2014,Rabi,Jowar,1817.0,2667.1
West Bengal,Hooghly,2010,Whole Year,Rice,3881.0,10826.0
Madhya Pradesh,Bhopal,2007,Kharif,Tur,2929.3,2846.5
Punjab,Patiala,2004,Kharif,Cotton,1007.3,656.1
Karnataka,Mysore,2010,Kharif,Rice,1909.6,5802.9
Haryana,Karnal,2005,Rabi,Onion,874.6,10013.2
Uttar Pradesh,Meerut,2001,Rabi,Gram,4509.4,4763.0
Andhra Pradesh,Guntur,2014,Rabi,Groundnut,2788.4,3855.0
Madhya Pradesh,Ujjain,2006,Kharif,Maize,2303.9,4977.7
Punjab,Ludhiana,2013,Kharif,Onion,5625.4,111552.5
West Bengal,Nadia,2009,Kharif,Cotton,5444.7,1711.9
Haryana,Karnal,2009,Kharif,Onion,3544.3,50772.5
West Bengal,Nadia,2014,Kharif,Cotton,5133.8,3441.4
Punjab,Patiala,2014,Kharif,Rice,9574.0,36148.4
Haryana,Hisar,2007,Rabi,Mustard,5586.0,6800.7
Tamil Nadu,Salem,2010,Kharif,Jowar,1992.6,954.1
Karnataka,Belgaum,2002,Rabi,Potato,2333.7,38946.6
Bihar,Gaya,2012,Rabi,Groundnut,2182.9,3700.3
Madhya Pradesh,Bhopal,2009,Rabi,Potato,2922.3,84739.9
Uttar Pradesh,Kanpur,2003,Kharif,Cotton,2701.3,1324.1
Karnataka,Mysore,2001,Whole Year,Rice,4493.0,11879.6
Andhra Pradesh,Guntur,2014,Kharif,Bajra,1761.4,3416.7
Karnataka,Belgaum,2008,Rabi,Onion,2584.7,47276.4
Andhra Pradesh,Krishna,2014,Kharif,Onion,9741.8,198862.2
Haryana,Karnal,2004,Kharif,Jowar,4013.8,3015.3
Bihar,Bhagalpur,2012,Whole Year,Potato,2215.2,56773.8
Tamil Nadu,Coimbatore,2010,Rabi,Jowar,5970.1,4641.1
Maharashtra,Nagpur,2005,Kharif,Soyabean,1511.0,2114.0
West Bengal,Nadia,2007,Whole Year,Banana,7420.5,304830.7
Karnataka,Hassan,2011,Whole Year,Sugarcane,1026.2,54665.5
Madhya Pradesh,Bhopal,2009,Whole Year,Rice,2588.9,9643.7
Andhra Pradesh,Guntur,2005,Rabi,Groundnut,1233.3,2386.7
Punjab,Ludhiana,2010,Kharif,Onion,3263.0,76633.3
Andhra Pradesh,Nellore,2011,Kharif,Rice,1216.8,4005.7
Karnataka,Hassan,2006,Whole Year,Sugarcane,1699.0,116154.1
Andhra Pradesh,Krishna,2006,Kharif,Jowar,4276.9,4389.4
Maharashtra,Nashik,2011,Kharif,Soyabean,3677.0,5005.6
Tamil Nadu,Coimbatore,2006,Kharif,Cotton,1969.6,913.4
Andhra Pradesh,Guntur,2013,Rabi,Wheat,4085.7,15286.0
West Bengal,Nadia,2012,Kharif,Rice,4825.6,17498.5
West Bengal,Nadia,2007,Kharif,Bajra,6167.7,11085.8
Bihar,Bhagalpur,2014,Kharif,Jowar,1677.9,1733.3
Punjab,Amritsar,2014,Rabi,Jowar,892.9,1047.4
Bihar,Gaya,2005,Rabi,Gram,2570.2,3597.3
Madhya Pradesh,Ujjain,2012,Kharif,Onion,3385.1,62077.6
Uttar Pradesh,Meerut,2012,Rabi,Gram,3938.5,2924.8
Karnataka,Belgaum,2004,Whole Year,Potato,6853.7,141983.2
Maharashtra,Pune,2006,Rabi,Maize,2482.3,7033.9
Madhya Pradesh,Ujjain,2007,Kharif,Onion,3238.5,61525.2
Bihar,Patna,2002,Rabi,Onion,2023.0,32167.7
Karnataka,Belgaum,2007,Rabi,Wheat,2565.1,7859.6
Punjab,Ludhiana,2009,Kharif,Cotton,1577.5,1136.0
Tamil Nadu,Salem,2011,Rabi,Potato,1529.0,27248.8
Maharashtra,Pune,2005,Kharif,Cotton,1501.1,733.1
Madhya Pradesh,Ujjain,2013,Whole Year,Banana,2357.7,104779.5
Punjab,Patiala,2009,Kharif,Rice,,3571.1
Punjab,Amritsar,2008,Rabi,Jowar,4878.4,4726.0
Andhra Pradesh,Nellore,2009,Rabi,Groundnut,3558.8,4365.9
Madhya Pradesh,Bhopal,2001,Whole Year,Rice,1388.5,4247.5
Andhra Pradesh,Nellore,2005,Kharif,Bajra,2405.6,3562.1
West Bengal,Bardhaman,2004,Whole Year,Sugarcane,2001.8,202567.0
Madhya Pradesh,Bhopal,2001,Rabi,Maize,2362.6,8247.9
Haryana,Hisar,2013,Kharif,Tur,2786.2,2312.2
Haryana,Karnal,2013,Kharif,Onion,2187.7,29782.6
Punjab,Amritsar,2002,Kharif,Soyabean,4450.2,4509.7
Haryana,Hisar,2009,Rabi,Gram,5207.8,3234.6
Haryana,Rohtak,2002,Whole Year,Banana,1925.4,46680.0
Tamil Nadu,Salem,2010,Kharif,Maize,7872.2,14533.9
West Bengal,Nadia,2008,Whole Year,Potato,4941.5,133859.4
Tamil Nadu,Thanjavur,2011,Kharif,Cotton,6459.1,2579.8
Madhya Pradesh,Bhopal,2013,Rabi,Maize,2139.6,7871.4
Haryana,Hisar,2002,Kharif,Soyabean,2490.2,2258.7
Maharashtra,Pune,2004,Whole Year,Rice,2293.2,6498.2
West Bengal,Hooghly,2014,Kharif,Soyabean,3973.5,3898.0
Punjab,Ludhiana,2004,Whole Year,Potato,5334.1,101428.0
Bihar,Bhagalpur,2010,Whole Year,Rice,9037.5,22901.8
Madhya Pradesh,Indore,2011,Rabi,Gram,,1878.6
Uttar Pradesh,Meerut,2002,Kharif,Onion,3186.9,48940.9
Tamil Nadu,Salem,2011,Rabi,Jowar,2276.0,2245.0
Madhya Pradesh,Ujjain,2004,Rabi,Mustard,2144.7,2666.3
Karnataka,Belgaum,2012,Rabi,Groundnut,1138.1,672.2
Tamil Nadu,Thanjavur,2004,Whole Year,Banana,4508.7,93325.9
Haryana,Hisar,2014,Rabi,Gram,1260.9,946.3
Karnataka,Hassan,2004,Rabi,Maize,2620.5,5116.9
Tamil Nadu,Salem,2010,Kharif,Tur,2819.1,2456.5
Uttar Pradesh,Kanpur,2002,Rabi,Groundnut,940.6,1163.3
Uttar Pradesh,Lucknow,2010,Whole Year,Banana,3703.5,105270.9
Karnataka,Hassan,2003,Kharif,Soyabean,2787.6,2874.4
Andhra Pradesh,Nellore,2008,Kharif,Soyabean,2239.7,3113.5
Punjab,Ludhiana,2004,Kharif,Maize,1721.7,5018.7
West Bengal,Bardhaman,2011,Kharif,Cotton,3683.2,2270.0
Haryana,Karnal,2010,Rabi,Maize,1516.5,2594.8
Maharashtra,Nagpur,2009,Whole Year,Banana,718.4,33111.6
Uttar Pradesh,Meerut,2012,Kharif,Jowar,2456.2,1630.9
Bihar,Patna,2014,Kharif,Onion,2068.6,28978.6
Andhra Pradesh,Krishna,2010,Rabi,Onion,3873.4,64882.2
Uttar Pradesh,Meerut,2010,Rabi,Maize,1790.2,5239.3
Karnataka,Belgaum,2012,Kharif,Groundnut,4563.9,3381.8
Karnataka,Mysore,2013,Kharif,Maize,3019.0,7811.4
Maharashtra,Pune,2013,Rabi,Maize,4379.2,13717.0
Punjab,Amritsar,2004,Rabi,Wheat,4931.4,14890.8
Maharashtra,Pune,2004,Kharif,Cotton,1527.8,1055.9
Maharashtra,Nashik,2006,Whole Year,Potato,3558.9,68085.8
Punjab,Patiala,2014,Kharif,Groundnut,4207.1,8292.6
Maharashtra,Nagpur,2007,Rabi,Groundnut,2784.1,3650.9
Bihar,Patna,2004,Kharif,Bajra,4463.0,6567.8
Andhra Pradesh,Nellore,2011,Whole Year,Sugarcane,2646.9,238949.4
Karnataka,Mysore,2005,Kharif,Soyabean,2919.4,4159.9
Andhra Pradesh,Krishna,2005,Kharif,Soyabean,4037.1,4955.8
Punjab,Patiala,2009,Rabi,Potato,1345.1,30480.4
Tamil Nadu,Salem,2014,Rabi,Potato,1943.9,41148.3
Tamil Nadu,Coimbatore,2001,Kharif,Cotton,1176.9,473.0
Karnataka,Hassan,2011,Rabi,Gram,3697.5,1794.3
Uttar Pradesh,Meerut,2003,Kharif,Tur,1971.4,1253.2
Haryana,Rohtak,2011,Whole Year,Potato,3343.6,75428.0
Uttar Pradesh,Lucknow,2010,Rabi,Gram,1440.5,935.9
Madhya Pradesh,Indore,2006,Kharif,Maize,1492.9,5138.8
Karnataka,Mysore,2012,Rabi,Onion,5166.4,79430.3
Karnataka,Belgaum,2010,Kharif,Onion,3333.6,51543.2
Punjab,Ludhiana,2004,Rabi,Onion,795.1,15666.6
Uttar Pradesh,Lucknow,2008,Kharif,Maize,1988.9,5257.1
Haryana,Hisar,2005,Rabi,Groundnut,4492.1,5271.6
Karnataka,Belgaum,2004,Whole Year,Banana,1773.1,52717.9
Maharashtra,Pune,2004,Whole Year,Sugarcane,5695.8,433559.9
Maharashtra,Nagpur,2011,Whole Year,Banana,1491.3,49243.4
Haryana,Rohtak,2005,Rabi,Wheat,2865.5,10496.7
Punjab,Amritsar,2013,Kharif,Tur,666.0,606.4
Karnataka,Mysore,2007,Kharif,Bajra,3886.6,6066.4
Madhya Pradesh,Indore,2014,Rabi,Onion,8440.4,222785.3
Andhra Pradesh,Nellore,2014,Kharif,Jowar,5208.0,5674.9
West Bengal,Bardhaman,2001,Rabi,Onion,1768.0,
Tamil Nadu,Thanjavur,2006,Rabi,Jowar,1318.8,1750.5
West Bengal,Nadia,2010,Whole Year,Potato,1660.4,46124.2
Haryana,Rohtak,2009,Kharif,Bajra,1939.7,1795.2
Andhra Pradesh,Nellore,2009,Rabi,Mustard,934.1,1560.5
Madhya Pradesh,Bhopal,2006,Whole Year,Potato,2920.4,61898.5
Bihar,Patna,2010,Whole Year,Rice,1135.5,3715.4
Maharashtra,Nagpur,2006,Rabi,Groundnut,2269.5,3145.7
Bihar,Gaya,2012,Kharif,Bajra,2384.9,3972.7
Maharashtra,Nagpur,2006,Whole Year,Rice,3170.3,10175.1
Haryana,Karnal,2007,Rabi,Maize,1656.1,3057.1
Uttar Pradesh,Kanpur,2003,Whole Year,Potato,2940.5,64936.6
Punjab,Ludhiana,2005,Rabi,Gram,4780.0,3464.6
Karnataka,Mysore,2004,Rabi,Jowar,8560.1,11605.9
Karnataka,Hassan,2004,Rabi,Jowar,2657.8,2456.5
Tamil Nadu,Thanjavur,2008,Rabi,Potato,6796.6,164513.6
Andhra Pradesh,Krishna,2008,Rabi,Onion,5907.6,97726.2
Bihar,Gaya,2011,Kharif,Groundnut,2227.2,2132.2
West Bengal,Hooghly,2003,Whole Year,Banana,5402.2,272433.3
Bihar,Patna,2001,Whole Year,Sugarcane,1425.4,102998.1
Punjab,Amritsar,2005,Kharif,Tur,1670.0,1664.9
Andhra Pradesh,Nellore,2004,Whole Year,Rice,2496.1,7812.6
Bihar,Bhagalpur,2009,Kharif,Cotton,2709.4,1070.6
Karnataka,Hassan,2014,Kharif,Maize,6968.1,19687.0
Tamil Nadu,Salem,2007,Rabi,Wheat,1075.6,2571.1
Madhya Pradesh,Ujjain,2006,Rabi,Groundnut,7097.9,7632.2
Madhya Pradesh,Ujjain,2005,Rabi,Mustard,1213.0,1852.5
Bihar,Patna,2001,Kharif,Bajra,2959.9,3430.1
Haryana,Karnal,2004,Kharif,Onion,2263.7,28900.9
